<?xml version="1.0" encoding="utf-8"?>
<ModMetaData>
	<name>ED-EnhancedOptions</name>
	<targetVersion>0.19.2009</targetVersion>
	<author>Jaxxa</author>
	<url>https://ludeon.com/forums/index.php?topic=37158</url>
	<description>Version: 0.19.0.4
Discussion, Non Steam Downloads and GitHub Repositories of this mod is available at: https://ludeon.com/forums/index.php?topic=37158

Please Check the Mod Settings by going into the Options, Selecting "Mod Options" and then "ED-EnhancedOptions".
You will most likely not wish to use all options. These options require a game restart to take effect.

This mod adds various additional options to change the way Rimworld works. These options are as follows:
 - Stop Letters from being shown.
 - Allow Plants to Grow 24H a day, also has an option for SunLamps."
 - Prevents Traps from triggering on your Colonists and Friendly Factions.
 - Allows force attack commands to be given to turrets.
 - Hides the Small Power Connection Wires, Still show in Power overlay Mode.
 - Suppress random Breakdowns.
 - Allow Speed4 Without Dev Mode needing to be enabled, can be turned on by pressing '4'.
 - Stop Forced Time Slowdown (Combat).
 - Hide Marriage CaravanPacking and Party Spots.
 - Suppress Rain caused by Fire.
 - Suppressing Roof Collapse.
  -Ability to Suppress writing to the Log File.
 - Ability to modifying Learn Rate.
 - Set Daily XP Cap.
 - Stop Skill Degradation
 </description>
</ModMetaData> 