<?xml version="1.0" encoding="utf-8"?>
<Things>
	<ThingDef Name="BuildingBase" Abstract="True">
		<category>Building</category>
		<soundImpactDefault>BulletImpactMetal</soundImpactDefault>
		<selectable>true</selectable>
		<drawerType>MapMeshAndRealTime</drawerType>
		<terrainAffordanceNeeded>Light</terrainAffordanceNeeded>
		<repairEffect>Repair</repairEffect>
	</ThingDef>
	
	<ThingDef Class="Enhanced_Defence.Shields.ShieldThingDef" ParentName="BuildingBase" Name="ShieldBase" Abstract="True">
		<eType>Building_Turret</eType>
		<category>Building</category>
		<altitudeLayer>BuildingTall</altitudeLayer>
		<leaveResourcesWhenKilled>true</leaveResourcesWhenKilled>
		<blockLight>true</blockLight>
		<drawerType>MapMeshAndRealTime</drawerType>
		<overdraw>false</overdraw>
		<staticSunShadowHeight>1.0</staticSunShadowHeight>
		<fillPercent>1</fillPercent>
		<size>(1,1)</size>
		<rotatable>false</rotatable>
		<terrainAffordanceNeeded>Light</terrainAffordanceNeeded>
		<designationCategory>Security</designationCategory>
		<holdsRoof>false</holdsRoof>
		<specialDisplayRadius>8</specialDisplayRadius>
		<statBases>
			<MaxHealth>500</MaxHealth>
			<WorkToBuild>2000</WorkToBuild>
			<Flammability>1.0</Flammability>
			<Beauty>-2</Beauty>
		</statBases>
		<costList>
			<Metal>100</Metal>
			<Silver>500</Silver>
		</costList>
		<filthLeavings>
			<SlagRubble>2</SlagRubble>
		</filthLeavings>
		<passability>Impassable</passability>
		<combatTargetBuilding>true</combatTargetBuilding>
		<selectable>true</selectable>
		<tickerType>Normal</tickerType>
	</ThingDef>
	
	<ThingDef Class="Enhanced_Defence.Shields.ShieldThingDef" ParentName="ShieldBase">
		<defName>Building_ShieldStandard</defName>
		<label>Standard Shield</label>
		<description>Creates shield field to protect important infrastructure.</description>
		<thingClass>Enhanced_Defence.Shields.Building_Shield</thingClass>
		<researchPrerequisite>Building_ShieldStandard_research</researchPrerequisite>
		<graphicPathSingle>Things/ShieldBuilding_Blue</graphicPathSingle>
		<uiIconPath>Things/ShieldBuilding_Blue</uiIconPath>
		<comps>
			<li>
				<compClass>CompPowerTrader</compClass>
				<basePowerConsumption>1000</basePowerConsumption>
			</li>
		</comps>
	
		<shieldMaxShieldStrength>1000</shieldMaxShieldStrength>
		<shieldInitialShieldStrength>100</shieldInitialShieldStrength>
		<shieldShieldRadius>8</shieldShieldRadius>

		<shieldPowerRequiredLoading>-1000</shieldPowerRequiredLoading>
		<shieldPowerRequiredCharging>-2750</shieldPowerRequiredCharging>
		<shieldPowerRequiredSustaining>-1820</shieldPowerRequiredSustaining>
		
		<shieldBlockIndirect>true</shieldBlockIndirect>
		<shieldBlockDirect>true</shieldBlockDirect>
		<shieldFireSupression>true</shieldFireSupression>
		<shieldInterceptDropPod>false</shieldInterceptDropPod>
		
		<shieldStructuralIntegrityMode>false</shieldStructuralIntegrityMode>
		
		<shieldRechargeTickDelay>15</shieldRechargeTickDelay>
		<shieldRecoverWarmup>900</shieldRecoverWarmup>
		
		<colourRed>0.0</colourRed>
		<colourGreen>0.3764705882352941</colourGreen>
		<colourBlue>0.7294117647058823</colourBlue>
	</ThingDef>
	
	<ThingDef Class="Enhanced_Defence.Shields.ShieldThingDef" ParentName="ShieldBase">
		<defName>Building_ShieldSmall</defName>
		<label>Small shield</label>
		<description>Creates a smaller shield that allows people to stand on it.</description>
		<thingClass>Enhanced_Defence.Shields.Building_Shield</thingClass>
		<researchPrerequisite>Building_ShieldSmall_research</researchPrerequisite>
		<graphicPathSingle>Things/ShieldBuilding_Small_Blue</graphicPathSingle>
		<uiIconPath>Things/ShieldBuilding_Small_Blue</uiIconPath>
		<passability>Standable</passability>
		<costList>
			<Metal>100</Metal>
			<Silver>200</Silver>
		</costList>
		<comps>
			<li>
				<compClass>CompPowerTrader</compClass>
				<basePowerConsumption>1000</basePowerConsumption>
			</li>
		</comps>
		<specialDisplayRadius>2</specialDisplayRadius>
		
		<shieldMaxShieldStrength>500</shieldMaxShieldStrength>
		<shieldInitialShieldStrength>100</shieldInitialShieldStrength>
		<shieldShieldRadius>2</shieldShieldRadius>

		<shieldPowerRequiredLoading>-500</shieldPowerRequiredLoading>
		<shieldPowerRequiredCharging>-1500</shieldPowerRequiredCharging>
		<shieldPowerRequiredSustaining>-1000</shieldPowerRequiredSustaining>
		
		<shieldBlockIndirect>true</shieldBlockIndirect>
		<shieldBlockDirect>true</shieldBlockDirect>
		<shieldFireSupression>true</shieldFireSupression>
		<shieldInterceptDropPod>false</shieldInterceptDropPod>
		
		<shieldStructuralIntegrityMode>false</shieldStructuralIntegrityMode>
		
		<shieldRechargeTickDelay>15</shieldRechargeTickDelay>
		<shieldRecoverWarmup>900</shieldRecoverWarmup>
		
		<colourRed>0.0</colourRed>
		<colourGreen>0.3764705882352941</colourGreen>
		<colourBlue>0.7294117647058823</colourBlue>
	</ThingDef>
  
  	<ThingDef Class="Enhanced_Defence.Shields.ShieldThingDef" ParentName="ShieldBase">
		<defName>Building_Shield_Fortress</defName>
		<label>Fortress shield</label>
		<description>By refocusing the primary coil system into a vertical configuration the shields range can be extended, while lacking the flexability of the Fire Supression mode it does cover a large area and gain the ability to disrupt the avionic systems of DropPods, caulsing failure of their decent rockets and therefore a terminal velocity impact.</description>
		<thingClass>Enhanced_Defence.Shields.Building_Shield</thingClass>
		<researchPrerequisite>Building_ShieldFortress_research</researchPrerequisite>
		<graphicPathSingle>Things/ShieldBuilding_Green</graphicPathSingle>
		<uiIconPath>Things/ShieldBuilding_Green</uiIconPath>
		<comps>
			<li>
				<compClass>CompPowerTrader</compClass>
				<basePowerConsumption>1000</basePowerConsumption>
			</li>
		</comps>
		<specialDisplayRadius>20</specialDisplayRadius>
		
		<shieldMaxShieldStrength>2000</shieldMaxShieldStrength>
		<shieldInitialShieldStrength>100</shieldInitialShieldStrength>
		<shieldShieldRadius>20</shieldShieldRadius>

		<shieldPowerRequiredLoading>-1000</shieldPowerRequiredLoading>
		<shieldPowerRequiredCharging>-2750</shieldPowerRequiredCharging>
		<shieldPowerRequiredSustaining>-1820</shieldPowerRequiredSustaining>
		
		<shieldBlockIndirect>true</shieldBlockIndirect>
		<shieldBlockDirect>true</shieldBlockDirect>
		<shieldFireSupression>false</shieldFireSupression>
		<shieldInterceptDropPod>true</shieldInterceptDropPod>
		
		<shieldStructuralIntegrityMode>false</shieldStructuralIntegrityMode>
		
		<shieldRechargeTickDelay>15</shieldRechargeTickDelay>
		<shieldRecoverWarmup>900</shieldRecoverWarmup>
		
		<colourRed>0.0</colourRed>
		<colourGreen>1.0</colourGreen>
		<colourBlue>0.5</colourBlue>
	</ThingDef>

	<ThingDef Class="Enhanced_Defence.Shields.ShieldThingDef" ParentName="ShieldBase">
		<defName>Building_ShieldSIF</defName>
		<label>SIF shield</label>
		<description>Rather than creating a large circular shield this generator will create an small individual shield over each wall/door object.</description>
		<thingClass>Enhanced_Defence.Shields.Building_Shield</thingClass>
		<researchPrerequisite>Building_ShieldSIF_research</researchPrerequisite>
		<graphicPathSingle>Things/ShieldBuilding_Yellow</graphicPathSingle>
		<uiIconPath>Things/ShieldBuilding_Yellow</uiIconPath>
		<comps>
			<li>
				<compClass>CompPowerTrader</compClass>
				<basePowerConsumption>1000</basePowerConsumption>
			</li>
		</comps>	
		<shieldMaxShieldStrength>1000</shieldMaxShieldStrength>
		<shieldInitialShieldStrength>100</shieldInitialShieldStrength>
		<shieldShieldRadius>8</shieldShieldRadius>

		<shieldPowerRequiredLoading>-1000</shieldPowerRequiredLoading>
		<shieldPowerRequiredCharging>-2750</shieldPowerRequiredCharging>
		<shieldPowerRequiredSustaining>-1820</shieldPowerRequiredSustaining>
		
		<shieldBlockIndirect>false</shieldBlockIndirect>
		<shieldBlockDirect>true</shieldBlockDirect>
		<shieldFireSupression>true</shieldFireSupression>
		<shieldInterceptDropPod>false</shieldInterceptDropPod>
		
		<shieldStructuralIntegrityMode>true</shieldStructuralIntegrityMode>
		
		<shieldRechargeTickDelay>15</shieldRechargeTickDelay>
		<shieldRecoverWarmup>900</shieldRecoverWarmup>
		
		<colourRed>0.0</colourRed>
		<colourGreen>0.3764705882352941</colourGreen>
		<colourBlue>0.7294117647058823</colourBlue>
	</ThingDef>
		
</Things>