﻿<?xml version="1.0" encoding="utf-8" ?>
<ThingDefs>

  <ThingDef Name="BasePawn" Abstract="True">
	<thingClass>Enhanced_Development.PersonalShields.Animal.ShieldPawn</thingClass>
    <category>Pawn</category>
    <selectable>true</selectable>
    <tickerType>Normal</tickerType>
    <altitudeLayer>Pawn</altitudeLayer>
    <useHitPoints>false</useHitPoints>
    <hasTooltip>true</hasTooltip>
    <soundImpactDefault>BulletImpactFlesh</soundImpactDefault>
    <inspectorTabs>
      <li>ITab_Pawn_Health</li>
      <li>ITab_Pawn_Needs</li>
      <li>ITab_Pawn_Character</li>
      <li>ITab_Pawn_Training</li>
      <li>ITab_Pawn_Gear</li>
      <li>ITab_Pawn_Guest</li>
      <li>ITab_Pawn_Prisoner</li>
    </inspectorTabs>
    <comps>
      <li>
        <compClass>CompAttachBase</compClass>
      </li>
    </comps>
    <drawGUIOverlay>true</drawGUIOverlay>
  </ThingDef>
  
  <ThingDef ParentName="BasePawn" Name="BaseAnimal" Abstract="True">
    <statBases>
      <Flammability>1.0</Flammability>
      <LeatherAmount>20</LeatherAmount>
    </statBases>
    <race>
      <thinkTree>Animal</thinkTree>
      <minFoodPreferability>Plant</minFoodPreferability>
      <isFlesh>true</isFlesh>
      <hasGenders>true</hasGenders>
      <nameGenerator>NamerAnimalGeneric</nameGenerator>
      <manhunterOnDamageChance>0.0125</manhunterOnDamageChance>
      <nameOnNuzzleChance>0.5</nameOnNuzzleChance>
      <hediffGiverSets>
        <li>OrganicStandard</li>
      </hediffGiverSets>
    </race>
  </ThingDef>



  <!-- ====================================================== -->

  <ThingDef ParentName="BaseAnimal">
    <defName>Deer</defName>
    <label>deer</label>
    <description>A medium-sized herding herbivore. Generally peaceful unless disturbed.</description>
    <statBases>
      <MoveSpeed>4.84</MoveSpeed>
      <ComfyTemperatureMin>-30</ComfyTemperatureMin>
      <MarketValue>200</MarketValue>
    </statBases>
    <verbs>
      <li>
        <verbClass>Verb_MeleeAttack</verbClass>
        <defaultCooldownTicks>100</defaultCooldownTicks>
        <meleeDamageBaseAmount>7</meleeDamageBaseAmount>
        <meleeDamageDef>Blunt</meleeDamageDef>
        <linkedBodyPartsGroup>FrontLeftLeg</linkedBodyPartsGroup>
      </li>
      <li>
        <verbClass>Verb_MeleeAttack</verbClass>
        <defaultCooldownTicks>100</defaultCooldownTicks>
        <meleeDamageBaseAmount>7</meleeDamageBaseAmount>
        <meleeDamageDef>Blunt</meleeDamageDef>
        <linkedBodyPartsGroup>FrontRightLeg</linkedBodyPartsGroup>
      </li>
    </verbs>
    <race>
      <body>QuadrupedAnimalWithHooves</body>
      <herdAnimal>true</herdAnimal>
      <baseBodySize>0.9</baseBodySize>
      <baseHungerRate>0.45</baseHungerRate>
      <baseHealthScale>0.9</baseHealthScale>
      <diet>Herbivorous</diet>
      <leatherColor>(162,106,57)</leatherColor>
      <leatherLabel>deerhide</leatherLabel>
      <leatherInsulation>1.25</leatherInsulation>
      <meatLabel>venison</meatLabel>
      <wildness>0.75</wildness>
      <nuzzleChancePerHour>0.025</nuzzleChancePerHour>
      <gestationPeriodDays>45</gestationPeriodDays>
      <lifeExpectancy>15</lifeExpectancy>
      <lifeStageAges>
        <li>
          <def>AnimalBaby</def>
          <minAge>0</minAge>
        </li>
        <li>
          <def>AnimalJuvenile</def>
          <minAge>0.25</minAge>
        </li>
        <li>
          <def>AnimalAdult</def>
          <minAge>0.8</minAge>
          <soundWounded>Pawn_Deer_Wounded</soundWounded>
          <soundDeath>Pawn_Deer_Death</soundDeath>
          <soundCall>Pawn_Deer_Call</soundCall>
          <soundAngry>Pawn_Deer_Angry</soundAngry>
        </li>
      </lifeStageAges>
      <soundMeleeHitPawn>Pawn_Melee_BigBash_HitPawn</soundMeleeHitPawn>
      <soundMeleeHitBuilding>Pawn_Melee_BigBash_HitBuilding</soundMeleeHitBuilding>
      <soundMeleeMiss>Pawn_Melee_BigBash_Miss</soundMeleeMiss>
    </race>
  </ThingDef>




  <ThingDef ParentName="BaseAnimal">
    <defName>Squirrel</defName>
    <label>squirrel</label>
    <description>One of the many hardy, versatile rodent species that follows humankind everywhere it spreads.</description>
    <statBases>
      <MoveSpeed>6.00</MoveSpeed>
      <ComfyTemperatureMin>-30</ComfyTemperatureMin>
      <MarketValue>60</MarketValue>
    </statBases>
    <verbs>
      <li>
        <verbClass>Verb_MeleeAttack</verbClass>
        <defaultCooldownTicks>100</defaultCooldownTicks>
        <meleeDamageBaseAmount>4</meleeDamageBaseAmount>
        <meleeDamageDef>Scratch</meleeDamageDef>
        <linkedBodyPartsGroup>FrontLeftPaw</linkedBodyPartsGroup>
      </li>
      <li>
        <verbClass>Verb_MeleeAttack</verbClass>
        <defaultCooldownTicks>100</defaultCooldownTicks>
        <meleeDamageBaseAmount>4</meleeDamageBaseAmount>
        <meleeDamageDef>Scratch</meleeDamageDef>
        <linkedBodyPartsGroup>FrontRightPaw</linkedBodyPartsGroup>
      </li>
      <li>
        <verbClass>Verb_MeleeAttack</verbClass>
        <defaultCooldownTicks>100</defaultCooldownTicks>
        <meleeDamageBaseAmount>4</meleeDamageBaseAmount>
        <meleeDamageDef>Bite</meleeDamageDef>
        <linkedBodyPartsGroup>Teeth</linkedBodyPartsGroup>
      </li>
    </verbs>
    <race>
      <body>QuadrupedAnimalWithPawsAndTail</body>
      <baseBodySize>0.15</baseBodySize>
      <baseHungerRate>0.15</baseHungerRate>
      <baseHealthScale>0.25</baseHealthScale>
      <diet>Herbivorous</diet>
      <leatherColor>(140,85,36)</leatherColor>
      <leatherLabel>squirrelskin</leatherLabel>
      <leatherInsulation>1.1</leatherInsulation>
      <wildness>0.75</wildness>
      <nuzzleChancePerHour>0.04</nuzzleChancePerHour>
      <gestationPeriodDays>20</gestationPeriodDays>
      <litterSizeCurve>
        <points>
          <li>(0.5, 0)</li>
          <li>(1, 1)</li>
          <li>(5, 1)</li>
          <li>(6, 0)</li>
        </points>
      </litterSizeCurve>
      <lifeExpectancy>8</lifeExpectancy>
      <lifeStageAges>
        <li>
          <def>AnimalBaby</def>
          <minAge>0</minAge>
        </li>
        <li>
          <def>AnimalJuvenile</def>
          <minAge>0.07</minAge>
        </li>
        <li>
          <def>AnimalAdult</def>
          <minAge>0.22</minAge>
          <soundWounded>Pawn_Rodent_Wounded</soundWounded>
          <soundDeath>Pawn_Rodent_Death</soundDeath>
          <soundCall>Pawn_Rodent_Call</soundCall>
          <soundAngry>Pawn_Rodent_Angry</soundAngry>
        </li>
      </lifeStageAges>
      <soundMeleeHitPawn>Pawn_Melee_SmallScratch_HitPawn</soundMeleeHitPawn>
      <soundMeleeHitBuilding>Pawn_Melee_SmallScratch_HitBuilding</soundMeleeHitBuilding>
      <soundMeleeMiss>Pawn_Melee_SmallScratch_Miss</soundMeleeMiss>
    </race>
  </ThingDef>


  <ThingDef ParentName="BaseAnimal">
    <defName>Elk</defName>
    <label>elk</label>
    <description>A large member of the deer family, well-adapted to life in cold climates.</description>
    <statBases>
      <MoveSpeed>4.84</MoveSpeed>
      <ComfyTemperatureMin>-45</ComfyTemperatureMin>
      <MarketValue>550</MarketValue>
    </statBases>
    <comps>
      <li>
        <compClass>CompMilkable</compClass>
        <milkDef>Milk</milkDef>
        <milkIntervalDays>4</milkIntervalDays>
        <milkAmount>6</milkAmount>
      </li>
    </comps>
    <verbs>
      <li>
        <verbClass>Verb_MeleeAttack</verbClass>
        <defaultCooldownTicks>110</defaultCooldownTicks>
        <meleeDamageBaseAmount>12</meleeDamageBaseAmount>
        <meleeDamageDef>Blunt</meleeDamageDef>
        <linkedBodyPartsGroup>FrontLeftLeg</linkedBodyPartsGroup>
      </li>
      <li>
        <verbClass>Verb_MeleeAttack</verbClass>
        <defaultCooldownTicks>110</defaultCooldownTicks>
        <meleeDamageBaseAmount>12</meleeDamageBaseAmount>
        <meleeDamageDef>Blunt</meleeDamageDef>
        <linkedBodyPartsGroup>FrontRightLeg</linkedBodyPartsGroup>
      </li>
    </verbs>
    <race>
      <body>QuadrupedAnimalWithHooves</body>
      <herdAnimal>true</herdAnimal>
      <baseBodySize>1.9</baseBodySize>
      <baseHungerRate>0.95</baseHungerRate>
      <baseHealthScale>1.9</baseHealthScale>
      <diet>Herbivorous</diet>
      <leatherColor>(162,106,57)</leatherColor>
      <leatherLabel>elkhide</leatherLabel>
      <leatherInsulation>1.4</leatherInsulation>
      <meatLabel>venison</meatLabel>
      <wildness>0.75</wildness>
      <nuzzleChancePerHour>0.01</nuzzleChancePerHour>
      <gestationPeriodDays>50</gestationPeriodDays>
      <lifeExpectancy>18</lifeExpectancy>
      <lifeStageAges>
        <li>
          <def>AnimalBaby</def>
          <minAge>0</minAge>
        </li>
        <li>
          <def>AnimalJuvenile</def>
          <minAge>0.35</minAge>
        </li>
        <li>
          <def>AnimalAdult</def>
          <minAge>1</minAge>
          <soundWounded>Pawn_Elk_Wounded</soundWounded>
          <soundDeath>Pawn_Elk_Death</soundDeath>
          <soundCall>Pawn_Elk_Call</soundCall>
          <soundAngry>Pawn_Elk_Angry</soundAngry>
        </li>
      </lifeStageAges>
      <soundMeleeHitPawn>Pawn_Melee_BigBash_HitPawn</soundMeleeHitPawn>
      <soundMeleeHitBuilding>Pawn_Melee_BigBash_HitBuilding</soundMeleeHitBuilding>
      <soundMeleeMiss>Pawn_Melee_BigBash_Miss</soundMeleeMiss>
    </race>
  </ThingDef>

  <ThingDef ParentName="BaseAnimal">
    <defName>Alphabeaver</defName>
    <label>alphabeaver</label>
    <description>A large beaver derivative genetically engineered to harvest wood with machine-like efficiency. In the absence of specialized feed, these animals will enter a manic state that compels them to eat trees whole.</description>
    <statBases>
      <MoveSpeed>3.50</MoveSpeed>
      <ComfyTemperatureMin>-45</ComfyTemperatureMin>
      <MarketValue>250</MarketValue>
    </statBases>
    <verbs>
      <li>
        <verbClass>Verb_MeleeAttack</verbClass>
        <defaultCooldownTicks>100</defaultCooldownTicks>
        <meleeDamageBaseAmount>6</meleeDamageBaseAmount>
        <meleeDamageDef>Scratch</meleeDamageDef>
        <linkedBodyPartsGroup>FrontLeftPaw</linkedBodyPartsGroup>
      </li>
      <li>
        <verbClass>Verb_MeleeAttack</verbClass>
        <defaultCooldownTicks>100</defaultCooldownTicks>
        <meleeDamageBaseAmount>6</meleeDamageBaseAmount>
        <meleeDamageDef>Scratch</meleeDamageDef>
        <linkedBodyPartsGroup>FrontRightPaw</linkedBodyPartsGroup>
      </li>
      <li>
        <verbClass>Verb_MeleeAttack</verbClass>
        <defaultCooldownTicks>100</defaultCooldownTicks>
        <meleeDamageBaseAmount>7</meleeDamageBaseAmount>
        <meleeDamageDef>Bite</meleeDamageDef>
        <linkedBodyPartsGroup>Teeth</linkedBodyPartsGroup>
      </li>
    </verbs>
    <race>
      <body>QuadrupedAnimalWithPawsAndTail</body>
      <herdAnimal>true</herdAnimal>
      <baseBodySize>0.6</baseBodySize>
      <baseHungerRate>10.0</baseHungerRate>
      <baseHealthScale>0.7</baseHealthScale>
      <diet>Dendrovorous</diet>
      <leatherColor>(140,85,36)</leatherColor>
      <leatherLabel>beaverskin</leatherLabel>
      <leatherInsulation>1.15</leatherInsulation>
      <wildness>0.75</wildness>
      <nuzzleChancePerHour>0.01</nuzzleChancePerHour>
      <gestationPeriodDays>28</gestationPeriodDays>
      <litterSizeCurve>
        <points>
          <li>(0.5, 0)</li>
          <li>(1, 1)</li>
          <li>(3, 1)</li>
          <li>(3.5, 0)</li>
        </points>
      </litterSizeCurve>
      <lifeExpectancy>12</lifeExpectancy>
      <lifeStageAges>
        <li>
          <def>AnimalBaby</def>
          <minAge>0</minAge>
        </li>
        <li>
          <def>AnimalJuvenile</def>
          <minAge>0.17</minAge>
        </li>
        <li>
          <def>AnimalAdult</def>
          <minAge>0.4</minAge>
          <soundWounded>Pawn_Alphabeaver_Wounded</soundWounded>
          <soundDeath>Pawn_Alphabeaver_Death</soundDeath>
          <soundCall>Pawn_Alphabeaver_Call</soundCall>
          <soundAngry>Pawn_Alphabeaver_Angry</soundAngry>
        </li>
      </lifeStageAges>
      <soundMeleeHitPawn>Pawn_Melee_BigBash_HitPawn</soundMeleeHitPawn>
      <soundMeleeHitBuilding>Pawn_Melee_BigBash_HitBuilding</soundMeleeHitBuilding>
      <soundMeleeMiss>Pawn_Melee_BigBash_Miss</soundMeleeMiss>
    </race>
  </ThingDef>



  <ThingDef ParentName="BaseAnimal">
    <defName>WildBoar</defName>
    <label>wild boar</label>
    <description>Although considered impure by some cultures, this hairy ancestor of the domesticated pig is prized for the gamey flavor of its meat.</description>
    <statBases>
      <MoveSpeed>5.00</MoveSpeed>
      <ComfyTemperatureMin>-20</ComfyTemperatureMin>
      <MarketValue>170</MarketValue>
    </statBases>
    <verbs>
      <li>
        <verbClass>Verb_MeleeAttack</verbClass>
        <defaultCooldownTicks>100</defaultCooldownTicks>
        <meleeDamageBaseAmount>9</meleeDamageBaseAmount>
        <meleeDamageDef>Scratch</meleeDamageDef>
        <linkedBodyPartsGroup>TuskAttackTool</linkedBodyPartsGroup>
      </li>
    </verbs>
    <race>
      <body>QuadrupedAnimalWithHoovesAndTusks</body>
      <baseBodySize>0.7</baseBodySize>
      <baseHungerRate>0.35</baseHungerRate>
      <baseHealthScale>0.7</baseHealthScale>
      <diet>Omnivorous</diet>
      <leatherColor>(117,109,93)</leatherColor>
      <leatherLabel>boarskin</leatherLabel>
      <leatherMarketValue>5</leatherMarketValue>
      <leatherStatFactors>
        <MarketValue>1.5</MarketValue>
        <ArmorRating_Heat>4</ArmorRating_Heat>
      </leatherStatFactors>
      <wildness>0.50</wildness>
      <trainableIntelligence>Advanced</trainableIntelligence>
      <manhunterOnTameFailChance>0.005</manhunterOnTameFailChance>
      <nuzzleChancePerHour>0.03</nuzzleChancePerHour>
      <meatLabel>boarmeat</meatLabel>
      <gestationPeriodDays>26</gestationPeriodDays>
      <litterSizeCurve>
        <points>
          <li>(0.5, 0)</li>
          <li>(1, 1)</li>
          <li>(3, 1)</li>
          <li>(3.5, 0)</li>
        </points>
      </litterSizeCurve>
      <lifeExpectancy>12</lifeExpectancy>
      <lifeStageAges>
        <li>
          <def>AnimalBaby</def>
          <minAge>0</minAge>
        </li>
        <li>
          <def>AnimalJuvenile</def>
          <minAge>0.1</minAge>
        </li>
        <li>
          <def>AnimalAdult</def>
          <minAge>0.5</minAge>
          <soundWounded>Pawn_Wildboar_Wounded</soundWounded>
          <soundDeath>Pawn_Wildboar_Death</soundDeath>
          <soundCall>Pawn_Wildboar_Call</soundCall>
          <soundAngry>Pawn_Wildboar_Angry</soundAngry>
        </li>
      </lifeStageAges>
      <soundMeleeHitPawn>Pawn_Melee_SmallScratch_HitPawn</soundMeleeHitPawn>
      <soundMeleeHitBuilding>Pawn_Melee_SmallScratch_HitBuilding</soundMeleeHitBuilding>
      <soundMeleeMiss>Pawn_Melee_SmallScratch_Miss</soundMeleeMiss>
    </race>
  </ThingDef>

  <ThingDef ParentName="BaseAnimal">
    <defName>Boomrat</defName>
    <label>boomrat</label>
    <description>Either by deliberate genetic weaponization, or as an unusual defense mechanism, these rodent-like creatures create a powerful fire-starting explosion when killed.</description>
    <statBases>
      <MoveSpeed>5.5</MoveSpeed>
      <ComfyTemperatureMin>-30</ComfyTemperatureMin>
      <MarketValue>130</MarketValue>
    </statBases>
    <verbs>
      <li>
        <verbClass>Verb_MeleeAttack</verbClass>
        <defaultCooldownTicks>100</defaultCooldownTicks>
        <meleeDamageBaseAmount>6</meleeDamageBaseAmount>
        <meleeDamageDef>Scratch</meleeDamageDef>
        <linkedBodyPartsGroup>FrontLeftPaw</linkedBodyPartsGroup>
      </li>
      <li>
        <verbClass>Verb_MeleeAttack</verbClass>
        <defaultCooldownTicks>100</defaultCooldownTicks>
        <meleeDamageBaseAmount>6</meleeDamageBaseAmount>
        <meleeDamageDef>Scratch</meleeDamageDef>
        <linkedBodyPartsGroup>FrontRightPaw</linkedBodyPartsGroup>
      </li>
      <li>
        <verbClass>Verb_MeleeAttack</verbClass>
        <defaultCooldownTicks>100</defaultCooldownTicks>
        <meleeDamageBaseAmount>4</meleeDamageBaseAmount>
        <meleeDamageDef>Bite</meleeDamageDef>
        <linkedBodyPartsGroup>Teeth</linkedBodyPartsGroup>
      </li>
    </verbs>
    <race>
      <body>QuadrupedAnimalWithPaws</body>
      <deathActionWorkerClass>DeathActionWorker_SmallExplosion</deathActionWorkerClass>
      <baseBodySize>0.2</baseBodySize>
      <baseHungerRate>0.35</baseHungerRate>
      <baseHealthScale>0.4</baseHealthScale>
      <diet>Omnivorous</diet>
      <leatherColor>(115,37,28)</leatherColor>
      <leatherInsulation>1.15</leatherInsulation>
      <executionRange>4</executionRange>
      <wildness>0.75</wildness>
      <nuzzleChancePerHour>0.02</nuzzleChancePerHour>
      <gestationPeriodDays>25</gestationPeriodDays>
      <litterSizeCurve>
        <points>
          <li>(0.5, 0)</li>
          <li>(1, 1)</li>
          <li>(5, 1)</li>
          <li>(5.5, 0)</li>
        </points>
      </litterSizeCurve>
      <lifeExpectancy>8</lifeExpectancy>
      <lifeStageAges>
        <li>
          <def>AnimalBaby</def>
          <minAge>0</minAge>
        </li>
        <li>
          <def>AnimalJuvenile</def>
          <minAge>0.07</minAge>
        </li>
        <li>
          <def>AnimalAdult</def>
          <minAge>0.3</minAge>
          <soundWounded>Pawn_Boomrat_Wounded</soundWounded>
          <soundDeath>Pawn_Boomrat_Death</soundDeath>
          <soundCall>Pawn_Boomrat_Call</soundCall>
          <soundAngry>Pawn_Boomrat_Angry</soundAngry>
        </li>
      </lifeStageAges>
      <soundMeleeHitPawn>Pawn_Melee_SmallScratch_HitPawn</soundMeleeHitPawn>
      <soundMeleeHitBuilding>Pawn_Melee_SmallScratch_HitBuilding</soundMeleeHitBuilding>
      <soundMeleeMiss>Pawn_Melee_SmallScratch_Miss</soundMeleeMiss>
    </race>
  </ThingDef>

  <ThingDef ParentName="BaseAnimal">
    <defName>Hare</defName>
    <label>hare</label>
    <description>This small, solitary herbivore can swiftly hop away from danger.</description>
    <statBases>
      <MoveSpeed>5.5</MoveSpeed>
      <ComfyTemperatureMin>-30</ComfyTemperatureMin>
      <MarketValue>40</MarketValue>
    </statBases>
    <verbs>
      <li>
        <verbClass>Verb_MeleeAttack</verbClass>
        <defaultCooldownTicks>100</defaultCooldownTicks>
        <meleeDamageBaseAmount>3</meleeDamageBaseAmount>
        <meleeDamageDef>Bite</meleeDamageDef>
        <linkedBodyPartsGroup>Teeth</linkedBodyPartsGroup>
      </li>
    </verbs>
    <race>
      <body>QuadrupedAnimalWithPawsAndTail</body>
      <baseBodySize>0.2</baseBodySize>
      <baseHungerRate>0.23</baseHungerRate>
      <baseHealthScale>0.4</baseHealthScale>
      <diet>Herbivorous</diet>
      <leatherColor>(131,128,108)</leatherColor>
      <leatherInsulation>1.2</leatherInsulation>
      <wildness>0.75</wildness>
      <nuzzleChancePerHour>0.07</nuzzleChancePerHour>
      <nuzzlePower>1.5</nuzzlePower>
      <gestationPeriodDays>17</gestationPeriodDays>
      <litterSizeCurve>
        <points>
          <li>(2.5, 0)</li>
          <li>(3, 1)</li>
          <li>(4, 1)</li>
          <li>(4.5, 0)</li>
        </points>
      </litterSizeCurve>
      <lifeExpectancy>8</lifeExpectancy>
      <lifeStageAges>
        <li>
          <def>AnimalBaby</def>
          <minAge>0</minAge>
        </li>
        <li>
          <def>AnimalJuvenile</def>
          <minAge>0.1</minAge>
        </li>
        <li>
          <def>AnimalAdult</def>
          <minAge>0.3</minAge>
          <soundWounded>Pawn_Hare_Wounded</soundWounded>
          <soundDeath>Pawn_Hare_Death</soundDeath>
          <soundCall>Pawn_Hare_Call</soundCall>
          <soundAngry>Pawn_Hare_Angry</soundAngry>
        </li>
      </lifeStageAges>
      <soundMeleeHitPawn>Pawn_Melee_SmallScratch_HitPawn</soundMeleeHitPawn>
      <soundMeleeHitBuilding>Pawn_Melee_SmallScratch_HitBuilding</soundMeleeHitBuilding>
      <soundMeleeMiss>Pawn_Melee_SmallScratch_Miss</soundMeleeMiss>
    </race>
  </ThingDef>

  <ThingDef ParentName="BaseAnimal">
    <defName>Tortoise</defName>
    <label>tortoise</label>
    <description>This heavily armored land-dwelling reptile is known for its slow moving speed and surprisingly vicious bite.</description>
    <statBases>
      <MoveSpeed>1.0</MoveSpeed>
      <ArmorRating_Blunt>0.3</ArmorRating_Blunt>
      <ArmorRating_Sharp>0.5</ArmorRating_Sharp>
      <ComfyTemperatureMin>0</ComfyTemperatureMin>
      <MarketValue>200</MarketValue>
    </statBases>
    <verbs>
      <li>
        <verbClass>Verb_MeleeAttack</verbClass>
        <defaultCooldownTicks>130</defaultCooldownTicks>
        <meleeDamageBaseAmount>10</meleeDamageBaseAmount>
        <meleeDamageDef>Bite</meleeDamageDef>
        <linkedBodyPartsGroup>TurtleBeakAttackTool</linkedBodyPartsGroup>
      </li>
    </verbs>
    <comps>
      <li>
        <compClass>CompEggLayer</compClass>
        <eggFertilizedDef>EggTortoiseFertilized</eggFertilizedDef>
        <eggFertilizationCountMax>1</eggFertilizationCountMax>
        <eggLayIntervalDays>40</eggLayIntervalDays>
        <eggProgressUnfertilizedMax>0.5</eggProgressUnfertilizedMax>
        <eggCountRange>
          <min>5</min>
          <max>10</max>
        </eggCountRange>
      </li>
    </comps>
    <race>
      <body>TurtleLike</body>
      <baseBodySize>0.5</baseBodySize>
      <baseHungerRate>0.3</baseHungerRate>
      <baseHealthScale>0.6</baseHealthScale>
      <diet>Omnivorous</diet>
      <leatherInsulation>0.75</leatherInsulation>
      <wildness>0.75</wildness>
      <nuzzleChancePerHour>0.001</nuzzleChancePerHour>
      <gestationPeriodDays>45</gestationPeriodDays>
      <litterSizeCurve>
        <points>
          <li>(0.5, 0)</li>
          <li>(1, 1)</li>
          <li>(3, 1)</li>
          <li>(3.5, 0)</li>
        </points>
      </litterSizeCurve>
      <lifeExpectancy>180</lifeExpectancy>
      <lifeStageAges>
        <li>
          <def>AnimalBaby</def>
          <minAge>0</minAge>
        </li>
        <li>
          <def>AnimalJuvenile</def>
          <minAge>0.25</minAge>
        </li>
        <li>
          <def>AnimalAdult</def>
          <minAge>0.8</minAge>
          <soundWounded>Pawn_Tortoise_Wounded</soundWounded>
          <soundDeath>Pawn_Tortoise_Death</soundDeath>
          <soundCall>Pawn_Tortoise_Call</soundCall>
          <soundAngry>Pawn_Tortoise_Angry</soundAngry>
        </li>
      </lifeStageAges>
      <soundMeleeHitPawn>Pawn_Melee_SmallScratch_HitPawn</soundMeleeHitPawn>
      <soundMeleeHitBuilding>Pawn_Melee_SmallScratch_HitBuilding</soundMeleeHitBuilding>
      <soundMeleeMiss>Pawn_Melee_SmallScratch_Miss</soundMeleeMiss>
    </race>
  </ThingDef>

  
  <ThingDef ParentName="BaseAnimal">
    <defName>Thrumbo</defName>
    <label>thrumbo</label>
    <description>A gigantic creature of unknown origin. The thrumbo is gentle by nature, but extremely dangerous when enraged. Its long fur is exceptionally beautiful and valuable, and its razor-sharp horn is very valuable in most markets. Legends say that an old thrumbo is the wisest creature in the universe - it simply chooses not to speak.</description>
    <statBases>
      <MoveSpeed>5.25</MoveSpeed>
      <ComfyTemperatureMin>-65</ComfyTemperatureMin>
      <MarketValue>4400</MarketValue>
    </statBases>
    <verbs>
      <li>
        <verbClass>Verb_MeleeAttack</verbClass>
        <defaultCooldownTicks>110</defaultCooldownTicks>
        <meleeDamageBaseAmount>22</meleeDamageBaseAmount>
        <meleeDamageDef>Scratch</meleeDamageDef>
        <linkedBodyPartsGroup>HornAttackTool</linkedBodyPartsGroup>
      </li>
    </verbs>
    <race>
      <body>QuadrupedAnimalWithHoovesAndHorn</body>
      <deathActionWorkerClass>DeathActionWorker_DropBodyParts</deathActionWorkerClass>
      <herdAnimal>true</herdAnimal>
      <baseBodySize>3.5</baseBodySize>
      <baseHungerRate>4.5</baseHungerRate>
      <baseHealthScale>13.0</baseHealthScale>
      <diet>HerbivorousAndDendrovorous</diet>
      <leatherColor>(233,233,233)</leatherColor>
      <leatherInsulation>2.00</leatherInsulation>
      <leatherCommonalityFactor>0.1</leatherCommonalityFactor>
      <leatherMarketValue>60</leatherMarketValue>
      <leatherLabel>thrumbofur</leatherLabel>
      <leatherStatFactors>
        <ArmorRating_Blunt>3.5</ArmorRating_Blunt>
        <ArmorRating_Sharp>3.0</ArmorRating_Sharp>
        <ArmorRating_Heat>3.2</ArmorRating_Heat>
      </leatherStatFactors>
      <trainableIntelligence>Advanced</trainableIntelligence>
      <gestationPeriodDays>300</gestationPeriodDays>
      <manhunterOnDamageChance>1</manhunterOnDamageChance>
      <manhunterOnTameFailChance>0.012</manhunterOnTameFailChance>
      <wildness>0.985</wildness>
      <nuzzleChancePerHour>0.005</nuzzleChancePerHour>
      <lifeExpectancy>220</lifeExpectancy>
      <lifeStageAges>
        <li>
          <def>AnimalBaby</def>
          <minAge>0</minAge>
        </li>
        <li>
          <def>AnimalJuvenile</def>
          <minAge>6.0</minAge>
        </li>
        <li>
          <def>AnimalAdult</def>
          <minAge>25.0</minAge>
          <soundCall>Pawn_Thrumbo_Call</soundCall>
          <soundAngry>Pawn_Thrumbo_Angry</soundAngry>
          <soundWounded>Pawn_Thrumbo_Pain</soundWounded>
          <soundDeath>Pawn_Thrumbo_Death</soundDeath>
        </li>
      </lifeStageAges>
      <soundMeleeHitPawn>Pawn_Melee_BigBash_HitPawn</soundMeleeHitPawn>
      <soundMeleeHitBuilding>Pawn_Melee_BigBash_HitBuilding</soundMeleeHitBuilding>
      <soundMeleeMiss>Pawn_Melee_BigBash_Miss</soundMeleeMiss>
    </race>
  </ThingDef>

  
</ThingDefs>