<?xml version="1.0" encoding="utf-8" ?>
<ResearchProjectDefs>

<ResearchProjectDef>
    <defName>MilitaryTurret</defName>
    <label>military grade turrets</label>
    <description>Allows you to build a more advanced military grade turrets, along with the all new gun complex for your colony defense.</description>
    <baseCost>2800</baseCost>
    <techLevel>Industrial</techLevel>
  </ResearchProjectDef>

<ResearchProjectDef>
    <defName>ShredderTurret</defName>
    <label>shredder and precision turrets</label>
    <description>Allows you to build deadly close range guns called shredders, along with more small and fragile long range precision turrets.</description>
    <baseCost>3600</baseCost>
    <techLevel>Industrial</techLevel>
    <prerequisites>
      <li>MilitaryTurret</li>
    </prerequisites>
  </ResearchProjectDef>

<ResearchProjectDef>
    <defName>VulcanCannon</defName>
    <label>vulcan cannon</label>
    <description>Gives you the ability to build Vulcan cannons.</description>
    <baseCost>5600</baseCost>
    <techLevel>Industrial</techLevel>
    <prerequisites>
      <li>ShredderTurret</li>
    </prerequisites>
  </ResearchProjectDef>

<ResearchProjectDef>
    <defName>DevastatorMortar</defName>
    <label>devastator mortar</label>
    <description>Allows you to build Devastator mortars.</description>
    <baseCost>10000</baseCost>
    <techLevel>Industrial</techLevel>
    <prerequisites>
      <li>Mortars</li>
      <li>VulcanCannon</li>
    </prerequisites>
  </ResearchProjectDef>




</ResearchProjectDefs>