<?xml version="1.0" encoding="utf-8" ?>
<ThingDefs>

  <ThingDef Name="BuildingBase" Abstract="True">
    <category>Building</category>
    <soundImpactDefault>BulletImpactMetal</soundImpactDefault>
    <selectable>true</selectable>
    <drawerType>MapMeshAndRealTime</drawerType>
    <terrainAffordanceNeeded>Light</terrainAffordanceNeeded>
    <repairEffect>Repair</repairEffect>
    <leaveResourcesWhenKilled>true</leaveResourcesWhenKilled>
    <filthLeaving>BuildingRubble</filthLeaving>
  </ThingDef>
  
   <ThingDef Class="Enhanced_Defence.Stargate.StargateThingDef" ParentName="BuildingBase">
    <defName>Stargate</defName>
    <eType>BuildingComplex</eType>
    <label>Stargate</label>
    <thingClass>Enhanced_Defence.Stargate.Building_Stargate</thingClass>
    <graphicPath>Things/Buildings/Stargate</graphicPath>
    <graphicClass>Graphic_Single</graphicClass>
    <altitudeLayer>BuildingTall</altitudeLayer>
    <passability>Impassable</passability>
    <castEdgeShadows>true</castEdgeShadows>
    <fillPercent>1</fillPercent>
    <specialDisplayRadius>3</specialDisplayRadius>
    <tickerType>Rare</tickerType>
	<FileLocationPrimary>Stargate.xml</FileLocationPrimary>
	<FileLocationSecondary>StargateBackup.xml.bak</FileLocationSecondary>
    <statBases>
      <WorkToMake>20000</WorkToMake>
      <MaxHealth>1000000</MaxHealth>
      <Flammability>0.0</Flammability>
    </statBases>
    <description>Stargate</description>
	<researchPrerequisite>
      <li>Building_Stargate_research</li>
    </researchPrerequisite>
    <building>
      <wantsHopperAdjacent>true</wantsHopperAdjacent>
    </building>
    <comps>
      <li>
        <compClass>CompPowerTrader</compClass>
        <startElectricalFires>false</startElectricalFires>
        <basePowerConsumption>1000</basePowerConsumption>
      </li>
    </comps>
    <size>(3,3)</size>
    <costList>
      <Steel>2000</Steel>
	  <Uranium>500</Uranium>
    </costList>
    <graphicOverdraw>false</graphicOverdraw>
    <interactionSquareOffset>(0,0,0)</interactionSquareOffset>
    <hasInteractionCell>false</hasInteractionCell>
    <terrainAffordanceNeeded>Heavy</terrainAffordanceNeeded>
    <designationCategory>Misc</designationCategory>
    <staticSunShadowHeight>0.75</staticSunShadowHeight>
  </ThingDef>
  
   <ThingDef ParentName="BuildingBase">
    <defName>OffWorldStargate</defName>
    <eType>BuildingComplex</eType>
    <label>Off World Stargate</label>
    <thingClass>Enhanced_Defence.Stargate.Building_OffWorldStargate</thingClass>
    <graphicPath>Things/Buildings/Stargate</graphicPath>
    <graphicClass>Graphic_Single</graphicClass>
    <altitudeLayer>BuildingTall</altitudeLayer>
    <passability>Impassable</passability>
    <castEdgeShadows>true</castEdgeShadows>
    <fillPercent>1</fillPercent>
    <specialDisplayRadius>5</specialDisplayRadius>
    <tickerType>Rare</tickerType>
    <uiIconPath>UI/nuke</uiIconPath>
    <statBases>
      <WorkToMake>0</WorkToMake>
      <MaxHealth>350</MaxHealth>
      <Flammability>1.0</Flammability>
    </statBases>
    <description>WARNING: Activating this Gate will remove all Colonists from the Map, but will create a gate for other teams to arrive from.</description>
    <building>
      <wantsHopperAdjacent>true</wantsHopperAdjacent>
    </building>
    <comps>
    </comps>
    <size>(3,3)</size>
    <costList>
    </costList>
    <graphicOverdraw>false</graphicOverdraw>
    <interactionSquareOffset>(0,0,0)</interactionSquareOffset>
    <hasInteractionCell>false</hasInteractionCell>
    <terrainAffordanceNeeded>Heavy</terrainAffordanceNeeded>
    <designationCategory>Misc</designationCategory>
    <staticSunShadowHeight>0.75</staticSunShadowHeight>
  </ThingDef>

</ThingDefs>