﻿<?xml version="1.0" encoding="utf-8" ?>
<RecipeDefs>

	<RecipeDef>
		<defName>MakeMedicine</defName>
		<label>Refine herbal medicine into medicine</label>
		<description>Refines herbal medicine into medicine.</description>
		<jobString>Refining herbal medicine into medicine</jobString>
		<workAmount>1200</workAmount>
		<workSpeedStat>MedSpeed</workSpeedStat>
		<efficiencyStat>MedEfficiency</efficiencyStat>
		<effectWorking>Surgery</effectWorking>
    <soundWorking>Recipe_Surgery</soundWorking>
    <ingredients>
			<li>
				<filter>
					<thingDefs>
						<li>HerbalMedicine</li>
					</thingDefs>
				</filter>
				<count>75</count>
			</li>
		</ingredients>
    <products>
        <Medicine>3</Medicine>
    </products>
		<fixedIngredientFilter>
      <thingDefs>
        <li>HerbalMedicine</li>
      </thingDefs>
		</fixedIngredientFilter>
		<skillGains>
      <Crafting>140</Crafting>
      <Medicine>20</Medicine>
		</skillGains>
	</RecipeDef>





</RecipeDefs>