﻿<?xml version="1.0" encoding="utf-8" ?>
<Defs>

	<ThingDef Name="BuildingBase" Abstract="True">
		<category>Building</category>
		<soundImpactDefault>BulletImpactMetal</soundImpactDefault>
		<selectable>true</selectable>
		<drawerType>MapMeshAndRealTime</drawerType>
		<terrainAffordanceNeeded>Light</terrainAffordanceNeeded>
		<repairEffect>Repair</repairEffect>
		<leaveResourcesWhenKilled>true</leaveResourcesWhenKilled>
		<filthLeaving>BuildingRubble</filthLeaving>
	</ThingDef>

	<ThingDef ParentName="BuildingBase">
		<defName>Cooler</defName>
		<label>cooler</label>
		<thingClass>Enhanced_Defence.Temperature.Building_ReverseCycleCooler</thingClass>
		<graphicData>
			<texPath>Things/Building/Misc/TempControl/Cooler</texPath>
			<graphicClass>Graphic_Multi</graphicClass>
			<drawSize>(1,1)</drawSize>
		</graphicData>
		<altitudeLayer>BuildingTall</altitudeLayer>
		<passability>Impassable</passability>
		<castEdgeShadows>true</castEdgeShadows>
		<fillPercent>1</fillPercent>
		<statBases>
			<WorkToMake>1600</WorkToMake>
			<MaxHitPoints>100</MaxHitPoints>
			<Flammability>1.0</Flammability>
		</statBases>
		<tickerType>Rare</tickerType>
		<description>An electrical device that fits into a wall and pushes cold air into a room. Its exhaust port generates a lot of heat. Can be used to cool down rooms during the summer months, or to create a walk-in freezer. </description>
		<size>(1,1)</size>
		<costList>
			<Steel>90</Steel>
		</costList>
		<terrainAffordanceNeeded>Heavy</terrainAffordanceNeeded>
		<placeWorkers>
			<li>PlaceWorker_Cooler</li>
		</placeWorkers>
		<drawPlaceWorkersWhileSelected>true</drawPlaceWorkersWhileSelected>
		<building>
			<canPlaceOverWall>true</canPlaceOverWall>
		</building>
		<comps>
			<li>
				<compClass>CompPowerTrader</compClass>
				<soundPowerOn>PowerOnSmall</soundPowerOn>
				<soundPowerOff>PowerOffSmall</soundPowerOff>
				<basePowerConsumption>200</basePowerConsumption>
			</li>
			<li>
				<compClass>CompTempControl</compClass>
				<energyPerSecond>-21</energyPerSecond>
			</li>
		</comps>
		<designationCategory>Temperature</designationCategory>
	</ThingDef>


</Defs>