﻿<?xml version="1.0" encoding="utf-8"?>
<ModMetaData>
  <name>Cannons and Turrets</name>
  <author>Jaxxa and PunisheR007</author>
  <url>http://ludeon.com/forums/index.php?topic=5183.0</url>
  <targetVersion>Alpha 6</targetVersion>
  <description>Version:0.02 -> based on 3.81
  
A modified version of PunisheR007 mod that requires that the larger Cannons keep using Ammunition to fire.
  
  Version 0.2 - Based on Version 3.81of the original mod http://ludeon.com/forums/index.php?topic=3878.0 and Version 0.04 of My Turret Ammo Mod
  
 Artillery, howitzer and flak cannons, and a multiple rocket launcher. Howitzer fires shells straight and
  the artillery, flak and mrl over walls, mountains and rock. These will all require Ammunition. 
 
 Plus Kilroys killer turrets pack.
 
 and more.</description>
</ModMetaData>