﻿<?xml version="1.0" encoding="utf-8" ?>
<ThingDefs>

  <ThingDef Name="BuildingBase" Abstract="True">
    <category>Building</category>
    <soundImpactDefault>BulletImpactMetal</soundImpactDefault>
    <selectable>true</selectable>
    <drawerType>MapMeshAndRealTime</drawerType>
    <terrainAffordanceNeeded>Light</terrainAffordanceNeeded>
    <repairEffect>Repair</repairEffect>
    <leaveResourcesWhenKilled>true</leaveResourcesWhenKilled>
    <filthLeaving>BuildingRubble</filthLeaving>
  </ThingDef>
  
  <ThingDef ParentName="BuildingBase" Name="WallBase" Abstract="True">
    <defName>Wall</defName>
    <eType>Wall</eType>
    <label>wall</label>
    <thingClass>Building</thingClass>
    <category>Building</category>
    <description>An impassable wall. Capable of holding up a roof.</description>
    <!--<graphicPathFolderAppearances>Things/Building/Linked/Wall</graphicPathFolderAppearances>-->
    <uiIconPath>Things/Building/Linked/WallSmooth_MenuIcon</uiIconPath>
    <blueprintgraphicPath>Things/Building/Linked/Wall_Blueprint_Atlas</blueprintgraphicPath>
    <graphicPath>Things/Building/Embrasure</graphicPath>
    <graphicClass>Graphic_Single</graphicClass>
    <statBases>
      <MaxHealth>225</MaxHealth>
      <WorkToMake>100</WorkToMake>
      <Flammability>1.0</Flammability>
    </statBases>
    <costStuffCount>6</costStuffCount>
    <stuffCategories>
      <li>Metallic</li>
      <li>Woody</li>
      <li>Stony</li>
    </stuffCategories>
    <altitudeLayer>BuildingTall</altitudeLayer>
    <passability>Impassable</passability>
    <castEdgeShadows>true</castEdgeShadows>
    <fillPercent>1</fillPercent>
    <coversFloor>true</coversFloor>
    <placingDraggableDimensions>1</placingDraggableDimensions>
    <tickerType>Never</tickerType>
    <rotatable>false</rotatable>
    <selectable>true</selectable>
    <neverMultiSelect>true</neverMultiSelect>
    <terrainAffordanceNeeded>Heavy</terrainAffordanceNeeded>
    <holdsRoof>true</holdsRoof>
    <designationCategory>Structure</designationCategory>
    <staticSunShadowHeight>1.0</staticSunShadowHeight>
    <blockLight>true</blockLight>
    <building>
      <ignoreNeedsPower>true</ignoreNeedsPower>
    </building>
    <damageMultipliers>
      <li>
        <damageDef>Bomb</damageDef>
        <multiplier>3</multiplier>
      </li>
    </damageMultipliers>
    <linkDrawerType>CornerFiller</linkDrawerType>
    <linkFlags>
      <li>Wall</li>
      <li>Rock</li>
    </linkFlags>
    <designationHotKey>B</designationHotKey>
  </ThingDef>

    <ThingDef Name="Embrasure" ParentName="WallBase">
		<defName>Embrasure</defName>
		<label>Embrasure</label>
		<description>An opening in the metal wall allows shooting and throwing grenades from the safety of your home.</description>
		<fillPercent>0.99</fillPercent>
		<uiIconPath>UI/Metal</uiIconPath>
	</ThingDef>
	
	<ThingDef ParentName="Embrasure">
		<defName>EmbrasureConduit</defName>
		<eType>Wall</eType>
		<label>conduit embrasure</label>
		<description>A Embrasure with a built-in power conduit.</description>
		<CostList>
		  <Steel>5</Steel>
		</CostList>
		<Comps>
		  <li>
			<compClass>CompPowerTransmitter</compClass>
			<transmitsPower>true</transmitsPower>
		  </li>
		</Comps>
	</ThingDef>
	
</ThingDefs>