<?xml version="1.0" encoding="utf-8"?>
<ModMetaData>
	<name>ED-Laser Drill</name>
	<targetVersion>0.17.0</targetVersion>
	<author>Jaxxa</author>
	<url>https://ludeon.com/forums/index.php?topic=18995.0</url>
	<description>Version: 0.17.0
Discussion, Non Steam Downloads and GitHub Repositories of this mod is available at: https://ludeon.com/forums/index.php?topic=18995

Adds a Laser Drill that allows the creation of new steam vents, and a Laser Filler that allows you to remove unwanted steam vents.
	</description>
</ModMetaData>