<?xml version="1.0" encoding="utf-8"?>
<ModMetaData>
  <name>ED-EMRG Turret</name>
  <author>Jaxxa</author>
  <url>https://github.com/jaxxa/RimWorld-Enhanced-Defence</url>
  <targetVersion>Alpha 7</targetVersion>
  <description>
	Requires: ED-Core, ED-AutoLoader
Adds a Railgun turret that fires a large number of rounds very quickly, However it requires a supply of ammunition to keep firing.
Serves as an example of how to implement ammunition usage for turrets.
  </description>
</ModMetaData>