﻿<?xml version="1.0" encoding="utf-8" ?>
<Plants>
		
  <ThingDef Name="PlantBase" Abstract="True">
    <eType>Plant</eType>
    <category>Plant</category>
    <thingClass>Enhanced_Defence.Plants24H.Plant</thingClass>
    <altitudeLayer>LowPlant</altitudeLayer>
    <useStandardHealth>True</useStandardHealth>
    <statBases>
      <Flammability>0.8</Flammability>
    </statBases>
    <tickerType>Rare</tickerType>
    <selectable>False</selectable>
    <neverMultiSelect>True</neverMultiSelect>
    <drawerType>MapMeshOnly</drawerType>
    <shaderType>CutoutPlant</shaderType>
    <plant>
      <harvestDestroys>true</harvestDestroys>
      <soundHarvesting>Harvest_Standard</soundHarvesting>
      <soundHarvestFinish>Harvest_Standard_Finish</soundHarvestFinish>
      <sowWork>150</sowWork>
      <fertilityMin>0.5</fertilityMin>
      <fertilityFactorGrowthRate>1.0</fertilityFactorGrowthRate>
      <topWindExposure>0.1</topWindExposure>
      <growthPer20kTicks>0.48</growthPer20kTicks>
      <growMinGlow>Overlit</growMinGlow>
      <visualSizeRange>
        <min>0.3</min>
        <max>1.00</max>
      </visualSizeRange>
    </plant>
  </ThingDef>

	<!--=========================== OmniGel ==============================-->

	<ThingDef ParentName="PlantBase">
		<defName>PlantOmniGel</defName>
		<label>OmniGel Plant</label>
		<description>An OmniGel plant.</description>
		<graphicPath>Things/Items/GelPlant</graphicPath>
    <graphicClass>Graphic_Single</graphicClass>
		<selectable>true</selectable>
		<pathCost>10</pathCost>
		<plant>
      <harvestTag>Food</harvestTag>
      <harvestedThingDef>OmniGel</harvestedThingDef>
      <harvestDestroys>true</harvestDestroys>
      <harvestYieldRange>
        <min>1</min>
        <max>2</max>
      </harvestYieldRange>
      <sowTags>
        <li>Ground</li>
        <li>Hydroponic</li>
      </sowTags>
      <topWindExposure>0.1</topWindExposure>
			<growthPer20kTicks>0.48</growthPer20kTicks>
			<lifeSpan>200000</lifeSpan>
			<fertilityFactorGrowthRate>0.4</fertilityFactorGrowthRate>
			<visualSizeRange>
				<min>0.1</min>
				<max>1.0</max>
			</visualSizeRange>
		</plant>
	</ThingDef>

</Plants>