<?xml version="1.0" encoding="utf-8"?>
<ModMetaData>
	<name>ED-PowerCells</name>
	<author>Jaxxa</author>
	<url>https://ludeon.com/forums/index.php?topic=18995.0</url>
	<description>
Adds Power Cell Charging / Discharging.

Power cells are created at the PowerCell Creation Station from 2 Components.

Power Cells are then Placed Next to a PowerCellStation. This station can be switched between 2 modes, Charging or Discharging.
Charging mode will take an adjacent Charged Power Cell and turn it into a Discharged Power Cell, while consuming power.
Discharging mode will take an adjacent Discharged Power Cell and turn it into a Charged Power Cell, while producing power.
	</description>
</ModMetaData>