<?xml version="1.0" encoding="utf-8"?>
<ModMetaData>
	<name>ED-EnhancedOptions</name>
	<packageId>Jaxxa.ED.EnhancedOptions</packageId>
	<supportedVersions>
		<li>1.0</li>
		<li>1.1</li>
	</supportedVersions>
	<author>Jaxxa</author>
	<url>https://github.com/jaxxa/JaxxaRimworldReleaseCollection/blob/master/README.md</url>
	<description>Version: 2.0.0.1
Links to all my mods including non steam versions available at: https://github.com/jaxxa/JaxxaRimworldReleaseCollection/blob/master/README.md

This now requires the seperate Harmony Mod:
https://steamcommunity.com/sharedfiles/filedetails/?id=2009463077
steam://url/CommunityFilePage/2009463077

Please Check the Mod Settings by going into the Options, Selecting "Mod Options" and then "ED-EnhancedOptions".
You will most likely not wish to use all options. These options require a game restart to take effect.

This mod adds various additional options to change the way Rimworld works. These options are as follows:
 - Stop Letters from being shown.
 - Allow Plants to Grow 24H a day, also has an option for SunLamps.
 - Prevents Traps from triggering on your Colonists and Friendly Factions.
 - Allows force attack commands to be given to turrets.
 - Hides the Small Power Connection Wires, Still show in Power overlay Mode.
 - Suppress random Breakdowns.
 - Allow Speed4 Without Dev Mode needing to be enabled, can be turned on by pressing '4'.
 - Stop Forced Time Slowdown (Combat).
 - Hide Marriage CaravanPacking and Party Spots.
 - Suppress Rain caused by Fire.
 - Suppressing Roof Collapse.
  -Ability to Suppress writing to the Log File.
 - Ability to modifying Learn Rate.
 - Set Daily XP Cap.
 - Stop Skill Degradation
 </description>
	<loadAfter>
		<li>brrainz.harmony</li>
	</loadAfter>
	<modDependencies>
		<li>
			<packageId>brrainz.harmony</packageId>
			<displayName>Harmony</displayName>
			<steamWorkshopUrl>steam://url/CommunityFilePage/2009463077</steamWorkshopUrl>
			<downloadUrl>https://github.com/pardeike/HarmonyRimWorld/releases/latest</downloadUrl>
		</li>
	</modDependencies>
</ModMetaData> 