<?xml version="1.0" encoding="utf-8" ?>
<Defs>

	<ResearchProjectDef>
		<defName>Research_ED_Excalibur_Shields_1</defName>
		<label>Shields Level 1 - Shield Generator</label>
		<description>Magnetic shield field slows and heats any projectiles to the point of evaporating.

    The basics of the principle is the eddy current brake, however the complex system allows the barier to ignore projectiles that leave the shield.</description>
		<baseCost>1000</baseCost>
		<techLevel>Spacer</techLevel>
		<tab>EDSN-Excalibur</tab>
		<researchViewX>2</researchViewX>
		<researchViewY>0</researchViewY>	
		<requiredResearchFacilities>
			<li>ExcaliburQuestLock</li>
		</requiredResearchFacilities>
		<prerequisites>
			<li>Research_ED_Excalibur_Fabrication_1</li>
		</prerequisites>
	</ResearchProjectDef>

		<ResearchProjectDef>
		<defName>Research_ED_Excalibur_Shields_2</defName>
		<label>Shields Level 2 - Upgrades</label>
		<description>Allows Shields to be enhanced by upgrade modules.</description>
		<baseCost>1500</baseCost>
		<techLevel>Spacer</techLevel>
		<tab>EDSN-Excalibur</tab>
		<researchViewX>3</researchViewX>
		<researchViewY>0</researchViewY>
		<prerequisites>
			<li>Research_ED_Excalibur_Shields_1</li>
		</prerequisites>	
		<requiredResearchFacilities>
			<li>ExcaliburQuestLock</li>
		</requiredResearchFacilities>
	</ResearchProjectDef>
	
		
	<ResearchProjectDef>
		<defName>Research_ED_Excalibur_Shields_3</defName>
		<label>Shields Level 3 - Personal Shield</label>
		<description>Allows the use of Quantum Virtual Particles to protect Colonists and Pets from damage.
		This Quantum Charge must be recovered from the Quantum Shield Charging Station and pulls from a global charge level.</description>
		<baseCost>2000</baseCost>
		<techLevel>Spacer</techLevel>
		<tab>EDSN-Excalibur</tab>
		<prerequisites>
			<li>Research_ED_Excalibur_Shields_2</li>
		</prerequisites>	
		<requiredResearchFacilities>
			<li>ExcaliburQuestLock</li>
		</requiredResearchFacilities>
		<researchViewX>4</researchViewX>
		<researchViewY>0</researchViewY>
	</ResearchProjectDef>
	
</Defs>
