<?xml version="1.0" encoding="utf-8"?>
<Defs>

	<ThingDef ParentName="EDSN_BuildingBase">
		<defName>MolecularCompressor</defName>
		<label>Molecular Compressor</label>
		<thingClass>Building_WorkTable</thingClass>
		<description>An advanced matter replication device.</description>
		<graphicData>
			<texPath>MolecularReinforcementCompressor</texPath>
			<graphicClass>Graphic_Single</graphicClass>
			<drawSize>(3,2)</drawSize>
			<damageData>
				<rect>(0.02,0.25,2.96,2.85)</rect>
				<cornerTL>Damage/Corner</cornerTL>
				<cornerTR>Damage/Corner</cornerTR>
			</damageData>
		</graphicData>
		<researchPrerequisites>
			<li>Research_ED_Replicator_MK1</li>
			<li>Research_ED_Excalibur_Quest_Unlock</li>
		</researchPrerequisites>
		<costList>
			<ComponentSpacer>2</ComponentSpacer>
			<Steel>100</Steel>
			<Silver>50</Silver>
		</costList>
		<altitudeLayer>Building</altitudeLayer>
		<size>(3,2)</size>
		<designationCategory>Production</designationCategory>
		<passability>Impassable</passability>
		<hasInteractionCell>True</hasInteractionCell>
		<interactionCellOffset>(0,0,-1)</interactionCellOffset>
		<surfaceType>Item</surfaceType>
		<constructEffect>ConstructMetal</constructEffect>
		<recipes>
			<li>Compress_Steel</li>
			<li>Compress_Plasteel</li>
			<li>Compress_WoodLog</li>
			<li>Compress_Sandstone</li>
			<li>Compress_Granite</li>
			<li>Compress_Limestone</li>
			<li>Compress_Slate</li>
			<li>Compress_Marble</li>
		</recipes>
		<comps>
			<li Class="EnhancedDevelopment.Excalibur.Fabrication.CompProperties_Fabricated">
				<RequiredPower>500</RequiredPower>
				<RequiredMaterials>200</RequiredMaterials>
				<RequiredWork>90</RequiredWork>
			</li>
			<li Class="CompProperties_Power">
				<compClass>CompPowerTrader</compClass>
				<basePowerConsumption>1200</basePowerConsumption>
				<transmitsPower>false</transmitsPower>
			</li>
			<li Class="CompProperties_Flickable"/>
			<li Class="CompProperties_Breakdownable"/>
			<li Class="CompProperties_Glower">
				<glowRadius>6</glowRadius>
				<glowColor>(217,112,33,0)</glowColor>
			</li>
		</comps>
		<building>
			<spawnedConceptLearnOpportunity>BillsTab</spawnedConceptLearnOpportunity>
		</building>
	</ThingDef>

</Defs>