﻿<?xml version="1.0" encoding="utf-8" ?>
<ThingDefs>

	<ThingDef Name="BuildingBase" Abstract="True">
		<category>Building</category>
		<soundImpactDefault>BulletImpactMetal</soundImpactDefault>
		<selectable>true</selectable>
		<drawerType>MapMeshAndRealTime</drawerType>
		<terrainAffordanceNeeded>Light</terrainAffordanceNeeded>
		<repairEffect>Repair</repairEffect>
		<leaveResourcesWhenKilled>true</leaveResourcesWhenKilled>
		<filthLeaving>BuildingRubble</filthLeaving>
	</ThingDef>

	<!--Wall definition from the Base Game, but made Abstract.-->
	<ThingDef ParentName="BuildingBase" Name="WallBase" Abstract="True">
		<defName>Wall</defName>
		<label>wall</label>
		<thingClass>Building</thingClass>
		<category>Building</category>
		<description>An impassable wall. Capable of holding up a roof.</description>
		<graphicData>
			<texPath>Things/Building/Linked/Wall</texPath>
			<graphicClass>Graphic_Appearances</graphicClass>
			<linkType>CornerFiller</linkType>
			<linkFlags>
				<li>Wall</li>
				<li>Rock</li>
			</linkFlags>
			<damageData>
				<cornerTL>Damage/Corner</cornerTL>
				<cornerTR>Damage/Corner</cornerTR>
				<cornerBL>Damage/Corner</cornerBL>
				<cornerBR>Damage/Corner</cornerBR>
				<edgeTop>Damage/Edge</edgeTop>
				<edgeBot>Damage/Edge</edgeBot>
				<edgeLeft>Damage/Edge</edgeLeft>
				<edgeRight>Damage/Edge</edgeRight>
			</damageData>
		</graphicData>
		<blueprintGraphicData>
			<texPath>Things/Building/Linked/Wall_Blueprint_Atlas</texPath>
		</blueprintGraphicData>
		<uiIconPath>Things/Building/Linked/WallSmooth_MenuIcon</uiIconPath>
		<statBases>
			<MaxHitPoints>350</MaxHitPoints>
			<WorkToMake>150</WorkToMake>
			<Flammability>1.0</Flammability>
		</statBases>
		<costStuffCount>5</costStuffCount>
		<leaveResourcesWhenKilled>false</leaveResourcesWhenKilled>
		<altitudeLayer>BuildingTall</altitudeLayer>
		<passability>Impassable</passability>
		<castEdgeShadows>true</castEdgeShadows>
		<fillPercent>1</fillPercent>
		<coversFloor>true</coversFloor>
		<placingDraggableDimensions>1</placingDraggableDimensions>
		<tickerType>Never</tickerType>
		<rotatable>false</rotatable>
		<selectable>true</selectable>
		<neverMultiSelect>true</neverMultiSelect>
		<terrainAffordanceNeeded>Heavy</terrainAffordanceNeeded>
		<holdsRoof>true</holdsRoof>
		<designationCategory>Structure</designationCategory>
		<staticSunShadowHeight>1.0</staticSunShadowHeight>
		<blockLight>true</blockLight>
		<stuffCategories>
			<li>Metallic</li>
			<li>Woody</li>
			<li>Stony</li>
		</stuffCategories>
		<building>
			<isInert>true</isInert>
			<ignoreNeedsPower>true</ignoreNeedsPower>
		</building>
		<damageMultipliers>
			<li>
				<damageDef>Bomb</damageDef>
				<multiplier>2</multiplier>
			</li>
		</damageMultipliers>
	</ThingDef>


	<!--Embrasure from ED-Embrasure, but made Abstract. -->
	<ThingDef Name="EmbrasureBase" ParentName="WallBase"  Abstract="True">
		<defName>Embrasure</defName>
		<label>Embrasure</label>
		<description>An opening in the metal wall allows shooting and throwing grenades from the safety of your home.</description>
		<costStuffCount>15</costStuffCount>
		<statBases>
			<WorkToMake>600</WorkToMake>
		</statBases>
		<fillPercent>0.99</fillPercent>
		<uiIconPath>UI/Metal</uiIconPath>
		<graphicData>
			<texPath>Things/Building/Embrasure</texPath>
			<graphicClass>Graphic_Single</graphicClass>
		</graphicData>
		<designationHotKey>E</designationHotKey>
	</ThingDef>


	<!--Modified Embrasure to work with Combat Realism. -->
	<ThingDef Name="Embrasure" ParentName="EmbrasureBase">
		<defName>Embrasure</defName>
		<fillPercent>0.75</fillPercent>
		<altitudeLayer>Waist</altitudeLayer>
	</ThingDef>

</ThingDefs>
