﻿<?xml version="1.0" encoding="utf-8" ?>
<Plants>

		<statBases>
			<MaxHealth>85</MaxHealth>
			<Beauty>12</Beauty>
			<Flammability>1.0</Flammability>
		</statBases>
		
  <ThingDef Name="PlantBase" Abstract="True">
    <eType>Plant</eType>
    <category>Plant</category>
    <thingClass>Plant</thingClass>
    <altitudeLayer>LowPlant</altitudeLayer>
    <useStandardHealth>True</useStandardHealth>
	<statBases>
		<MaxHealth>85</MaxHealth>
		<Beauty>12</Beauty>
		<Flammability>1.0</Flammability>
	</statBases>
    <tickerType>Rare</tickerType>
    <selectable>False</selectable>
    <neverMultiSelect>True</neverMultiSelect>
    <drawerType>MapMeshOnly</drawerType>
    <shaderType>CutoutPlant</shaderType>
    <plant>
		<harvestDestroys>true</harvestDestroys>
		<harvestingSound>Harvest_Standard</harvestingSound>
		<harvestFinishSound>Harvest_Standard_Finish</harvestFinishSound>
		<sowWork>150</sowWork>
		<fertilityMin>0.5</fertilityMin>
		<fertilityFactorGrowthRate>1.0</fertilityFactorGrowthRate>
		<topWindExposure>0.1</topWindExposure>
		<growthPer20kTicks>0.48</growthPer20kTicks>
		<growMinGlow>Overlit</growMinGlow>
		<lifeSpan>200000</lifeSpan>
		<seedShootMinGrowthPercent>0.6</seedShootMinGrowthPercent>
		<visualSizeRange>
			<min>0.3</min>
			<max>1.00</max>
		</visualSizeRange>
    </plant>
  </ThingDef>

	<!--=========================== OmniGel ==============================-->

	<ThingDef ParentName="PlantBase">
		<defName>PlantOmniGel</defName>
		<label>OmniGel Plant</label>
		<description>An OmniGel plant.</description>
		<graphicPathFolderRandom>Things/Items/GelPlant</graphicPathFolderRandom>
		<selectable>true</selectable>
		<pathCost>10</pathCost>
		<plant>
      <harvestTag>Food</harvestTag>
      <harvestedThingDef>OmniGel</harvestedThingDef>
      <harvestDestroys>true</harvestDestroys>
      <harvestYieldRange>
        <min>1</min>
        <max>2</max>
      </harvestYieldRange>
      <sowableGround>true</sowableGround>
      <sowableHydroponic>true</sowableHydroponic>
      <topWindExposure>0.1</topWindExposure>
			<growthPer20kTicks>0.48</growthPer20kTicks>
			<lifeSpan>200000</lifeSpan>
			<fertilityFactorGrowthRate>0.4</fertilityFactorGrowthRate>
			<visualSizeRange>
				<min>0.1</min>
				<max>1.0</max>
			</visualSizeRange>
		</plant>
	</ThingDef>

</Plants>