﻿<?xml version="1.0" encoding="utf-8" ?>
<Defs>


	<!--================================ Abstract bases ======================================-->

	<ThingDef Name="BuildingBase" Abstract="True">
		<category>Building</category>
		<thingClass>Building</thingClass>
		<soundImpactDefault>BulletImpactMetal</soundImpactDefault>
		<selectable>true</selectable>
		<drawerType>MapMeshAndRealTime</drawerType>
		<terrainAffordanceNeeded>Light</terrainAffordanceNeeded>
		<repairEffect>Repair</repairEffect>
		<leaveResourcesWhenKilled>true</leaveResourcesWhenKilled>
		<filthLeaving>BuildingRubble</filthLeaving>
	</ThingDef>

	<!-- The Vent from the base Game, Abstracted -->
	<ThingDef ParentName="BuildingBase" Name="VentBase" Abstract="True">
		<defName>Vent</defName>
		<label>vent</label>
		<thingClass>Building_Vent</thingClass>
		<graphicData>
			<texPath>Things/Building/Misc/TempControl/Vent</texPath>
			<graphicClass>Graphic_Multi</graphicClass>
			<damageData>
				<cornerTL>Damage/Corner</cornerTL>
				<cornerTR>Damage/Corner</cornerTR>
				<cornerBL>Damage/Corner</cornerBL>
				<cornerBR>Damage/Corner</cornerBR>
			</damageData>
		</graphicData>
		<altitudeLayer>Building</altitudeLayer>
		<passability>Impassable</passability>
		<fillPercent>1</fillPercent>
		<coversFloor>true</coversFloor>
		<blockLight>true</blockLight>
		<castEdgeShadows>true</castEdgeShadows>
		<staticSunShadowHeight>1.0</staticSunShadowHeight>
		<statBases>
			<WorkToMake>400</WorkToMake>
			<MaxHitPoints>100</MaxHitPoints>
			<Flammability>1.0</Flammability>
		</statBases>
		<tickerType>Rare</tickerType>
		<description>A simple vent for equalizing the temperature between two rooms without allowing people to walk between them.</description>
		<costList>
			<Steel>30</Steel>
		</costList>
		<terrainAffordanceNeeded>Heavy</terrainAffordanceNeeded>
		<placeWorkers>
			<li>PlaceWorker_Vent</li>
		</placeWorkers>
		<drawPlaceWorkersWhileSelected>true</drawPlaceWorkersWhileSelected>
		<building>
			<canPlaceOverWall>true</canPlaceOverWall>
		</building>
		<designationCategory>Temperature</designationCategory>
	</ThingDef>

	<!-- My customisations to make the Vent Closable-->
	<ThingDef ParentName="VentBase">
		<thingClass> EnhancedDevelopment.ClosableVent.Building_Vent_ClosableVent</thingClass>
		<description>A simple vent for equalizing the temperature between two rooms without allowing people to walk between them. Can be Flicked to a closed position .</description>
		<comps>
			<li Class="CompProperties_Flickable"/>
		</comps>
	</ThingDef>

</Defs>