<?xml version="1.0" encoding="utf-8" ?>
<ResearchProjectDefs>

	<ResearchProjectDef>
		<defName>Research_LaserDrill</defName>
		<label>Laser Drill</label>
		<description>Using a laser, drill into the steam and magma network deep within the planet.</description>
		<baseCost>1000</baseCost>
		<techLevel>Industrial</techLevel>
		<prerequisites/>
	</ResearchProjectDef>

	<ResearchProjectDef>
		<defName>Research_LaserFiller</defName>
		<label>Laser Filler</label>
		<description>Using a laser, fill in a steam vent with stone that you melt using a laser to create a buildable surface.</description>
		<baseCost>1000</baseCost>
		<techLevel>Industrial</techLevel>
		<prerequisites>
			<li>Research_LaserDrill</li>
		</prerequisites>
	</ResearchProjectDef>

</ResearchProjectDefs>