﻿<?xml version="1.0" encoding="utf-8" ?>
<Plants>

  <ThingDef Name="PlantBase" Abstract="True">
    <category>Plant</category>
    <thingClass>Plant</thingClass>
    <altitudeLayer>LowPlant</altitudeLayer>
    <useHitPoints>True</useHitPoints>
    <statBases>
      <Flammability>0.8</Flammability>
    </statBases>
    <tickerType>Rare</tickerType>
    <selectable>False</selectable>
    <neverMultiSelect>True</neverMultiSelect>
    <drawerType>MapMeshOnly</drawerType>
    <graphicShaderType>CutoutPlant</graphicShaderType>
    <plant>
      <harvestDestroys>true</harvestDestroys>
      <soundHarvesting>Harvest_Standard</soundHarvesting>
      <soundHarvestFinish>Harvest_Standard_Finish</soundHarvestFinish>
      <sowWork>150</sowWork>
      <fertilityMin>0.5</fertilityMin>
      <fertilityFactorGrowthRate>1.0</fertilityFactorGrowthRate>
      <topWindExposure>0.1</topWindExposure>
      <visualSizeRange>
        <min>0.3</min>
        <max>1.00</max>
      </visualSizeRange>
    </plant>
  </ThingDef>

	<!--=========================== OmniGel ==============================-->

	<ThingDef ParentName="PlantBase">
		<defName>PlantOmniGel</defName>
		<label>OmniGel Plant</label>
		<description>An OmniGel plant.</description>
		<graphicPath>Things/Items/GelPlant</graphicPath>
		<graphicClass>Graphic_Single</graphicClass>
		<selectable>true</selectable>
		<pathCost>10</pathCost>
		<plant>
			<dieIfLeafless>true</dieIfLeafless>
			<shootsSeeds>false</shootsSeeds>
			<harvestTag>Standard</harvestTag>
			<harvestedThingDef>OmniGel</harvestedThingDef>
			<harvestDestroys>true</harvestDestroys>
			<harvestYieldRange>
				<min>1</min>
				<max>2</max>
			</harvestYieldRange>
			<sowTags>
				<li>Ground</li>
				<li>Hydroponic</li>
			</sowTags>
			<topWindExposure>0.1</topWindExposure>
			<growDays>4.76</growDays>
			<fertilityFactorGrowthRate>0.4</fertilityFactorGrowthRate>
			<visualSizeRange>
				<min>0.3</min>
				<max>1.05</max>
			</visualSizeRange>
		</plant>
	</ThingDef>

</Plants>