﻿<?xml version="1.0" encoding="utf-8" ?>
<Defs>


	<!--================================ Abstract bases ======================================-->

	<ThingDef Name="BuildingBase" Abstract="True">
		<category>Building</category>
		<thingClass>Building</thingClass>
		<soundImpactDefault>BulletImpactMetal</soundImpactDefault>
		<selectable>true</selectable>
		<drawerType>MapMeshAndRealTime</drawerType>
		<terrainAffordanceNeeded>Light</terrainAffordanceNeeded>
		<repairEffect>Repair</repairEffect>
		<leaveResourcesWhenKilled>true</leaveResourcesWhenKilled>
		<filthLeaving>BuildingRubble</filthLeaving>
	</ThingDef>

	<ThingDef ParentName="BuildingBase">
		<defName>PoweredVent</defName>
		<label>PoweredVent</label>
		<thingClass>Enhanced_Development.Temperature.Building_PoweredVent</thingClass>
		<graphicData>
			<texPath>Things/Building/Misc/TempControl/Vent</texPath>
			<graphicClass>Graphic_Multi</graphicClass>
			<damageData>
				<cornerTL>Damage/Corner</cornerTL>
				<cornerTR>Damage/Corner</cornerTR>
				<cornerBL>Damage/Corner</cornerBL>
				<cornerBR>Damage/Corner</cornerBR>
			</damageData>
		</graphicData>
		<altitudeLayer>BuildingTall</altitudeLayer>
		<passability>Impassable</passability>
		<fillPercent>1</fillPercent>
		<coversFloor>true</coversFloor>
		<blockLight>true</blockLight>
		<castEdgeShadows>true</castEdgeShadows>
		<staticSunShadowHeight>1.0</staticSunShadowHeight>
		<statBases>
			<WorkToMake>400</WorkToMake>
			<MaxHitPoints>400</MaxHitPoints>
			<Flammability>1.0</Flammability>
		</statBases>
		<tickerType>Rare</tickerType>
		<description>A simple vent for equalizing the temperature between two rooms without allowing people to walk between them.</description>
		<costList>
			<Steel>5</Steel>
		</costList>
    <costStuffCount>30</costStuffCount>
    <stuffCategories>
      <li>Metallic</li>
      <li>Woody</li>
      <li>Stony</li>
    </stuffCategories>
		<terrainAffordanceNeeded>Heavy</terrainAffordanceNeeded>
		<placeWorkers>
			<li>PlaceWorker_Vent</li>
		</placeWorkers>
		<drawPlaceWorkersWhileSelected>true</drawPlaceWorkersWhileSelected>
		<building>
			<canPlaceOverWall>true</canPlaceOverWall>
		</building>
		<comps>
			<li Class="CompProperties_Power">
				<compClass>CompPowerTrader</compClass>
				<basePowerConsumption>100</basePowerConsumption>
			</li>
			<li Class="CompProperties_Flickable"/>
			<li Class="CompProperties_Breakdownable"/>
		</comps>
		<designationCategory>Temperature</designationCategory>
		<designationHotKey>P</designationHotKey>
	</ThingDef>

</Defs>