<?xml version="1.0" encoding="utf-8" ?>
<ThingDefs>

  <ThingDef Name="BuildingBase" Abstract="True">
    <category>Building</category>
    <soundImpactDefault>BulletImpactMetal</soundImpactDefault>
    <selectable>true</selectable>
    <drawerType>MapMeshAndRealTime</drawerType>
    <terrainAffordanceNeeded>Light</terrainAffordanceNeeded>
    <repairEffect>Repair</repairEffect>
    <leaveResourcesWhenKilled>true</leaveResourcesWhenKilled>
    <filthLeaving>BuildingRubble</filthLeaving>
  </ThingDef>
  
   <ThingDef ParentName="BuildingBase">
    <defName>LaserDrill</defName>
    <eType>BuildingComplex</eType>
    <label>Laser Drill</label>
    <thingClass>Enhanced_Defence.Power.LaserDrill.Building_LaserDrill</thingClass>
	<researchPrerequisite>Research_LaserDrill</researchPrerequisite>
    <graphicPath>Things/Buildings/LaserDrill</graphicPath>
    <graphicClass>Graphic_Single</graphicClass>
    <altitudeLayer>BuildingTall</altitudeLayer>
    <passability>Impassable</passability>
    <castEdgeShadows>true</castEdgeShadows>
    <fillPercent>1</fillPercent>
    <tickerType>Rare</tickerType>
    <statBases>
      <WorkToMake>1800</WorkToMake>
      <MaxHealth>350</MaxHealth>
      <Flammability>1.0</Flammability>
    </statBases>
    <description>Mines out rock to create a large hole through to the steam networks below the planets surface.</description>
    <building>
      <wantsHopperAdjacent>false</wantsHopperAdjacent>
    </building>
    <comps>
      <li>
        <compClass>CompPowerTrader</compClass>
        <startElectricalFires>false</startElectricalFires>
        <basePowerConsumption>1200</basePowerConsumption>
      </li>
    </comps>
    <size>(6,6)</size>
    <costList>
      <Steel>500</Steel>
      <Uranium>100</Uranium>
    </costList>
    <graphicOverdraw>false</graphicOverdraw>
    <interactionSquareOffset>(0,0,0)</interactionSquareOffset>
    <hasInteractionCell>false</hasInteractionCell>
    <leaveResourcesWhenKilled>true</leaveResourcesWhenKilled>
    <terrainAffordanceNeeded>Heavy</terrainAffordanceNeeded>
    <designationCategory>Power</designationCategory>
    <staticSunShadowHeight>0.75</staticSunShadowHeight>
  </ThingDef>


</ThingDefs>