﻿<?xml version="1.0" encoding="utf-8" ?>
<Buildings>

  <ThingDef ParentName="BuildingBase">
    <defName>CheatReactor</defName>
    <label>cheat reactor</label>
    <thingClass>Building</thingClass>
    <graphicData>
      <texPath>Things/Building/Power/GeothermalPlant</texPath>
      <graphicClass>Graphic_Single</graphicClass>
      <drawSize>(2,2)</drawSize>
      <damageData>
        <rect>(0.3,0,5.4,6)</rect>
      </damageData>
    </graphicData>
    <altitudeLayer>Building</altitudeLayer>
    <passability>Impassable</passability>
    <castEdgeShadows>true</castEdgeShadows>
    <fillPercent>1</fillPercent>
    <blockLight>true</blockLight>
    <statBases>
      <MaxHitPoints>500000</MaxHitPoints>
      <WorkToMake>0</WorkToMake>
      <Flammability>0.0</Flammability>
      <Beauty>0</Beauty>
    </statBases>
    <tickerType>Normal</tickerType>
    <description>Produces electricity from geothermal steam geysers. Must be placed on a geyser.</description>
    <size>(2,2)</size>
    <costList>
    </costList>
    <comps>
      <li Class="CompProperties_Power">
        <compClass>CompPowerTrader</compClass>
        <basePowerConsumption>-100000</basePowerConsumption>
        <transmitsPower>true</transmitsPower>
      </li>
    </comps>
    <rotatable>false</rotatable>
    <terrainAffordanceNeeded>Heavy</terrainAffordanceNeeded>
    <designationCategory>Power</designationCategory>
    <staticSunShadowHeight>1.0</staticSunShadowHeight>
    <building>
      <soundAmbient>GeothermalPlant_Ambience</soundAmbient>
      <ignoreNeedsPower>true</ignoreNeedsPower>
    </building>
    <constructEffect>ConstructMetal</constructEffect>
  </ThingDef>

</Buildings>