﻿<?xml version="1.0" encoding="utf-8"?>
<ModMetaData>
	<name>ED-Embrasures</name>
	<targetVersion>0.17.0</targetVersion>
	<author>Jaxxa</author>
	<url>https://ludeon.com/forums/index.php?topic=18995.0</url>
	<description>Version: 0.17.2
	
Discussion, Non Steam Downloads and GitHub Repositories of this mod is available at: https://ludeon.com/forums/index.php?topic=18995

Adds embrasures for that can be shot through, while blocking passage, giving your colonists an advantage in combat.
Enemies will still be able to fire back but your troops will be in cover similar to sandbags and can’t be rushed by melee forces.
The holes in the wall allow temperature to equalise through the gaps.


Korean translation by Steam user "Coldmoon"
ChineseSimplified Translation by Github user "WishingLaws"
	</description>
</ModMetaData>