﻿<?xml version="1.0" encoding="utf-8" ?>
<ThingDefs>


  <ThingDef Name="PlantBase" Abstract="True">
    <category>Plant</category>
		<thingClass>Enhanced_Development.Plants24H.Plant</thingClass>
    <altitudeLayer>LowPlant</altitudeLayer>
    <useHitPoints>True</useHitPoints>
    <statBases>
      <Flammability>0.8</Flammability>
    </statBases>
    <tickerType>Long</tickerType>
    <selectable>False</selectable>
    <neverMultiSelect>True</neverMultiSelect>
    <drawerType>MapMeshOnly</drawerType>
    <graphicData>
      <shaderType>CutoutPlant</shaderType>
    </graphicData>
    <plant>
      <harvestDestroys>true</harvestDestroys>
      <soundHarvesting>Harvest_Standard</soundHarvesting>
      <soundHarvestFinish>Harvest_Standard_Finish</soundHarvestFinish>
      <harvestWork>150</harvestWork>
      <sowWork>150</sowWork>
      <fertilityMin>0.5</fertilityMin>
      <fertilityFactorGrowthRate>1.0</fertilityFactorGrowthRate>
      <topWindExposure>0.1</topWindExposure>
      <visualSizeRange>
        <min>0.3</min>
        <max>1.00</max>
      </visualSizeRange>
    </plant>
  </ThingDef>






  <!--===========================  Wild - clustering bushes (some harvestable) ==============================-->


  <ThingDef ParentName="PlantBase">
    <defName>PlantAgave</defName>
    <label>agave</label>
    <description>A large-leafed desert plant with edible flowers and stalks.</description>
    <statBases>
      <MaxHitPoints>120</MaxHitPoints>
    </statBases>
    <graphicData>
      <texPath>Things/Plant/Agave</texPath>
      <graphicClass>Graphic_Random</graphicClass>
      <shadowData>
        <volume>(0.2, 0.6, 0.2)</volume>
      </shadowData>
    </graphicData>
    <selectable>true</selectable>
    <fillPercent>0.25</fillPercent>
    <pathCost>30</pathCost>
    <ingestible>
      <preferability>Plant</preferability>
      <nutrition>0.40</nutrition>
    </ingestible>
    <plant>
      <harvestTag>Standard</harvestTag>
      <harvestDestroys>false</harvestDestroys>
      <harvestedThingDef>RawAgave</harvestedThingDef>
      <harvestYield>8</harvestYield>
      <fertilityMin>0.3</fertilityMin>
      <wildCommonalityMaxFraction>3.0</wildCommonalityMaxFraction>
      <visualSizeRange>
        <min>0.7</min>
        <max>1.1</max>
      </visualSizeRange>
      <growDays>4.44</growDays>
      <topWindExposure>0.3</topWindExposure>
      <fertilityFactorGrowthRate>0.5</fertilityFactorGrowthRate>
      <wildClusterSizeRange>
        <min>2</min>
        <max>5</max>
      </wildClusterSizeRange>
      <wildClusterRadius>4</wildClusterRadius>
    </plant>
  </ThingDef>








  <!--============================ Wild - Cacti ============================-->


  <ThingDef ParentName="PlantBase">
    <defName>PlantSaguaroCactus</defName>
    <label>saguaro cactus</label>
    <description>A large cactus native to arid Earth environments.</description>
    <statBases>
      <MaxHitPoints>200</MaxHitPoints>
    </statBases>
    <graphicData>
      <texPath>Things/Plant/SaguaroCactus</texPath>
      <graphicClass>Graphic_Random</graphicClass>
      <shadowData>
        <volume>(0.3, 0.3, 0.3)</volume>
      </shadowData>
    </graphicData>
    <altitudeLayer>BuildingTall</altitudeLayer>
    <selectable>true</selectable>
    <fillPercent>0.35</fillPercent>
    <passability>PassThroughOnly</passability>
    <pathCost>130</pathCost>
    <plant>
      <leaflessGraphicPath>Things/Plant/SaguaroCactus_Leafless</leaflessGraphicPath>
      <soundHarvesting>Harvest_Tree</soundHarvesting>
      <soundHarvestFinish>Harvest_Tree_Finish</soundHarvestFinish>
      <harvestWork>300</harvestWork>
      <harvestDestroys>true</harvestDestroys>
      <harvestedThingDef>WoodLog</harvestedThingDef>
      <harvestTag>Wood</harvestTag>
      <harvestYield>10</harvestYield>
      <harvestMinGrowth>0.2</harvestMinGrowth>
      <harvestFailable>false</harvestFailable>
      <visualSizeRange>
        <min>1.3</min>
        <max>2.0</max>
      </visualSizeRange>
      <fertilityMin>0.05</fertilityMin>
      <growDays>10</growDays>
      <topWindExposure>0.08</topWindExposure>
      <seedShootRadius>20</seedShootRadius>
      <fertilityFactorGrowthRate>0</fertilityFactorGrowthRate>
    </plant>
  </ThingDef>


  <ThingDef ParentName="PlantBase">
    <defName>PlantPincushionCactus</defName>
    <label>pincushion cactus</label>
    <description>A short cactus. So named because it resembles a pincushion.</description>
    <statBases>
      <MaxHitPoints>150</MaxHitPoints>
      <Beauty>1</Beauty>
    </statBases>
    <graphicData>
      <texPath>Things/Plant/PincushionCactus</texPath>
      <graphicClass>Graphic_Random</graphicClass>
    </graphicData>
    <selectable>true</selectable>
    <pathCost>30</pathCost>
    <hideAtSnowDepth>1</hideAtSnowDepth>
    <plant>
      <fertilityMin>0.05</fertilityMin>
      <wildCommonalityMaxFraction>3.0</wildCommonalityMaxFraction>
      <visualSizeRange>
        <min>0.40</min>
        <max>0.65</max>
      </visualSizeRange>
      <growDays>5</growDays>
      <topWindExposure>0.0</topWindExposure>
      <fertilityFactorGrowthRate>0</fertilityFactorGrowthRate>
      <wildClusterSizeRange>
        <min>2</min>
        <max>5</max>
      </wildClusterSizeRange>
      <wildClusterRadius>4</wildClusterRadius>
      <maxMeshCount>4</maxMeshCount>
    </plant>
  </ThingDef>




</ThingDefs>