﻿<?xml version="1.0" encoding="utf-8"?>
<ModMetaData>
	<name>ED-Embrasures</name>
	<targetVersion>0.19.2009</targetVersion>
	<author>Jaxxa</author>
	<url>https://ludeon.com/forums/index.php?topic=42179</url>
	<description>Version: 0.19.0.2
Discussion, Non Steam Downloads of this mod is available at: https://ludeon.com/forums/index.php?topic=42179

Adds embrasures for that can be shot through, while blocking passage, giving your colonists an advantage in combat.
Enemies will still be able to fire back but your troops will be in cover similar to sandbags and can’t be rushed by melee forces.
The holes in the wall allow temperature to equalise through the gaps.

Setting have been added to allow you to customise the cost and protection given.

Korean translation by Steam user "Coldmoon"
ChineseSimplified Translation by Github user "WishingLaws"
	</description>
</ModMetaData>