<?xml version="1.0" encoding="utf-8"?>
<ModMetaData>
	<name>ED-Laser Drill</name>
	<targetVersion>0.16.1393</targetVersion>
	<author>Jaxxa</author>
	<url>https://ludeon.com/forums/index.php?topic=18995.0</url>
	<description>Version: 04.00.00
Discussion, Non Steam Downloads and GitHub Repositories of this mod is available at: https://ludeon.com/forums/index.php?topic=18995
Please Use that Thread for Discussion / Feedback that would like me to reply to. 
Ideally Bugs should be logged on GitHub although in the discussion thread is also fine.

Adds a Laser Drill that allows the creation of new steam vents, and a Laser laserFill that allows you to remove unwanted steam vents.
	</description>
</ModMetaData>