<?xml version="1.0" encoding="utf-8"?>
<ModMetaData>
	<name>ED-CheatReactor</name>
	<targetVersion>0.19.2009</targetVersion>
	<author>Jaxxa</author>
	<url>https://ludeon.com/forums/index.php?topic=37158</url>
	<description>Version: 0.19.0.0
Discussion, Non Steam Downloads of this mod is available at: https://ludeon.com/forums/index.php?topic=37158

Adds a Reactor that produces a lot of Power, is Built Instantly and for Free. 
It goes without saying that this is in no way balanced and should only be used for testing or cheating.

I know that there is a debug power option in the menu, but I find this quicker to use and allows some power grids with lots of power and some normal ones.
	</description>
</ModMetaData>