﻿<?xml version="1.0" encoding="utf-8" ?>
<Plants>


  <ThingDef Name="PlantBase" Abstract="True">
    <eType>Plant</eType>
    <category>Plant</category>
    <thingClass>Enhanced_Defence.Plants24H.Plant</thingClass>
    <altitudeLayer>LowPlant</altitudeLayer>
    <useStandardHealth>True</useStandardHealth>
    <statBases>
      <Flammability>1.0</Flammability>
    </statBases>
    <tickerType>Rare</tickerType>
    <selectable>False</selectable>
    <neverMultiSelect>True</neverMultiSelect>
    <drawerType>MapMeshOnly</drawerType>
    <shaderType>CutoutPlant</shaderType>
    <plant>
      <harvestDestroys>true</harvestDestroys>
      <harvestingSound>Harvest_Standard</harvestingSound>
      <harvestFinishSound>Harvest_Standard_Finish</harvestFinishSound>
      <sowWork>150</sowWork>
      <fertilityMin>0.5</fertilityMin>
      <fertilityFactorGrowthRate>1.0</fertilityFactorGrowthRate>
      <topWindExposure>0.1</topWindExposure>
      <growthPer20kTicks>0.48</growthPer20kTicks>
      <growMinGlow>Overlit</growMinGlow>
      <lifeSpan>200000</lifeSpan>
      <seedShootMinGrowthPercent>0.6</seedShootMinGrowthPercent>
      <visualSizeRange>
        <min>0.3</min>
        <max>1.00</max>
      </visualSizeRange>
    </plant>
  </ThingDef>






  <!--=========================== Crops ==============================-->


  <ThingDef ParentName="PlantBase">
    <defName>PlantPotato</defName>
    <label>potato plant</label>
    <statBases>
      <MaxHealth>85</MaxHealth>
      <Beauty>12</Beauty>
    </statBases>
    <description>A simple, highly nutritious tuber. Grows well in relatively poor soil.</description>
    <graphicPathFolderRandom>Things/Plant/PotatoPlant</graphicPathFolderRandom>
    <selectable>true</selectable>
    <pathCost>10</pathCost>
    <food>
      <quality>Plant</quality>
      <nutrition>40</nutrition>
    </food>
    <plant>
      <shootsSeeds>false</shootsSeeds>
      <harvestTag>Standard</harvestTag>
      <harvestedThingDef>RawPotatoes</harvestedThingDef>
      <harvestDestroys>true</harvestDestroys>
      <harvestYieldRange>
        <min>2</min>
        <max>4.5</max>
      </harvestYieldRange>
      <sowableGround>true</sowableGround>
      <sowableHydroponic>true</sowableHydroponic>
      <topWindExposure>0.1</topWindExposure>
      <growthPer20kTicks>0.48</growthPer20kTicks>
      <lifeSpan>200000</lifeSpan>
      <fertilityFactorGrowthRate>0.4</fertilityFactorGrowthRate>
      <visualSizeRange>
        <min>0.3</min>
        <max>1.05</max>
      </visualSizeRange>
    </plant>
  </ThingDef>


  <ThingDef ParentName="PlantBase">
    <defName>PlantStrawberry</defName>
    <label>strawberry plant</label>
    <statBases>
      <MaxHealth>85</MaxHealth>
      <Beauty>12</Beauty>
    </statBases>
    <description>A fragile but tasty fruit. Delicious even when raw.</description>
    <graphicPathFolderRandom>Things/Plant/StrawberryPlant</graphicPathFolderRandom>
    <selectable>true</selectable>
    <pathCost>10</pathCost>
    <food>
      <quality>Plant</quality>
      <nutrition>40</nutrition>
    </food>
    <plant>
      <shootsSeeds>false</shootsSeeds>
      <harvestTag>Standard</harvestTag>
      <harvestedThingDef>RawBerries</harvestedThingDef>
      <harvestDestroys>true</harvestDestroys>
      <harvestYieldRange>
        <min>2</min>
        <max>3</max>
      </harvestYieldRange>
      <sowableGround>true</sowableGround>
      <sowableHydroponic>true</sowableHydroponic>
      <topWindExposure>0.1</topWindExposure>
      <growthPer20kTicks>0.48</growthPer20kTicks>
      <lifeSpan>200000</lifeSpan>
      <fertilityFactorGrowthRate>0.6</fertilityFactorGrowthRate>
      <visualSizeRange>
        <min>0.3</min>
        <max>1.05</max>
      </visualSizeRange>
    </plant>
  </ThingDef>



  <ThingDef ParentName="PlantBase">
    <defName>PlantCotton</defName>
    <label>cotton plant</label>
    <statBases>
      <MaxHealth>85</MaxHealth>
      <Beauty>12</Beauty>
    </statBases>
    <description>Yields cotton, a fine plant fiber used to make cloth.</description>
    <graphicPathFolderRandom>Things/Plant/CottonPlant</graphicPathFolderRandom>
    <selectable>true</selectable>
    <pathCost>10</pathCost>
    <food>
      <quality>Plant</quality>
      <nutrition>40</nutrition>
    </food>
    <plant>
      <shootsSeeds>false</shootsSeeds>
      <harvestTag>Standard</harvestTag>
      <harvestedThingDef>Cloth</harvestedThingDef>
      <harvestDestroys>true</harvestDestroys>
      <harvestYieldRange>
        <min>1</min>
        <max>2.5</max>
      </harvestYieldRange>
      <sowableGround>true</sowableGround>
      <sowableHydroponic>true</sowableHydroponic>
      <topWindExposure>0.1</topWindExposure>
      <growthPer20kTicks>0.48</growthPer20kTicks>
      <lifeSpan>200000</lifeSpan>
      <fertilityFactorGrowthRate>0.4</fertilityFactorGrowthRate>
      <visualSizeRange>
        <min>0.3</min>
        <max>1.05</max>
      </visualSizeRange>
    </plant>
  </ThingDef>

  <ThingDef ParentName="PlantBase">
    <defName>PlantDevilstrand</defName>
    <label>devilstrand</label>
    <statBases>
      <MaxHealth>100</MaxHealth>
      <Beauty>-6</Beauty>
    </statBases>
    <description>This fragile mushroom was genetically engineered to produce a silk net of the highest grade. Long rumored to have mystical properties, it owes its name to the greed it inspires in people.</description>
    <graphicPathFolderRandom>Things/Plant/Devilstrand</graphicPathFolderRandom>
    <selectable>true</selectable>
    <pathCost>10</pathCost>
    <food>
      <quality>Plant</quality>
      <nutrition>5</nutrition>
    </food>
    <plant>
      <shootsSeeds>false</shootsSeeds>
      <harvestTag>Standard</harvestTag>
      <harvestedThingDef>DevilstrandCloth</harvestedThingDef>
      <harvestDestroys>true</harvestDestroys>
      <harvestYieldRange>
        <min>1</min>
        <max>3</max>
      </harvestYieldRange>
      <sowableGround>true</sowableGround>
      <sowableHydroponic>true</sowableHydroponic>
      <topWindExposure>0.1</topWindExposure>
      <growthPer20kTicks>0.02222</growthPer20kTicks>
      <lifeSpan>5000000</lifeSpan>
      <fertilityFactorGrowthRate>0.4</fertilityFactorGrowthRate>
      <visualSizeRange>
        <min>0.3</min>
        <max>1.0</max>
      </visualSizeRange>
    </plant>
  </ThingDef>




  <!--=========================== Decorative ==============================-->



  <ThingDef ParentName="PlantBase">
    <defName>PlantRose</defName>
    <label>rose</label>
    <statBases>
      <MaxHealth>85</MaxHealth>
      <Beauty>80</Beauty>
    </statBases>
    <description>A beautiful cultivated flower.</description>
    <graphicPathFolderRandom>Things/Plant/Rose</graphicPathFolderRandom>
    <altitudeLayer>Item</altitudeLayer>
    <selectable>true</selectable>
    <food>
      <quality>Plant</quality>
      <nutrition>20</nutrition>
    </food>
    <plant>
      <shootsSeeds>false</shootsSeeds>
      <harvestTag>Standard</harvestTag>
      <harvestDestroys>True</harvestDestroys>
      <sowWork>400</sowWork>
      <sowableGround>True</sowableGround>
      <growMinGlow>Lit</growMinGlow>
      <topWindExposure>0.1</topWindExposure>
      <growthPer20kTicks>1.0</growthPer20kTicks>
      <lifeSpan>140000</lifeSpan>
      <fertilityFactorGrowthRate>1.0</fertilityFactorGrowthRate>
      <visualSizeRange>
        <min>0.3</min>
        <max>1.05</max>
      </visualSizeRange>
    </plant>
  </ThingDef>






  <ThingDef ParentName="PlantBase">
    <defName>PlantDaylily</defName>
    <label>daylily</label>
    <statBases>
      <MaxHealth>85</MaxHealth>
      <Beauty>80</Beauty>
    </statBases>
    <description>A beautiful cultivated flower.</description>
    <graphicPathFolderRandom>Things/Plant/Daylily</graphicPathFolderRandom>
    <altitudeLayer>Item</altitudeLayer>
    <selectable>true</selectable>
    <sunShadowInfo>
      <baseWidth>0.3</baseWidth>
      <baseHeight>0.3</baseHeight>
      <tallness>0.3</tallness>
    </sunShadowInfo>
    <food>
      <quality>Plant</quality>
      <nutrition>20</nutrition>
    </food>
    <plant>
      <shootsSeeds>false</shootsSeeds>
      <harvestTag>Standard</harvestTag>
      <harvestDestroys>true</harvestDestroys>
      <sowWork>400</sowWork>
      <sowableGround>true</sowableGround>
      <growMinGlow>Lit</growMinGlow>
      <topWindExposure>0.1</topWindExposure>
      <growthPer20kTicks>1.0</growthPer20kTicks>
      <lifeSpan>60000</lifeSpan>
      <fertilityFactorGrowthRate>1</fertilityFactorGrowthRate>
      <visualSizeRange>
        <min>0.3</min>
        <max>1.05</max>
      </visualSizeRange>
    </plant>
  </ThingDef>



</Plants>