<?xml version="1.0" encoding="utf-8"?>
<ModMetaData>
  <name>ED-VisibleRadius</name>
  <author>Jaxxa</author>
  <url>https://github.com/jaxxa/RimWorld-Enhanced-Defence</url>
  <targetVersion>Alpha 7</targetVersion>
  <description>
	Requires: ED-Core
Adds the option to keep the special display radius visible when some buildings are not selected.
Currently supports Sun Lamps, Trade Beacons will be enabled when they are working correctly.
By default it will be on a timer to turn off after about 40 seconds, can be switched to permanently on or off.
  </description>
</ModMetaData>