﻿<?xml version="1.0" encoding="utf-8" ?>
<Defs>

  <ThingDef Name="BasePawn" Abstract="True">
	<thingClass>Enhanced_Development.PersonalShields.Animal.ShieldPawn</thingClass>
    <category>Pawn</category>
    <selectable>true</selectable>
    <tickerType>Normal</tickerType>
    <altitudeLayer>Pawn</altitudeLayer>
    <useHitPoints>false</useHitPoints>
    <hasTooltip>true</hasTooltip>
    <soundImpactDefault>BulletImpactFlesh</soundImpactDefault>
    <inspectorTabs>
      <li>ITab_Pawn_Health</li>
      <li>ITab_Pawn_Needs</li>
      <li>ITab_Pawn_Character</li>
      <li>ITab_Pawn_Training</li>
      <li>ITab_Pawn_Gear</li>
      <li>ITab_Pawn_Guest</li>
      <li>ITab_Pawn_Prisoner</li>
    </inspectorTabs>
    <comps>
      <li>
        <compClass>CompAttachBase</compClass>
      </li>
    </comps>
    <drawGUIOverlay>true</drawGUIOverlay>
  </ThingDef>
  
  <ThingDef ParentName="BasePawn" Name="BaseAnimal" Abstract="True">
    <statBases>
      <Flammability>1.0</Flammability>
      <LeatherAmount>20</LeatherAmount>
    </statBases>
    <race>
      <thinkTree>Animal</thinkTree>
      <minFoodPreferability>Plant</minFoodPreferability>
      <isFlesh>true</isFlesh>
      <hasGenders>true</hasGenders>
      <nameGenerator>NamerAnimalGeneric</nameGenerator>
      <manhunterOnDamageChance>0.0125</manhunterOnDamageChance>
      <nameOnNuzzleChance>0.5</nameOnNuzzleChance>
      <hediffGiverSets>
        <li>OrganicStandard</li>
      </hediffGiverSets>
    </race>
  </ThingDef>


  <!-- ============================================================ -->


  <ThingDef ParentName="BaseAnimal">
    <defName>Chicken</defName>
    <label>chicken</label>
    <description>The most traditional farm bird, the chicken is raised for its eggs and meat.</description>
    <statBases>
      <MoveSpeed>2.1</MoveSpeed>
      <ComfyTemperatureMin>0</ComfyTemperatureMin>
      <MarketValue>95</MarketValue>
      <LeatherAmount>0</LeatherAmount>
    </statBases>
    <verbs>
      <li>
        <verbClass>Verb_MeleeAttack</verbClass>
        <defaultCooldownTicks>100</defaultCooldownTicks>
        <meleeDamageBaseAmount>3</meleeDamageBaseAmount>
        <meleeDamageDef>Bite</meleeDamageDef>
        <linkedBodyPartsGroup>Teeth</linkedBodyPartsGroup>
      </li>
    </verbs>
    <comps>
      <li>
        <compClass>CompEggLayer</compClass>
        <eggUnfertilizedDef>EggChickenUnfertilized</eggUnfertilizedDef>
        <eggFertilizedDef>EggChickenFertilized</eggFertilizedDef>
        <eggFertilizationCountMax>1</eggFertilizationCountMax>
        <eggLayIntervalDays>1.9</eggLayIntervalDays>
        <eggCountRange>
          <min>1</min>
          <max>1</max>
        </eggCountRange>
      </li>
    </comps>
    <race>
      <body>Bird</body>
      <baseHungerRate>0.25</baseHungerRate>
      <baseBodySize>0.25</baseBodySize>
      <baseHealthScale>0.35</baseHealthScale>
      <diet>Herbivorous</diet>
      <trainableIntelligence>None</trainableIntelligence>
      <wildness>0</wildness>
      <nuzzleChancePerHour>0.002</nuzzleChancePerHour>
      <nuzzlePower>0.5</nuzzlePower>
      <manhunterOnDamageChance>0.005</manhunterOnDamageChance>
      <gestationPeriodDays>14</gestationPeriodDays>
      <mateChancePerHour>0.5</mateChancePerHour>
      <litterSizeCurve>
        <points>
          <li>(0.99, 0)</li>
          <li>(1, 1)</li>
          <li>(1.01, 0)</li>
        </points>
      </litterSizeCurve>
      <lifeExpectancy>6</lifeExpectancy>
      <lifeStageAges>
        <li>
          <def>AnimalBaby</def>
          <minAge>0</minAge>
        </li>
        <li>
          <def>AnimalJuvenile</def>
          <minAge>0.05</minAge>
        </li>
        <li>
          <def>AnimalAdult</def>
          <minAge>0.2</minAge>
          <soundWounded>Pawn_Chicken_Wounded</soundWounded>
          <soundDeath>Pawn_Chicken_Death</soundDeath>
          <soundCall>Pawn_Chicken_Call</soundCall>
          <soundAngry>Pawn_Chicken_Angry</soundAngry>
        </li>
      </lifeStageAges>
      <soundMeleeHitPawn>Pawn_Melee_SmallScratch_HitPawn</soundMeleeHitPawn>
      <soundMeleeHitBuilding>Pawn_Melee_SmallScratch_HitBuilding</soundMeleeHitBuilding>
      <soundMeleeMiss>Pawn_Melee_SmallScratch_Miss</soundMeleeMiss>
    </race>
  </ThingDef>




  <ThingDef ParentName="BaseAnimal">
    <defName>Pig</defName>
    <label>pig</label>
    <description>The pig was one of the first animals domesticated by humans. It is commonly raised for meat and leather, and is easy to feed because of its omnivorous diet.</description>
    <statBases>
      <MoveSpeed>3.6</MoveSpeed>
      <ComfyTemperatureMin>-5</ComfyTemperatureMin>
      <MarketValue>280</MarketValue>
    </statBases>
    <verbs>
      <li>
        <verbClass>Verb_MeleeAttack</verbClass>
        <defaultCooldownTicks>100</defaultCooldownTicks>
        <meleeDamageBaseAmount>7</meleeDamageBaseAmount>
        <meleeDamageDef>Bite</meleeDamageDef>
        <linkedBodyPartsGroup>Teeth</linkedBodyPartsGroup>
      </li>
    </verbs>
    <race>
      <body>QuadrupedAnimalWithHooves</body>
      <baseHungerRate>0.4</baseHungerRate>
      <baseBodySize>0.8</baseBodySize>
      <baseHealthScale>0.95</baseHealthScale>
      <diet>Omnivorous</diet>
      <leatherColor>(201,167,135)</leatherColor>
      <leatherLabel>pigskin</leatherLabel>
      <leatherStatFactors>
        <MarketValue>1.4</MarketValue>
        <ArmorRating_Heat>3.7</ArmorRating_Heat>
      </leatherStatFactors>
      <wildness>0.07</wildness>
      <nuzzleChancePerHour>0.03</nuzzleChancePerHour>
      <trainableIntelligence>Advanced</trainableIntelligence>
      <meatLabel>pork</meatLabel>
      <gestationPeriodDays>26</gestationPeriodDays>
      <litterSizeCurve>
        <points>
          <li>(0.5, 0)</li>
          <li>(1, 1)</li>
          <li>(3, 1)</li>
          <li>(3.5, 0)</li>
        </points>
      </litterSizeCurve>
      <lifeExpectancy>12</lifeExpectancy>
      <lifeStageAges>
        <li>
          <def>AnimalBaby</def>
          <minAge>0</minAge>
        </li>
        <li>
          <def>AnimalJuvenile</def>
          <minAge>0.1</minAge>
        </li>
        <li>
          <def>AnimalAdult</def>
          <minAge>0.5</minAge>
          <soundWounded>Pawn_Wildboar_Wounded</soundWounded>
          <soundDeath>Pawn_Wildboar_Death</soundDeath>
          <soundCall>Pawn_Wildboar_Call</soundCall>
          <soundAngry>Pawn_Wildboar_Angry</soundAngry>
        </li>
      </lifeStageAges>
      <soundMeleeHitPawn>Pawn_Melee_SmallScratch_HitPawn</soundMeleeHitPawn>
      <soundMeleeHitBuilding>Pawn_Melee_SmallScratch_HitBuilding</soundMeleeHitBuilding>
      <soundMeleeMiss>Pawn_Melee_SmallScratch_Miss</soundMeleeMiss>
    </race>
  </ThingDef>
  

  <ThingDef ParentName="BaseAnimal">
    <defName>Cow</defName>
    <label>cow</label>
    <description>A very common domestic animal. It can produce large amounts of milk, or be slaughtered for delicious food.</description>
    <statBases>
      <MoveSpeed>3.15</MoveSpeed>
      <ComfyTemperatureMin>-14</ComfyTemperatureMin>
      <MarketValue>350</MarketValue>
    </statBases>
    <comps>
      <li>
        <compClass>CompMilkable</compClass>
        <milkDef>Milk</milkDef>
        <milkIntervalDays>1</milkIntervalDays>
        <milkAmount>8</milkAmount>
      </li>
    </comps>
    <verbs>
      <li>
        <verbClass>Verb_MeleeAttack</verbClass>
        <defaultCooldownTicks>100</defaultCooldownTicks>
        <meleeDamageBaseAmount>6</meleeDamageBaseAmount>
        <meleeDamageDef>Bite</meleeDamageDef>
        <linkedBodyPartsGroup>Teeth</linkedBodyPartsGroup>
      </li>
    </verbs>
    <race>
      <body>QuadrupedAnimalWithHooves</body>
      <baseBodySize>1.8</baseBodySize>
      <baseHungerRate>0.9</baseHungerRate>
      <baseHealthScale>1.5</baseHealthScale>
      <diet>Herbivorous</diet>
      <leatherColor>(201,201,201)</leatherColor>
      <leatherLabel>cowskin</leatherLabel>
      <leatherInsulation>1.4</leatherInsulation>
      <gestationPeriodDays>100</gestationPeriodDays>
      <leatherStatFactors>
        <MarketValue>1.1</MarketValue>
        <ArmorRating_Heat>2.9</ArmorRating_Heat>
      </leatherStatFactors>
      <wildness>0.05</wildness>
      <nuzzleChancePerHour>0.03</nuzzleChancePerHour>
      <trainableIntelligence>Intermediate</trainableIntelligence>
      <meatLabel>beef</meatLabel>
      <litterSizeCurve>
        <points>
          <li>(0.5, 0)</li>
          <li>(1, 1)</li>
          <li>(3, 1)</li>
          <li>(3.5, 0)</li>
        </points>
      </litterSizeCurve>
      <lifeExpectancy>22</lifeExpectancy>
      <lifeStageAges>
        <li>
          <def>AnimalBaby</def>
          <minAge>0</minAge>
        </li>
        <li>
          <def>AnimalJuvenile</def>
          <minAge>0.25</minAge>
        </li>
        <li>
          <def>AnimalAdult</def>
          <minAge>0.8</minAge>
          <soundWounded>Pawn_Muffalo_Wounded</soundWounded>
          <soundDeath>Pawn_Muffalo_Death</soundDeath>
          <soundCall>Pawn_Muffalo_Call</soundCall>
          <soundAngry>Pawn_Muffalo_Angry</soundAngry>
        </li>
      </lifeStageAges>
      <soundMeleeHitPawn>Pawn_Melee_BigBash_HitPawn</soundMeleeHitPawn>
      <soundMeleeHitBuilding>Pawn_Melee_BigBash_HitBuilding</soundMeleeHitBuilding>
      <soundMeleeMiss>Pawn_Melee_BigBash_Miss</soundMeleeMiss>
    </race>
  </ThingDef>

  <ThingDef ParentName="BaseAnimal">
    <defName>Alpaca</defName>
    <label>alpaca</label>
    <description>A medium-sized ungulate closely related to the llama, the alpaca is often farmed for its remarkably soft wool.</description>
    <statBases>
      <MoveSpeed>3.8</MoveSpeed>
      <ComfyTemperatureMin>-18</ComfyTemperatureMin>
      <MarketValue>400</MarketValue>
    </statBases>
    <verbs>
      <li>
        <verbClass>Verb_MeleeAttack</verbClass>
        <defaultCooldownTicks>100</defaultCooldownTicks>
        <meleeDamageBaseAmount>7</meleeDamageBaseAmount>
        <meleeDamageDef>Blunt</meleeDamageDef>
        <linkedBodyPartsGroup>FrontLeftLeg</linkedBodyPartsGroup>
      </li>
      <li>
        <verbClass>Verb_MeleeAttack</verbClass>
        <defaultCooldownTicks>100</defaultCooldownTicks>
        <meleeDamageBaseAmount>7</meleeDamageBaseAmount>
        <meleeDamageDef>Blunt</meleeDamageDef>
        <linkedBodyPartsGroup>FrontRightLeg</linkedBodyPartsGroup>
      </li>
    </verbs>
    <comps>
      <li>
        <compClass>CompShearable</compClass>
        <woolDef>AlpacaWool</woolDef>
        <shearIntervalDays>30</shearIntervalDays>
        <woolAmount>120</woolAmount>
      </li>
    </comps>
    <race>
      <body>QuadrupedAnimalWithHooves</body>
      <herdAnimal>true</herdAnimal>
      <baseBodySize>1.0</baseBodySize>
      <baseHungerRate>0.5</baseHungerRate>
      <baseHealthScale>1.0</baseHealthScale>
      <diet>Herbivorous</diet>
      <leatherColor>(237,216,174)</leatherColor>
      <leatherLabel>alpacahide</leatherLabel>
      <leatherInsulation>1.3</leatherInsulation>
      <wildness>0</wildness>
      <nuzzleChancePerHour>0.03</nuzzleChancePerHour>
      <gestationPeriodDays>90</gestationPeriodDays>
      <lifeExpectancy>15</lifeExpectancy>
      <lifeStageAges>
        <li>
          <def>AnimalBaby</def>
          <minAge>0</minAge>
        </li>
        <li>
          <def>AnimalJuvenile</def>
          <minAge>0.25</minAge>
        </li>
        <li>
          <def>AnimalAdult</def>
          <minAge>0.8</minAge>
          <soundWounded>Pawn_Elk_Wounded</soundWounded>
          <soundDeath>Pawn_Elk_Death</soundDeath>
          <soundCall>Pawn_Elk_Call</soundCall>
          <soundAngry>Pawn_Elk_Angry</soundAngry>
        </li>
      </lifeStageAges>
      <soundMeleeHitPawn>Pawn_Melee_BigBash_HitPawn</soundMeleeHitPawn>
      <soundMeleeHitBuilding>Pawn_Melee_BigBash_HitBuilding</soundMeleeHitBuilding>
      <soundMeleeMiss>Pawn_Melee_BigBash_Miss</soundMeleeMiss>
    </race>
  </ThingDef>
  
</Defs>