﻿<?xml version="1.0" encoding="utf-8" ?>
<ThingDefs>

	<ThingDef Class="Enhanced_Defence.Vehicles.ThingDef_VehiclePawn" Name="BasePawn" Abstract="True">
		<thingClass>Enhanced_Defence.Vehicles.VehiclePawn</thingClass>
		<category>Pawn</category>
		<selectable>true</selectable>
		<tickerType>Normal</tickerType>
		<altitudeLayer>Pawn</altitudeLayer>
		<useHitPoints>false</useHitPoints>
		<hasTooltip>true</hasTooltip>
		<soundImpactDefault>BulletImpactFlesh</soundImpactDefault>
		<inspectorTabs>
			<li>ITab_Pawn_Health</li>
			<li>ITab_Pawn_Gear</li>
			<li>ITab_Pawn_Guest</li>
		</inspectorTabs>
		<comps>
			<li>
				<compClass>CompAttachBase</compClass>
			</li>
		</comps>
		<drawGUIOverlay>true</drawGUIOverlay>
	</ThingDef>



	<!-- ============================ Vehicle ========================== -->

	<ThingDef Class="Enhanced_Defence.Vehicles.ThingDef_VehiclePawn" ParentName="BasePawn">
		<defName>Vehicle_APC</defName>
		<label>Vehicle_APC</label>
		<description>Heavy vehicle able to engage in combat or transport resources across the map.</description>
		<graphicOverdraw>true</graphicOverdraw>
		<targetHitChanceFactor>2.0</targetHitChanceFactor>
		<statBases>
			<MoveSpeed>7.00</MoveSpeed>
			<ArmorRating_Blunt>0.2</ArmorRating_Blunt>
			<ArmorRating_Sharp>0.7</ArmorRating_Sharp>
			<Flammability>0</Flammability>
			<ComfyTemperatureMin>-100</ComfyTemperatureMin>
			<ComfyTemperatureMax>250</ComfyTemperatureMax>
		</statBases>
		<race>
			<intelligence>ToolUser</intelligence>
			<mechanoid>true</mechanoid>
			<needsRest>false</needsRest>
			<hasGenders>false</hasGenders>
			<isFlesh>false</isFlesh>
			<diet>NeverEats</diet>
			<thinkTree>Vehicle</thinkTree>
			<body>MechanicalCentipede</body>
			<bodySize>2.0</bodySize>
			<healthScale>1.2</healthScale>
			<meatAmountMultiplier>0.3</meatAmountMultiplier>
			<soundWounded>Pawn_Mech_Centipede_Wounded</soundWounded>
			<soundDeath>Pawn_Mech_Centipede_Death</soundDeath>
			<soundCall>Pawn_Mech_Centipede_Call</soundCall>
			<soundCallIntervalRange>
				<min>1000</min>
				<max>2000</max>
			</soundCallIntervalRange>
			<soundAngry>Pawn_Mech_Centipede_Angry</soundAngry>
			<soundMeleeHitPawn>Pawn_Melee_MechanoidBash_HitPawn</soundMeleeHitPawn>
			<soundMeleeHitBuilding>Pawn_Melee_MechanoidBash_HitBuilding</soundMeleeHitBuilding>
			<soundMeleeMiss>Pawn_Melee_MechanoidBash_Miss</soundMeleeMiss>
		</race>
		<graphicSunShadowInfo>
			<baseWidth>0.6</baseWidth>
			<baseHeight>0.6</baseHeight>
			<tallness>0.8</tallness>
		</graphicSunShadowInfo>
	</ThingDef>

</ThingDefs>