﻿<?xml version="1.0" encoding="utf-8"?>
<ModMetaData>
	<name>ED-PersonalNanoShields</name>
	<targetVersion>0.16.1361</targetVersion>
	<author>Jaxxa</author>
	<url>https://ludeon.com/forums/index.php?topic=18995.0</url>
	<description>Version: 04.00.00
	
Discussion, Non Steam Downloads and GitHub Repositories of this mod is available at: https://ludeon.com/forums/index.php?topic=18995

Yes this does throw a bunch of warning, as far as I can tell they are harmless and not easily fixable without adding additional complexity that I do not want to do for fear of adding additional issues.
This should be fixed in an upcoming complete rewrite.

This module adds an alternate version of Personal Shields into the game. 
Technically I had the first version of my personal shields out before they were in the base game, so the base game is the alternate version. 

These shields function differently to the base game in that they require additional infrastructure, they are limited in the amount of charge that they can store and need to return to base to recharge. 
The advantage that these have is that they block both incoming Melee and Ranged attacks while still allowing the user to deploy Ranged Weapons.
	</description>
</ModMetaData>