﻿<?xml version="1.0" encoding="utf-8" ?>
<Defs>

	<ThingDef Name="PlantBase" Abstract="True">
		<category>Plant</category>
		<thingClass>Enhanced_Defence.Plants24H.Plant</thingClass>
		<altitudeLayer>LowPlant</altitudeLayer>
		<useHitPoints>True</useHitPoints>
		<statBases>
			<Flammability>0.8</Flammability>
		</statBases>
		<tickerType>Rare</tickerType>
		<selectable>False</selectable>
		<neverMultiSelect>True</neverMultiSelect>
		<drawerType>MapMeshOnly</drawerType>
		<graphicShaderType>CutoutPlant</graphicShaderType>
		<plant>
			<harvestDestroys>true</harvestDestroys>
			<soundHarvesting>Harvest_Standard</soundHarvesting>
			<soundHarvestFinish>Harvest_Standard_Finish</soundHarvestFinish>
			<harvestWork>150</harvestWork>
			<sowWork>150</sowWork>
			<fertilityMin>0.5</fertilityMin>
			<fertilityFactorGrowthRate>1.0</fertilityFactorGrowthRate>
			<topWindExposure>0.1</topWindExposure>
			<visualSizeRange>
				<min>0.3</min>
				<max>1.00</max>
			</visualSizeRange>
		</plant>
	</ThingDef>


	<!--===========================  Wild - clustering bushes (some harvestable) ==============================-->


	<ThingDef ParentName="PlantBase">
		<defName>PlantRaspberry</defName>
		<label>raspberry bush</label>
		<description>A bushy plant which yields delicious red berries.</description>
		<statBases>
			<MaxHitPoints>120</MaxHitPoints>
		</statBases>
		<graphicPath>Things/Plant/Raspberry</graphicPath>
		<graphicClass>Graphic_Random</graphicClass>
		<selectable>true</selectable>
		<graphicSunShadowInfo>
			<baseWidth>0.6</baseWidth>
			<baseHeight>0.6</baseHeight>
			<tallness>0.2</tallness>
		</graphicSunShadowInfo>
		<fillPercent>0.25</fillPercent>
		<pathCost>30</pathCost>
		<ingestible>
			<preferability>Plant</preferability>
			<nutrition>0.40</nutrition>
		</ingestible>
		<plant>
			<leaflessGraphicPath>Things/Plant/Bush_Leafless</leaflessGraphicPath>
			<harvestWork>150</harvestWork>
			<harvestTag>Standard</harvestTag>
			<harvestDestroys>false</harvestDestroys>
			<harvestedThingDef>RawBerries</harvestedThingDef>
			<harvestYieldRange>
				<min>5</min>
				<max>8</max>
			</harvestYieldRange>
			<fertilityMin>0.5</fertilityMin>
			<wildCommonalityMaxFraction>3.0</wildCommonalityMaxFraction>
			<wildClusterSizeRange>
				<min>2</min>
				<max>5</max>
			</wildClusterSizeRange>
			<wildClusterRadius>4</wildClusterRadius>
			<visualSizeRange>
				<min>0.7</min>
				<max>1.1</max>
			</visualSizeRange>
			<growDays>6</growDays>
			<topWindExposure>0.3</topWindExposure>
			<fertilityFactorGrowthRate>0.5</fertilityFactorGrowthRate>
		</plant>
	</ThingDef>


	<ThingDef ParentName="PlantBase">
		<defName>PlantBush</defName>
		<label>bush</label>
		<description>A short shrub. Does not typically talk.</description>
		<statBases>
			<MaxHitPoints>120</MaxHitPoints>
		</statBases>
		<graphicPath>Things/Plant/Bush</graphicPath>
		<graphicClass>Graphic_Random</graphicClass>
		<selectable>true</selectable>
		<graphicSunShadowInfo>
			<baseWidth>0.37</baseWidth>
			<baseHeight>0.37</baseHeight>
			<tallness>0.2</tallness>
		</graphicSunShadowInfo>
		<fillPercent>0.25</fillPercent>
		<pathCost>30</pathCost>
		<ingestible>
			<preferability>Plant</preferability>
			<nutrition>0.30</nutrition>
		</ingestible>
		<plant>
			<leaflessGraphicPath>Things/Plant/Bush_Leafless</leaflessGraphicPath>
			<harvestWork>130</harvestWork>
			<fertilityMin>0.4</fertilityMin>
			<wildClusterSizeRange>
				<min>2</min>
				<max>5</max>
			</wildClusterSizeRange>
			<wildClusterRadius>4</wildClusterRadius>
			<visualSizeRange>
				<min>0.7</min>
				<max>1.1</max>
			</visualSizeRange>
			<growDays>6</growDays>
			<topWindExposure>0.3</topWindExposure>
			<fertilityFactorGrowthRate>0.5</fertilityFactorGrowthRate>
		</plant>
	</ThingDef>



	<!--======================= Wild plants - carpets ========================-->

	<ThingDef ParentName="PlantBase">
		<defName>PlantGrass</defName>
		<label>grass</label>
		<description>Wild grass. Grows anywhere there is a little light and minimally fertile ground.</description>
		<statBases>
			<MaxHitPoints>85</MaxHitPoints>
			<Beauty>2</Beauty>
		</statBases>
		<graphicPath>Things/Plant/Grass</graphicPath>
		<graphicClass>Graphic_Random</graphicClass>
		<hideAtSnowDepth>0.5</hideAtSnowDepth>
		<ingestible>
			<preferability>Plant</preferability>
			<nutrition>0.30</nutrition>
		</ingestible>
		<plant>
			<leaflessGraphicPath>Things/Plant/Grass_Leafless</leaflessGraphicPath>
			<harvestWork>40</harvestWork>
			<fertilityMin>0.05</fertilityMin>
			<maxMeshCount>9</maxMeshCount>
			<visualSizeRange>
				<min>0.4</min>
				<max>0.6</max>
			</visualSizeRange>
			<growDays>5</growDays>
			<topWindExposure>0.4</topWindExposure>
			<seedEmitMTBDays>7</seedEmitMTBDays>
			<fertilityFactorGrowthRate>0.90</fertilityFactorGrowthRate>
			<fertilityFactorPlantChance>0.90</fertilityFactorPlantChance>
		</plant>
	</ThingDef>


	<ThingDef ParentName="PlantBase">
		<defName>PlantDandelion</defName>
		<label>dandelions</label>
		<description>A common small flower. Though it is often considered a weed, it is pleasant to look at.</description>
		<statBases>
			<MaxHitPoints>85</MaxHitPoints>
			<Beauty>5</Beauty>
		</statBases>
		<graphicPath>Things/Plant/Dandelion</graphicPath>
		<graphicClass>Graphic_Random</graphicClass>
		<hideAtSnowDepth>0.5</hideAtSnowDepth>
		<ingestible>
			<preferability>Plant</preferability>
			<nutrition>0.30</nutrition>
		</ingestible>
		<plant>
			<sowTags>
				<li>Ground</li>
			</sowTags>
			<fertilityMin>0.05</fertilityMin>
			<maxMeshCount>25</maxMeshCount>
			<visualSizeRange>
				<min>0.3</min>
				<max>0.4</max>
			</visualSizeRange>
			<growDays>5</growDays>
			<topWindExposure>0.3</topWindExposure>
			<seedEmitMTBDays>7</seedEmitMTBDays>
			<fertilityFactorGrowthRate>1</fertilityFactorGrowthRate>
			<fertilityFactorPlantChance>1.0</fertilityFactorPlantChance>
			<wildClusterSizeRange>
				<min>2</min>
				<max>6</max>
			</wildClusterSizeRange>
			<wildClusterRadius>4</wildClusterRadius>
		</plant>
	</ThingDef>

	<ThingDef ParentName="PlantBase">
		<defName>PlantAstragalus</defName>
		<label>astragalus</label>
		<description>A small perennial wildflower that grows in alpine climates.</description>
		<statBases>
			<MaxHitPoints>85</MaxHitPoints>
			<Beauty>5</Beauty>
		</statBases>
		<graphicPath>Things/Plant/Astragalus</graphicPath>
		<graphicClass>Graphic_Random</graphicClass>
		<hideAtSnowDepth>0.5</hideAtSnowDepth>
		<ingestible>
			<preferability>Plant</preferability>
			<nutrition>0.30</nutrition>
		</ingestible>
		<plant>
			<fertilityMin>0.05</fertilityMin>
			<maxMeshCount>25</maxMeshCount>
			<visualSizeRange>
				<min>0.3</min>
				<max>0.4</max>
			</visualSizeRange>
			<growDays>5</growDays>
			<topWindExposure>0.3</topWindExposure>
			<seedEmitMTBDays>7</seedEmitMTBDays>
			<fertilityFactorGrowthRate>1</fertilityFactorGrowthRate>
			<fertilityFactorPlantChance>1.0</fertilityFactorPlantChance>
			<wildClusterSizeRange>
				<min>2</min>
				<max>6</max>
			</wildClusterSizeRange>
			<wildClusterRadius>4</wildClusterRadius>
		</plant>
	</ThingDef>


	<ThingDef ParentName="PlantBase">
		<defName>PlantMoss</defName>
		<label>moss</label>
		<description>A wild moss that grows in clumps in areas of low light and high humidity. Very hardy and frost-resistant.</description>
		<statBases>
			<MaxHitPoints>120</MaxHitPoints>
			<Beauty>1</Beauty>
		</statBases>
		<graphicPath>Things/Plant/Moss</graphicPath>
		<graphicClass>Graphic_Random</graphicClass>
		<hideAtSnowDepth>0.5</hideAtSnowDepth>
		<ingestible>
			<preferability>Plant</preferability>
			<nutrition>0.10</nutrition>
		</ingestible>
		<plant>
			<leaflessGraphicPath>Things/Plant/Moss_Leafless</leaflessGraphicPath>
			<harvestWork>60</harvestWork>
			<fertilityMin>0.05</fertilityMin>
			<maxMeshCount>9</maxMeshCount>
			<visualSizeRange>
				<min>0.4</min>
				<max>0.6</max>
			</visualSizeRange>
			<growDays>15</growDays>
			<topWindExposure>0.0</topWindExposure>
			<fertilityFactorGrowthRate>0.90</fertilityFactorGrowthRate>
			<fertilityFactorPlantChance>0.90</fertilityFactorPlantChance>
		</plant>
	</ThingDef>


	<!--============================ Wild - Trees ============================-->

	<ThingDef ParentName="PlantBase" Name="TreeBase" Abstract="True">
		<statBases>
			<MaxHitPoints>300</MaxHitPoints>
		</statBases>
		<description>A tree.</description>
		<altitudeLayer>BuildingTall</altitudeLayer>
		<selectable>true</selectable>
		<fillPercent>0.35</fillPercent>
		<graphicSunShadowInfo>
			<baseWidth>0.3</baseWidth>
			<baseHeight>0.3</baseHeight>
			<tallness>0.3</tallness>
		</graphicSunShadowInfo>
		<passability>PassThroughOnly</passability>
		<pathCost>130</pathCost>
		<ingestible>
			<preferability>Plant</preferability>
			<nutrition>0.50</nutrition>
		</ingestible>
		<plant>
			<soundHarvesting>Harvest_Tree</soundHarvesting>
			<soundHarvestFinish>Harvest_Tree_Finish</soundHarvestFinish>
			<sowWork>1500</sowWork>
			<harvestWork>800</harvestWork>
			<harvestDestroys>true</harvestDestroys>
			<harvestedThingDef>WoodLog</harvestedThingDef>
			<harvestYieldRange>
				<min>10</min>
				<max>50</max>
			</harvestYieldRange>
			<harvestTag>Wood</harvestTag>
			<harvestMinGrowth>0.40</harvestMinGrowth>
			<blockAdjacentSow>true</blockAdjacentSow>
			<sowTags>
				<li>Ground</li>
			</sowTags>
			<visualSizeRange>
				<min>1.3</min>
				<max>2.0</max>
			</visualSizeRange>
			<fertilityMin>0.3</fertilityMin>
			<topWindExposure>0.25</topWindExposure>
			<fertilityFactorGrowthRate>0.5</fertilityFactorGrowthRate>
			<wildClusterSizeRange>
				<min>8</min>
				<max>30</max>
			</wildClusterSizeRange>
			<wildClusterRadius>8</wildClusterRadius>
		</plant>
	</ThingDef>


	<ThingDef ParentName="TreeBase">
		<defName>PlantTreeOak</defName>
		<label>oak tree</label>
		<description>A strong hardwood tree. Slow-going, but its wood is very strong.</description>
		<graphicPath>Things/Plant/TreeOak</graphicPath>
		<graphicClass>Graphic_Random</graphicClass>
		<statBases>
			<Beauty>5</Beauty>
		</statBases>
		<plant>
			<leaflessGraphicPath>Things/Plant/TreeOak_Leafless</leaflessGraphicPath>
			<growDays>60</growDays>
			<harvestWork>1000</harvestWork>
			<harvestYieldRange>
				<min>10</min>
				<max>50</max>
			</harvestYieldRange>
		</plant>
	</ThingDef>

	<ThingDef ParentName="TreeBase">
		<defName>PlantTreePoplar</defName>
		<label>poplar tree</label>
		<description>A softwood tree. Grows fast, but yield little useful wood.</description>
		<graphicPath>Things/Plant/TreePoplar</graphicPath>
		<graphicClass>Graphic_Random</graphicClass>
		<statBases>
			<Beauty>3</Beauty>
		</statBases>
		<plant>
			<leaflessGraphicPath>Things/Plant/TreePoplar_Leafless</leaflessGraphicPath>
			<growDays>31</growDays>
			<harvestWork>650</harvestWork>
			<harvestYieldRange>
				<min>10</min>
				<max>30</max>
			</harvestYieldRange>
		</plant>
	</ThingDef>

	<ThingDef ParentName="TreeBase">
		<defName>PlantTreePine</defName>
		<label>pine tree</label>
		<description>A large conifer.</description>
		<graphicPath>Things/Plant/TreePine</graphicPath>
		<graphicClass>Graphic_Random</graphicClass>
		<statBases>
			<Beauty>5</Beauty>
		</statBases>
		<plant>
			<visualSizeRange>
				<min>1.3</min>
				<max>3.0</max>
			</visualSizeRange>
			<growDays>40</growDays>
			<harvestWork>700</harvestWork>
			<harvestYieldRange>
				<min>10</min>
				<max>30</max>
			</harvestYieldRange>
		</plant>
		<graphicSunShadowInfo>
			<baseWidth>0.2</baseWidth>
			<baseHeight>0.2</baseHeight>
			<tallness>0.3</tallness>
		</graphicSunShadowInfo>
	</ThingDef>

	<ThingDef ParentName="TreeBase">
		<defName>PlantTreeBirch</defName>
		<label>birch tree</label>
		<description>A northern tree known for its thin, paper-like bark.</description>
		<graphicPath>Things/Plant/TreeBirch</graphicPath>
		<graphicClass>Graphic_Random</graphicClass>
		<statBases>
			<Beauty>3</Beauty>
		</statBases>
		<plant>
			<leaflessGraphicPath>Things/Plant/TreeBirch_Leafless</leaflessGraphicPath>
			<growDays>40</growDays>
			<harvestWork>700</harvestWork>
			<harvestYieldRange>
				<min>10</min>
				<max>30</max>
			</harvestYieldRange>
			<leaflessGraphicPath>Things/Plant/TreeBirch_Leafless</leaflessGraphicPath>
		</plant>
		<graphicSunShadowInfo>
			<baseWidth>0.15</baseWidth>
			<baseHeight>0.1</baseHeight>
			<tallness>0.3</tallness>
		</graphicSunShadowInfo>
	</ThingDef>

</Defs>