<?xml version="1.0" encoding="utf-8" ?>
<ThingDefs>


	<ThingDef Name="BuildingBase" Abstract="True">
		<category>Building</category>
		<soundBulletHit>BulletImpactMetal</soundBulletHit>
		<selectable>true</selectable>
		<drawerType>MapMeshAndRealTime</drawerType>
		<surfaceNeeded>Light</surfaceNeeded>
		<constructionEffect>ConstructMetal</constructionEffect>
		<repairEffect>Repair</repairEffect>
	</ThingDef>

	<!-- =================== Various ==================-->

	<ThingDef ParentName="BuildingBase">
		<defName>EnergyTurretGun</defName>
		<eType>Building_Turret</eType>
		<label>Energy Turret</label>
		<thingClass>TurretAmmo.Building_TurretGun</thingClass>
		<texturePath>EnergyTurret/EnergyTurretGun</texturePath>
		<altitudeLayer>Waist</altitudeLayer>
		<maxHealth>800</maxHealth>
		<tickerType>Normal</tickerType>
		<comps>
			<li>
				<compClass>CompExplosive</compClass>
				<explosiveRadius>3.0</explosiveRadius>
				<explosiveDamageType>Bomb</explosiveDamageType>
			</li>
			<li><compClass>CompForbiddable</compClass></li>
			<li>
				<compClass>CompPowerTrader</compClass>
				<basePowerConsumption>700</basePowerConsumption>
			</li>
		</comps>
		<description>A heavily armoured turret that automatically fires 12 burst rounds of concentrated energy at nearby enemies. Explodes when damaged. 800 health. </description>
		<flammability>0.5</flammability>
		<size>(2,2)</size>
		<passability>Impassable</passability>
		<castEdgeShadows>true</castEdgeShadows>
		<fillPercent>0.4</fillPercent>
		<costList>
			<li>
				<thingDef>Metal</thingDef>
				<count>400</count>
			</li>
		</costList>
		<researchPrerequisite><li>EnergyWeapons</li></researchPrerequisite>
		<workToBuild>2000</workToBuild>
		<overdraw>true</overdraw>
		<combatTargetBuilding>true</combatTargetBuilding>
		<beauty>Ugly</beauty>
		<filthLeavings>
			<li>
				<thingDef>SlagRubble</thingDef>
				<count>3</count>
			</li>
		</filthLeavings>
		<leaveResourcesWhenKilled>true</leaveResourcesWhenKilled>
		<surfaceNeeded>Light</surfaceNeeded>
		<designationCategory>Security</designationCategory>
		<specialDisplayRadius>24</specialDisplayRadius>
		<building>
			<turretGunDef>Gun_EnergyTurret</turretGunDef>
			<turretTopTexturePath>EnergyTurret/EnergyTurretGun_Top</turretTopTexturePath>
		</building>
	</ThingDef>

	<!-- ============================================== -->

</ThingDefs>