﻿<?xml version="1.0" encoding="utf-8" ?>
<Buildings>


	<ThingDef Name="BuildingBase" Abstract="True">
		<category>Building</category>
		<soundBulletHit>BulletImpactMetal</soundBulletHit>
		<selectable>true</selectable>
		<drawerType>MapMeshAndRealTime</drawerType>
		<surfaceNeeded>Light</surfaceNeeded>
		<constructionEffect>ConstructMetal</constructionEffect>
		<repairEffect>Repair</repairEffect>
	</ThingDef>

	<ThingDef ParentName="BuildingBase">
		<defName>Hopper</defName>
		<eType>BuildingComplex</eType>
		<label>Hopper</label>
		<thingClass>Building_Storage</thingClass>
		<texturePath>Things/Building/Production/Hopper</texturePath>
		<altitudeLayer>Waist</altitudeLayer>
		<passability>Impassable</passability>
		<building>
			<fixedStorageSettings>
				<priority>Important</priority>
				<allowances>
					<categories>
						<li>FoodRaw</li>
						<li>ResourcesRaw</li>
						<li>Manufactured</li>
					</categories>
				</allowances>
			</fixedStorageSettings>
			<defaultStorageSettings>
				<priority>Important</priority>
				<allowances>
					<categories>
						<li>FoodRaw</li>
						<li>ResourcesRaw</li>
						<li>Manufactured</li>
					</categories>
				</allowances>
			</defaultStorageSettings>
		</building>
		<inspectorTabs>
			<li>ITab_Storage</li>
		</inspectorTabs>
		<castEdgeShadows>true</castEdgeShadows>
		<fillPercent>1</fillPercent>
		<maxHealth>100</maxHealth>
		<flammability>1.0</flammability>
		<description>Holds resources for use by machines from nutrient paste dispensers to nuclear reactors.</description>
		<workToBuild>100</workToBuild>
		<costList>
			<li>
				<thingDef>Metal</thingDef>
				<count>15</count>
			</li>
		</costList>
		<tickerType>Never</tickerType>
		<rotatable>true</rotatable>
		<neverMultiSelect>true</neverMultiSelect>
		<killedLeavings>
			<li>
				<thingDef>ChunkSlag</thingDef>
				<count>1</count>
			</li>
		</killedLeavings>
		<filthLeavings>
			<li>
				<thingDef>SlagRubble</thingDef>
				<count>2</count>
			</li>
		</filthLeavings>
		<designationCategory>Production</designationCategory>
		<staticSunShadowHeight>0.3</staticSunShadowHeight>
		<ConstructionEffect>ConstructMetal</ConstructionEffect>
		<itemSurface>true</itemSurface>
    	<placementRestricters>
      		<li>PlacementRestricter_NextToHopperAccepter</li>
    	</placementRestricters>
     	<designationHotKey>H</designationHotKey>
	</ThingDef>
		
</Buildings>