<?xml version="1.0" encoding="utf-8" ?>
<ThingDefs>


	<ThingDef Name="BuildingBase" Abstract="True">
		<category>Building</category>
		<soundBulletHit>BulletImpactMetal</soundBulletHit>
		<selectable>true</selectable>
		<drawerType>MapMeshAndRealTime</drawerType>
		<surfaceNeeded>Light</surfaceNeeded>
		<constructionEffect>ConstructMetal</constructionEffect>
		<repairEffect>Repair</repairEffect>
	</ThingDef>

	<!-- =================== Various ==================-->

	<ThingDef ParentName="BuildingBase">
		<defName>ImprovedTurretGun</defName>
		<eType>Building_Turret</eType>
		<label>Improved Turret</label>
		<thingClass>TurretAmmo.Building_TurretGun</thingClass>
		<texturePath>ImprovedTurret/ImprovedTurretGun</texturePath>
		<altitudeLayer>Waist</altitudeLayer>
		<maxHealth>400</maxHealth>
		<tickerType>Normal</tickerType>
		<comps>
			<li>
				<compClass>CompExplosive</compClass>
				<explosiveRadius>2.4</explosiveRadius>
				<explosiveDamageType>Bomb</explosiveDamageType>
			</li>
			<li><compClass>CompForbiddable</compClass></li>
			<li>
				<compClass>CompPowerTrader</compClass>
				<basePowerConsumption>500</basePowerConsumption>
			</li>
		</comps>
		<description>An improved turret that automatically fires at nearby enemies. Explodes when damaged. Has higher rate of fire, 400 health and is less flammable. </description>
		<flammability>0.5</flammability>
		<size>(2,2)</size>
		<passability>Impassable</passability>
		<castEdgeShadows>true</castEdgeShadows>
		<fillPercent>0.4</fillPercent>
		<costList>
			<li>
				<thingDef>Metal</thingDef>
				<count>300</count>
			</li>
		</costList>
		<researchPrerequisite><li>ImprovedTurret</li></researchPrerequisite>
		<workToBuild>1500</workToBuild>
		<overdraw>true</overdraw>
		<combatTargetBuilding>true</combatTargetBuilding>
		<beauty>Ugly</beauty>
		<filthLeavings>
			<li>
				<thingDef>SlagRubble</thingDef>
				<count>2</count>
			</li>
		</filthLeavings>
		<leaveResourcesWhenKilled>true</leaveResourcesWhenKilled>
		<surfaceNeeded>Light</surfaceNeeded>
		<designationCategory>Security</designationCategory>
		<specialDisplayRadius>26</specialDisplayRadius>
		<building>
			<turretGunDef>Gun_ImprovedTurret</turretGunDef>
			<turretTopTexturePath>ImprovedTurret/ImprovedTurretGun_Top</turretTopTexturePath>
		</building>
	</ThingDef>

	<!-- ============================================== -->

</ThingDefs>