<?xml version="1.0" encoding="utf-8" ?>
<ThingDefs>


	<ThingDef Name="BuildingBase" Abstract="True">
		<category>Building</category>
		<soundBulletHit>BulletImpactMetal</soundBulletHit>
		<selectable>true</selectable>
		<drawerType>MapMeshAndRealTime</drawerType>
		<surfaceNeeded>Light</surfaceNeeded>
		<constructionEffect>ConstructMetal</constructionEffect>
		<repairEffect>Repair</repairEffect>
	</ThingDef>

	<!-- =================== Various ==================-->

	<ThingDef ParentName="BuildingBase">
		<defName>SniperTurretGun</defName>
		<eType>Building_Turret</eType>
		<label>Sniper Turret</label>
		<thingClass>TurretAmmo.Building_TurretGun</thingClass>
		<texturePath>SniperTurret/SniperTurretGun_V2</texturePath>
		<altitudeLayer>Waist</altitudeLayer>
		<maxHealth>300</maxHealth>
		<tickerType>Normal</tickerType>
		<comps>
			<li>
				<compClass>CompExplosive</compClass>
				<explosiveRadius>2.4</explosiveRadius>
				<explosiveDamageType>Bomb</explosiveDamageType>
			</li>
			<li><compClass>CompForbiddable</compClass></li>
			<li>
				<compClass>CompPowerTrader</compClass>
				<basePowerConsumption>350</basePowerConsumption>
			</li>
		</comps>
		<description>A turret fitted with a sniper rifle that automatically fires at nearby and distant enemies. Explodes when damaged. 300 health. </description>
		<flammability>0.5</flammability>
		<size>(1,1)</size>
		<passability>Impassable</passability>
		<castEdgeShadows>true</castEdgeShadows>
		<fillPercent>0.4</fillPercent>
		<costList>
			<li>
				<thingDef>Metal</thingDef>
				<count>200</count>
			</li>
		</costList>
		<researchPrerequisite><li>SniperTurret</li></researchPrerequisite>
		<workToBuild>850</workToBuild>
		<overdraw>true</overdraw>
		<combatTargetBuilding>true</combatTargetBuilding>
		<beauty>Ugly</beauty>
		<filthLeavings>
			<li>
				<thingDef>SlagRubble</thingDef>
				<count>1</count>
			</li>
		</filthLeavings>
		<leaveResourcesWhenKilled>true</leaveResourcesWhenKilled>
		<surfaceNeeded>Light</surfaceNeeded>
		<designationCategory>Security</designationCategory>
		<specialDisplayRadius>50</specialDisplayRadius>
		<building>
			<turretGunDef>Gun_SniperTurret</turretGunDef>
			<turretTopTexturePath>SniperTurret/SniperTurretGun_Top</turretTopTexturePath>
		</building>
	</ThingDef>

	<!-- ============================================== -->

</ThingDefs>