﻿<?xml version="1.0" encoding="utf-8" ?>
<ThingDefs>

    <ThingDef Name="BuildingBase" Abstract="True">
            <category>Building</category>
            <soundBulletHit>BulletImpactMetal</soundBulletHit>
            <selectable>true</selectable>
            <drawerType>MapMeshAndRealTime</drawerType>
            <surfaceNeeded>Light</surfaceNeeded>
            <constructionEffect>ConstructMetal</constructionEffect>
            <repairEffect>Repair</repairEffect>
    </ThingDef>

    <ThingDef Class="TurretAmmo.TurretAmmoThingDef" ParentName="BuildingBase">
            <defName>Kaytusha_MRL</defName>
            <eType>Building_Turret</eType>
            <label>Kaytusha MRL</label>
            <thingClass>TurretAmmo.Building_TurretGun_Ammo</thingClass>
            <texturePath>Things/Building/TurretGun_Kaytusha</texturePath>
            <altitudeLayer>Waist</altitudeLayer>
            <maxHealth>250</maxHealth>
            <tickerType>Normal</tickerType>
			<ammoType>Missiles</ammoType>
			<ammoAmountUsedToFire>8</ammoAmountUsedToFire>
			<internalAmmoEnabled>false</internalAmmoEnabled>
			<internalAmmoMAX>0</internalAmmoMAX>
			<internalAmmoMultiplier>0</internalAmmoMultiplier>
			<internalAmmoCurrent>0</internalAmmoCurrent>
        <comps>
            <li>
            <compClass>CompExplosive</compClass>
            <explosiveRadius>3.9</explosiveRadius>
            <explosiveDamageType>Flame</explosiveDamageType>
            </li>
            <li>
			<compClass>CompForbiddable</compClass>
			</li>
            <li>
            <compClass>CompPowerTrader</compClass>
            <basePowerConsumption>100</basePowerConsumption>
            </li>
        </comps>
		    <description>Kaytusha MRL, multiple rockets, multiple explosions.</description>
            <flammability>1.0</flammability>
            <size>(2,2)</size>
            <passability>Impassable</passability>
            <castEdgeShadows>true</castEdgeShadows>
            <fillPercent>0.4</fillPercent>
        <costList>
            <li>
            <thingDef>Metal</thingDef>
            <count>650</count>
            </li>
        </costList>
	        <workToBuild>1000</workToBuild>
            <overdraw>true</overdraw>
            <combatTargetBuilding>true</combatTargetBuilding>
            <beauty>Ugly</beauty>
        <filthLeavings>
        <li>
            <thingDef>SlagRubble</thingDef>
            <count>1</count>
        </li>
        </filthLeavings>
            <leaveResourcesWhenKilled>true</leaveResourcesWhenKilled>
            <surfaceNeeded>Light</surfaceNeeded>
            <designationCategory>Security</designationCategory>
			<specialDisplayRadius>56</specialDisplayRadius>
        <building>
			<wantsHopperAdjacent>true</wantsHopperAdjacent>
            <turretGunDef>Kaytusha_RocketRack</turretGunDef>
            <turretTopTexturePath>Things/Building/TurretGun_Top_Kaytusha</turretTopTexturePath>
        </building>
	    <designationHotKey>Y</designationHotKey>
	    <researchPrerequisite>
		    <li>RocketScience</li>
		</researchPrerequisite>
    </ThingDef>
  
</ThingDefs>