﻿<?xml version="1.0" encoding="utf-8" ?>
<ThingDefs>

    <ThingDef Name="BaseGun" Abstract="True">
		    <category>Item</category>
		    <eType>Equipment</eType>
		    <thingClass>Equipment</thingClass>
		    <label>Gun</label>
		    <equipmentType>Primary</equipmentType>
		    <isGun>True</isGun>
		    <pathCost>10</pathCost>
		    <useStandardHealth>True</useStandardHealth>
		    <selectable>True</selectable>
		    <maxHealth>100</maxHealth>
		    <altitudeLayer>Item</altitudeLayer>
		    <alwaysHaulable>True</alwaysHaulable>
		    <tickerType>Never</tickerType>
		    <techLevel>Midworld</techLevel>
		<storeCategories>
		    <li>Weapons</li>
		</storeCategories>
	    <weaponTags>
		    <li>Gun</li>
		</weaponTags>
	    <comps>
		    <li><compClass>CompForbiddable</compClass></li>
		</comps>
		<verb>
            <category>Nonnative</category>
			<verbClass>Verb_Shoot</verbClass>
			<cooldownTicks>30</cooldownTicks>
			<label>VerbGun</label>
			<description>Fire a bullet.</description>
			<hasStandardCommand>true</hasStandardCommand>
		<targetParams>
		    <canTargetPawns>true</canTargetPawns>
			<canTargetBuildings>true</canTargetBuildings>
			<worldObjectTargetsMustBeAutoAttackable>true</worldObjectTargetsMustBeAutoAttackable>
		</targetParams>
		<canMiss>true</canMiss>
		</verb>
	</ThingDef>

	<ThingDef Name="BaseBullet" Abstract="True">
		    <category>Projectile</category>
		    <tickerType>Normal</tickerType>
		    <altitudeLayer>Projectile</altitudeLayer>
		    <thingClass>Projectile_Explosive</thingClass>
		    <label>Projectile</label>
		    <useStandardHealth>True</useStandardHealth>
		    <neverMultiSelect>True</neverMultiSelect>
		    <baseMaterialType>Transparent</baseMaterialType>
	</ThingDef>

    <ThingDef ParentName="BaseBullet">
		    <defName>Howitzer_CannonShell</defName>
		    <label>Howitzer Shell</label>
		    <texturePath>Things/Projectile/Howitzer_Shell</texturePath>
			<baseMaterialType>MotePostLight</baseMaterialType>
	    <projectile>
            <damageDef>Bomb</damageDef>
		    <damageAmountBase>45</damageAmountBase>
		    <explosionRadius>3.5</explosionRadius>
		    <speed>350</speed>
			<soundExplode>Explosion</soundExplode>
		    <flyOverhead>false</flyOverhead>
	    </projectile>

	</ThingDef>

	<ThingDef ParentName="BaseGun">
		    <defName>Howitzer_CannonTurret</defName>
		    <label>Howitzer Turret</label>
		    <description>Howitzer cannon</description>
		    <texturePath>Things/Building/TurretGun_Howitzer</texturePath>
		    <soundInteract>InteractRifle</soundInteract>
		    <canBeSpawningInventory>false</canBeSpawningInventory>
			<menuHidden>true</menuHidden>
		<weaponTags>
		    <li>TurretGun</li>
	    </weaponTags>
		<verb>
			<projectileDef>Howitzer_CannonShell</projectileDef>
			<ai_IsIncendiary>true</ai_IsIncendiary>
			<warmupTicks>121</warmupTicks>
			<cooldownTicks>363</cooldownTicks>
			<minRange>8</minRange>
			<range>150</range>
			<accuracyTouch>0.93</accuracyTouch>
			<accuracyShort>0.95</accuracyShort>
			<accuracyMedium>0.98</accuracyMedium>
			<accuracyLong>1.00</accuracyLong>
			<burstShotCount>1</burstShotCount>
			<fireSound>Howitzer</fireSound>
		</verb>
	</ThingDef>
	
</ThingDefs>