﻿<?xml version="1.0" encoding="utf-8" ?>
<ThingDefs>

    <ThingDef Name="BaseGun" Abstract="True">
		    <category>Item</category>
		    <eType>Equipment</eType>
		    <thingClass>Equipment</thingClass>
		    <label>Gun</label>
		    <equipmentType>Primary</equipmentType>
		    <isGun>True</isGun>
		    <pathCost>10</pathCost>
		    <useStandardHealth>True</useStandardHealth>
		    <selectable>True</selectable>
		    <maxHealth>100</maxHealth>
		    <altitudeLayer>Item</altitudeLayer>
		    <alwaysHaulable>True</alwaysHaulable>
		    <tickerType>Never</tickerType>
		    <techLevel>Midworld</techLevel>
		<storeCategories>
		    <li>Weapons</li>
		</storeCategories>
	    <weaponTags>
		    <li>Gun</li>
		</weaponTags>
	    <comps>
		    <li><compClass>CompForbiddable</compClass></li>
		</comps>
		<verb>
            <category>Nonnative</category>
			<verbClass>Verb_Shoot</verbClass>
			<cooldownTicks>30</cooldownTicks>
			<label>VerbGun</label>
			<description>Fire a bullet.</description>
			<hasStandardCommand>true</hasStandardCommand>
		<targetParams>
		    <canTargetPawns>true</canTargetPawns>
			<canTargetBuildings>true</canTargetBuildings>
			<worldObjectTargetsMustBeAutoAttackable>true</worldObjectTargetsMustBeAutoAttackable>
		</targetParams>
		<canMiss>true</canMiss>
		</verb>
	</ThingDef>

	<ThingDef Name="BaseBullet" Abstract="True">
		    <category>Projectile</category>
		    <tickerType>Normal</tickerType>
		    <altitudeLayer>Projectile</altitudeLayer>
		    <thingClass>Projectile_Explosive</thingClass>
		    <label>Projectile</label>
		    <useStandardHealth>True</useStandardHealth>
		    <neverMultiSelect>True</neverMultiSelect>
		    <baseMaterialType>Transparent</baseMaterialType>
	</ThingDef>

    <ThingDef ParentName="BaseBullet">
		    <defName>Kaytusha_Rocket</defName>
		    <label>Kaytusha Rocket</label>
		    <texturePath>Things/Projectile/Kaytusha_Rocket</texturePath>
			<baseMaterialType>MotePostLight</baseMaterialType>
	    <projectile>
            <damageDef>Flame</damageDef>
		    <damageAmountBase>25</damageAmountBase>
		    <explosionRadius>2.5</explosionRadius>
			<postExplosionSpawnThingDef>Puddle_Fuel</postExplosionSpawnThingDef>
            <explosionSpawnChance>0.6</explosionSpawnChance>
		    <speed>110</speed>
			<flyOverhead>true</flyOverhead>
			<soundExplode>Explosion</soundExplode>
	    </projectile>
    </ThingDef>

	<ThingDef ParentName="BaseGun">
		    <defName>Kaytusha_RocketRack</defName>
		    <label>Kaytusha MRL</label>
		    <description>Kaytusha Multiple Rocket Laucher</description>
		    <texturePath>Things/Building/TurretGun_Kaytusha</texturePath>
		    <soundInteract>InteractRifle</soundInteract>
		    <canBeSpawningInventory>false</canBeSpawningInventory>
			<destroyOnDrop>True</destroyOnDrop>
			<menuHidden>true</menuHidden>
		<weaponTags>
		    <li>TurretGun</li>
	    </weaponTags>
		<verb>
			<projectileDef>Kaytusha_Rocket</projectileDef>
			<forcedMissRadius>5</forcedMissRadius>
			<ai_IsIncendiary>true</ai_IsIncendiary>
			<warmupTicks>121</warmupTicks>
			<cooldownTicks>908</cooldownTicks>
			<minRange>8</minRange>
			<range>350</range>
			<accuracyTouch>0.61</accuracyTouch>
			<accuracyShort>0.56</accuracyShort>
			<accuracyMedium>0.51</accuracyMedium>
			<accuracyLong>0.41</accuracyLong>
			<burstShotCount>8</burstShotCount>
			<fireSound>Kaytusha</fireSound>
		</verb>
	</ThingDef>
	
</ThingDefs>