﻿<?xml version="1.0" encoding="utf-8"?>
<DefPackage-SoundDef>
  <SoundDef>
    <defName>Explosion</defName>
    <eventNames />
           <maxVoices>4</maxVoices>
           <maxSimultaneous>1</maxSimultaneous>
    <subSounds>
      <li>
        <grains>
          <li Class="AudioGrain_Clip">
            <clipPath>CannonTurret/Explosion</clipPath>
          </li>
        </grains>
        <volumeRange>
          <min>90</min>
          <max>165</max>
        </volumeRange>
		<distRange>
            <min>35</min>
            <max>150</max>
        </distRange>
        <pitchRange>
          <min>0.865690</min>
          <max>1.345345</max>
        </pitchRange>
      </li>
    </subSounds>
  </SoundDef>
</DefPackage-SoundDef>