<?xml version="1.0" encoding="utf-8"?>
<DefPackage-SoundDef>
    
	<SoundDef>
            <sustain>False</sustain>
            <eventNames />
            <maxVoices>4</maxVoices>
            <maxSimultaneous>1</maxSimultaneous>
            <priorityMode>PrioritizeNewest</priorityMode>
            <slot></slot>
            <sustainStartSound></sustainStartSound>
            <sustainStopSound></sustainStopSound>
        <subSounds>
            <li>
        <grains>
            <li Class="AudioGrain_Clip">
            <clipPath>CannonTurret/Flak</clipPath>
            </li>
        </grains>
		<volumeRange>
            <min>15</min>
            <max>30</max>
        </volumeRange>
		<pitchRange>
            <min>0.9304348</min>
            <max>1.305978</max>
        </pitchRange>
		<distRange>
            <min>35</min>
            <max>150</max>
        </distRange>
		    <repeatMode>NeverLastHalf</repeatMode>
            <paramMappings />
            <filters />
            <sustainLoop>True</sustainLoop>
        <sustainLoopDurationRange>
            <min>9999</min>
            <max>9999</max>
        </sustainLoopDurationRange>
            <sustainInterval>0</sustainInterval>
            <sustainAttack>0</sustainAttack>
            <sustainSkipFirstAttack>True</sustainSkipFirstAttack>
            <sustainRelease>0</sustainRelease>
        </li>
        </subSounds>
		<defName>Flak</defName>
    </SoundDef>
	
</DefPackage-SoundDef>