<?xml version="1.0" encoding="utf-8"?>
<ModMetaData>
	<name>ED-ShieldsBasic</name>
	<targetVersion>0.19.2009</targetVersion>
	<author>Jaxxa</author>
	<url>https://ludeon.com/forums/index.php?topic=37158</url>
	<description>Version: 0.19.0.0
Discussion, Non Steam Downloads of this mod is available at: https://ludeon.com/forums/index.php?topic=37158

This mod allows you to place shield generators. They are expensive and power hungry but can really strengthen your defenses. The standard shields will stop projectiles that try to enter it, but allow weapons to be fired out.


There are a number of different statistics that govern how Shield work.
Strength: How much Damage a shield can Take
Radius: How large the covered area is.
BlockIndirect: Can is Block Bullets and other directly fired Projectiles.
BlockDirect: Can it block Mortars and other Indirect Fire Weapons.
FireSupression: Can is extinguish fires.
DropPods: Can is target Drop Pods, frying their navigation and causing them to crash.


	Standard Shield:
Strength:4000
Radius:8
BlockIndirect:Yes
BlockDirect:Yes
FireSupression:Yes
DropPods:No

	Small shield:
Strength:200
Radius:2
BlockIndirect:Yes
BlockDirect:Yes
FireSupression:Yes
DropPods:No
	
	Fortress shield:
Strength:16000
Radius:20
BlockIndirect:Yes
BlockDirect:Yes
FireSupression:No
DropPods:Yes
	
	SIF shield:
Strength:6000
Radius:8
BlockIndirect:No
BlockDirect:Yes
FireSupression:Yes
DropPods:No

This is a Special type of Shield that specifically covers certain building instead of creating a large bubble.




Credits:
* Darker: Origional Mod http://ludeon.com/forums/index.php?topic=2677.msg24772#msg24772
* Rilamus: Providing Art
	</description>
</ModMetaData>