﻿<?xml version="1.0" encoding="utf-8" ?>
<Plants>


  <ThingDef Name="PlantBase" Abstract="True">
    <category>Plant</category>
		<thingClass>Enhanced_Development.Plants24H.Plant</thingClass>
    <altitudeLayer>LowPlant</altitudeLayer>
    <useHitPoints>True</useHitPoints>
    <statBases>
      <Flammability>0.8</Flammability>
    </statBases>
    <tickerType>Long</tickerType>
    <selectable>False</selectable>
    <neverMultiSelect>True</neverMultiSelect>
    <drawerType>MapMeshOnly</drawerType>
    <graphicData>
      <shaderType>CutoutPlant</shaderType>
    </graphicData>
    <plant>
      <harvestDestroys>true</harvestDestroys>
      <soundHarvesting>Harvest_Standard</soundHarvesting>
      <soundHarvestFinish>Harvest_Standard_Finish</soundHarvestFinish>
      <sowWork>150</sowWork>
      <fertilityMin>0.5</fertilityMin>
      <fertilityFactorGrowthRate>1.0</fertilityFactorGrowthRate>
      <topWindExposure>0.1</topWindExposure>
      <visualSizeRange>
        <min>0.3</min>
        <max>1.00</max>
      </visualSizeRange>
    </plant>
  </ThingDef>






  <!--=========================== Crops ==============================-->


  <ThingDef ParentName="PlantBase">
    <defName>PlantPotato</defName>
    <label>potato plant</label>
    <description>A simple, highly nutritious tuber. Grows well even in somewhat poor soil. Harvests quickly. A strong, versatile crop.</description>
    <statBases>
      <MaxHitPoints>85</MaxHitPoints>
      <Beauty>1</Beauty>
    </statBases>
    <graphicData>
      <texPath>Things/Plant/PotatoPlant</texPath>
      <graphicClass>Graphic_Random</graphicClass>
    </graphicData>
    <selectable>true</selectable>
    <pathCost>10</pathCost>
    <ingestible>
      <preferability>Plant</preferability>
      <nutrition>0.20</nutrition>
    </ingestible>
    <plant>
      <dieIfLeafless>true</dieIfLeafless>
      <shootsSeeds>false</shootsSeeds>
      <harvestTag>Standard</harvestTag>
      <harvestedThingDef>RawPotatoes</harvestedThingDef>
      <harvestDestroys>true</harvestDestroys>
      <harvestYield>8</harvestYield>
      <sowTags>
        <li>Ground</li>
        <li>Hydroponic</li>
      </sowTags>
      <topWindExposure>0.1</topWindExposure>
      <growDays>6.188</growDays>
      <fertilityFactorGrowthRate>0.4</fertilityFactorGrowthRate>
      <visualSizeRange>
        <min>0.3</min>
        <max>1.05</max>
      </visualSizeRange>
    </plant>
  </ThingDef>


  <ThingDef ParentName="PlantBase">
    <defName>PlantCorn</defName>
    <label>corn plant</label>
    <description>A large grain plant which produces ears of delicious yellow seeds. Takes a relatively long time to grow, but yields lots of food, takes a long time to spoil, and can be happily eaten raw. Needs fertile soil to grow well.</description>
    <statBases>
      <MaxHitPoints>150</MaxHitPoints>
      <Beauty>1</Beauty>
    </statBases>
    <graphicData>
      <texPath>Things/Plant/CornPlant</texPath>
      <graphicClass>Graphic_Random</graphicClass>
    </graphicData>
    <selectable>true</selectable>
    <pathCost>12</pathCost>
    <ingestible>
      <preferability>Plant</preferability>
      <nutrition>0.30</nutrition>
    </ingestible>
    <plant>
      <dieIfLeafless>true</dieIfLeafless>
      <shootsSeeds>false</shootsSeeds>
      <harvestTag>Standard</harvestTag>
      <harvestedThingDef>RawCorn</harvestedThingDef>
      <harvestDestroys>true</harvestDestroys>
      <harvestYield>22</harvestYield>
      <sowTags>
        <li>Ground</li>
      </sowTags>
      <topWindExposure>0.35</topWindExposure>
      <growDays>13.68</growDays>
      <fertilityFactorGrowthRate>1.0</fertilityFactorGrowthRate>
      <visualSizeRange>
        <min>0.3</min>
        <max>1.4</max>
      </visualSizeRange>
    </plant>
  </ThingDef>
  
  <ThingDef ParentName="PlantBase">
    <defName>PlantRice</defName>
    <label>rice plant</label>
    <description>A low grain plant that thrives in rich soil and yields food fast, but is not nice to eat uncooked.</description>
    <statBases>
      <MaxHitPoints>85</MaxHitPoints>
      <Beauty>1</Beauty>
    </statBases>
    <graphicData>
      <texPath>Things/Plant/RicePlant</texPath>
      <graphicClass>Graphic_Random</graphicClass>
    </graphicData>
    <selectable>true</selectable>
    <pathCost>10</pathCost>
    <ingestible>
      <preferability>Plant</preferability>
      <nutrition>0.20</nutrition>
    </ingestible>
    <plant>
      <dieIfLeafless>true</dieIfLeafless>
      <shootsSeeds>false</shootsSeeds>
      <maxMeshCount>4</maxMeshCount>
      <harvestTag>Standard</harvestTag>
      <harvestedThingDef>RawRice</harvestedThingDef>
      <harvestDestroys>true</harvestDestroys>
      <harvestYield>6</harvestYield>
      <sowTags>
        <li>Ground</li>
        <li>Hydroponic</li>
      </sowTags>
      <topWindExposure>0.1</topWindExposure>
      <growDays>4.89</growDays>
      <fertilityFactorGrowthRate>1.0</fertilityFactorGrowthRate>
      <visualSizeRange>
        <min>0.3</min>
        <max>0.8</max>
      </visualSizeRange>
    </plant>
  </ThingDef>

  <ThingDef ParentName="PlantBase">
    <defName>PlantHaygrass</defName>
    <label>haygrass</label>
    <description>A mixture of nutrient-rich grasses which yield large amounts of hay. Hay is edible for animals, but not humans.</description>
    <statBases>
      <MaxHitPoints>85</MaxHitPoints>
      <Beauty>1</Beauty>
    </statBases>
    <graphicData>
      <texPath>Things/Plant/Haygrass</texPath>
      <graphicClass>Graphic_Random</graphicClass>
    </graphicData>
    <selectable>true</selectable>
    <pathCost>5</pathCost>
    <ingestible>
      <preferability>Plant</preferability>
      <nutrition>0.20</nutrition>
    </ingestible>
    <plant>
      <dieIfLeafless>true</dieIfLeafless>
      <shootsSeeds>false</shootsSeeds>
      <maxMeshCount>4</maxMeshCount>
      <harvestTag>Standard</harvestTag>
      <harvestedThingDef>Hay</harvestedThingDef>
      <harvestDestroys>true</harvestDestroys>
      <harvestYield>18</harvestYield>
      <sowTags>
        <li>Ground</li>
      </sowTags>
      <topWindExposure>0.1</topWindExposure>
      <growDays>10.0</growDays>
      <fertilityFactorGrowthRate>1.0</fertilityFactorGrowthRate>
      <visualSizeRange>
        <min>0.3</min>
        <max>0.8</max>
      </visualSizeRange>
    </plant>
  </ThingDef>


  <ThingDef ParentName="PlantBase">
    <defName>PlantStrawberry</defName>
    <label>strawberry plant</label>
    <description>A fragile but tasty fruit. Delicious even when raw.</description>
    <statBases>
      <MaxHitPoints>85</MaxHitPoints>
      <Beauty>1</Beauty>
    </statBases>
    <graphicData>
      <texPath>Things/Plant/StrawberryPlant</texPath>
      <graphicClass>Graphic_Random</graphicClass>
    </graphicData>
    <selectable>true</selectable>
    <pathCost>10</pathCost>
    <ingestible>
      <preferability>Plant</preferability>
      <nutrition>0.20</nutrition>
    </ingestible>
    <plant>
      <dieIfLeafless>true</dieIfLeafless>
      <shootsSeeds>false</shootsSeeds>
      <harvestTag>Standard</harvestTag>
      <harvestedThingDef>RawBerries</harvestedThingDef>
      <harvestDestroys>true</harvestDestroys>
      <harvestYield>6</harvestYield>
      <sowTags>
        <li>Ground</li>
        <li>Hydroponic</li>
      </sowTags>
      <topWindExposure>0.1</topWindExposure>
      <growDays>5.30</growDays>
      <fertilityFactorGrowthRate>0.6</fertilityFactorGrowthRate>
      <visualSizeRange>
        <min>0.3</min>
        <max>1.05</max>
      </visualSizeRange>
    </plant>
  </ThingDef>


  
  
  

  <ThingDef ParentName="PlantBase">
    <defName>PlantCotton</defName>
    <label>cotton plant</label>
    <description>Yields cotton, a fine plant fiber used to make cloth.</description>
    <statBases>
      <MaxHitPoints>85</MaxHitPoints>
      <Beauty>1</Beauty>
    </statBases>
    <graphicData>
      <texPath>Things/Plant/CottonPlant</texPath>
      <graphicClass>Graphic_Random</graphicClass>
    </graphicData>
    <selectable>true</selectable>
    <pathCost>10</pathCost>
    <ingestible>
      <preferability>Plant</preferability>
      <nutrition>0.20</nutrition>
    </ingestible>
    <plant>
      <dieIfLeafless>true</dieIfLeafless>
      <shootsSeeds>false</shootsSeeds>
      <harvestTag>Standard</harvestTag>
      <harvestedThingDef>Cloth</harvestedThingDef>
      <harvestDestroys>true</harvestDestroys>
      <harvestYield>5</harvestYield>
      <sowTags>
        <li>Ground</li>
        <li>Hydroponic</li>
      </sowTags>
      <topWindExposure>0.1</topWindExposure>
      <growDays>5.41</growDays>
      <fertilityFactorGrowthRate>0.4</fertilityFactorGrowthRate>
      <visualSizeRange>
        <min>0.3</min>
        <max>1.05</max>
      </visualSizeRange>
    </plant>
  </ThingDef>

  <ThingDef ParentName="PlantBase">
    <defName>PlantDevilstrand</defName>
    <label>devilstrand</label>
    <description>This fragile mushroom was genetically engineered to produce a silk net of the highest grade. Long rumored to have mystical properties, it owes its name to the greed it inspires in people.</description>
    <statBases>
      <MaxHitPoints>100</MaxHitPoints>
      <Beauty>-1</Beauty>
    </statBases>
    <graphicData>
      <texPath>Things/Plant/Devilstrand</texPath>
      <graphicClass>Graphic_Random</graphicClass>
    </graphicData>
    <selectable>true</selectable>
    <pathCost>10</pathCost>
    <ingestible>
      <preferability>Plant</preferability>
      <nutrition>0.05</nutrition>
    </ingestible>
    <plant>
      <dieIfLeafless>true</dieIfLeafless>
      <shootsSeeds>false</shootsSeeds>
      <harvestTag>Standard</harvestTag>
      <harvestedThingDef>DevilstrandCloth</harvestedThingDef>
      <harvestDestroys>true</harvestDestroys>
      <harvestYield>3</harvestYield>
      <sowTags>
        <li>Ground</li>
        <li>Hydroponic</li>
      </sowTags>
      <topWindExposure>0.1</topWindExposure>
      <growDays>45</growDays>
      <fertilityFactorGrowthRate>0.4</fertilityFactorGrowthRate>
      <visualSizeRange>
        <min>0.3</min>
        <max>1.0</max>
      </visualSizeRange>
    </plant>
  </ThingDef>


  <ThingDef ParentName="PlantBase">
    <defName>PlantXerigium</defName>
    <label>xerigium</label>
    <description>This plant was selectively bred for centuries by settlers. It is sometimes also called &quot;healer's hand&quot; by tribespeople - a nickname it owes to its five major medicinal virtues.</description>
    <statBases>
      <MaxHitPoints>85</MaxHitPoints>
      <Beauty>1</Beauty>
    </statBases>
    <graphicData>
      <texPath>Things/Plant/Xerigium</texPath>
      <graphicClass>Graphic_Random</graphicClass>
    </graphicData>
    <selectable>true</selectable>
    <pathCost>10</pathCost>
    <ingestible>
      <preferability>Plant</preferability>
      <nutrition>0.05</nutrition>
    </ingestible>
    <plant>
      <dieIfLeafless>true</dieIfLeafless>
      <shootsSeeds>false</shootsSeeds>
      <harvestTag>Standard</harvestTag>
      <harvestedThingDef>HerbalMedicine</harvestedThingDef>
      <harvestDestroys>true</harvestDestroys>
      <harvestYield>1</harvestYield>
      <sowTags>
        <li>Ground</li>
        <li>Hydroponic</li>
      </sowTags>
      <topWindExposure>0.1</topWindExposure>
      <growDays>13</growDays>
      <fertilityFactorGrowthRate>0.4</fertilityFactorGrowthRate>
      <visualSizeRange>
        <min>0.3</min>
        <max>1.0</max>
      </visualSizeRange>
    </plant>
  </ThingDef>



  <ThingDef ParentName="PlantBase">
    <defName>PlantHops</defName>
    <label>hop plant</label>
    <description>A flowering plant that yields hops, and essential ingredient in beer.</description>
    <statBases>
      <MaxHitPoints>85</MaxHitPoints>
      <Beauty>1</Beauty>
    </statBases>
    <graphicData>
      <texPath>Things/Plant/HopsPlant</texPath>
      <graphicClass>Graphic_Random</graphicClass>
    </graphicData>
    <selectable>true</selectable>
    <pathCost>10</pathCost>
    <ingestible>
      <preferability>Plant</preferability>
      <nutrition>0.20</nutrition>
    </ingestible>
    <plant>
      <dieIfLeafless>true</dieIfLeafless>
      <shootsSeeds>false</shootsSeeds>
      <harvestTag>Standard</harvestTag>
      <harvestedThingDef>RawHops</harvestedThingDef>
      <harvestDestroys>true</harvestDestroys>
      <harvestYield>8</harvestYield>
      <sowTags>
        <li>Ground</li>
        <li>Hydroponic</li>
      </sowTags>
      <topWindExposure>0.1</topWindExposure>
      <growDays>5.41</growDays>
      <fertilityFactorGrowthRate>0.4</fertilityFactorGrowthRate>
      <visualSizeRange>
        <min>0.3</min>
        <max>1.05</max>
      </visualSizeRange>
    </plant>
  </ThingDef>




  <!--=========================== Decorative ==============================-->



  <ThingDef ParentName="PlantBase">
    <defName>PlantRose</defName>
    <label>rose</label>
    <description>A beautiful cultivated flower, symbolic of love and romance since ancient times.</description>
    <statBases>
      <MaxHitPoints>85</MaxHitPoints>
      <Beauty>14</Beauty>
    </statBases>
    <graphicData>
      <texPath>Things/Plant/Rose</texPath>
      <graphicClass>Graphic_Random</graphicClass>
    </graphicData>
    <altitudeLayer>Item</altitudeLayer>
    <selectable>true</selectable>
    <ingestible>
      <preferability>Plant</preferability>
      <nutrition>0.20</nutrition>
    </ingestible>
    <plant>
      <dieIfLeafless>true</dieIfLeafless>
      <shootsSeeds>false</shootsSeeds>
      <harvestTag>Standard</harvestTag>
      <harvestDestroys>True</harvestDestroys>
      <sowWork>400</sowWork>
      <sowTags>
        <li>Ground</li>
        <li>Decorative</li>
      </sowTags>
      <growMinGlow>0.3</growMinGlow>
      <topWindExposure>0.1</topWindExposure>
      <growDays>3</growDays>
      <lifespanFraction>7</lifespanFraction>
      <fertilityFactorGrowthRate>1.0</fertilityFactorGrowthRate>
      <visualSizeRange>
        <min>0.3</min>
        <max>1.05</max>
      </visualSizeRange>
    </plant>
  </ThingDef>






  <ThingDef ParentName="PlantBase">
    <defName>PlantDaylily</defName>
    <label>daylily</label>
    <description>A beautiful cultivated flower - great for brightening up a drab yard. Must be replanted often.</description>
    <statBases>
      <MaxHitPoints>85</MaxHitPoints>
      <Beauty>24</Beauty>
    </statBases>
    <graphicData>
      <texPath>Things/Plant/Daylily</texPath>
      <graphicClass>Graphic_Random</graphicClass>
      <shadowData>
        <volume>(0.3, 0.3, 0.3)</volume>
      </shadowData>
    </graphicData>
    <altitudeLayer>Item</altitudeLayer>
    <selectable>true</selectable>
    <ingestible>
      <preferability>Plant</preferability>
      <nutrition>0.20</nutrition>
    </ingestible>
    <plant>
      <dieIfLeafless>true</dieIfLeafless>
      <shootsSeeds>false</shootsSeeds>
      <harvestTag>Standard</harvestTag>
      <harvestDestroys>true</harvestDestroys>
      <sowWork>400</sowWork>
      <sowTags>
        <li>Ground</li>
        <li>Decorative</li>
      </sowTags>
      <growMinGlow>0.3</growMinGlow>
      <topWindExposure>0.1</topWindExposure>
      <growDays>3</growDays>
      <lifespanFraction>3</lifespanFraction>
      <fertilityFactorGrowthRate>1</fertilityFactorGrowthRate>
      <visualSizeRange>
        <min>0.3</min>
        <max>1.05</max>
      </visualSizeRange>
    </plant>
  </ThingDef>



</Plants>