﻿<?xml version="1.0" encoding="utf-8"?>
<ModMetaData>
	<name>ED-PersonalNanoShields</name>
	<author>Jaxxa</author>
	<url>https://ludeon.com/forums/index.php?topic=15606.0</url>
	<description>
This module adds an alternate version of Personal Shields into the game. Technically I had the first version of my personal shields out before they were in the base game, so the base game is the alternate version. These shields function differently to the base game in that they require additional infrastructure, they are limited in the amount of charge that they can store and need to return to base to recharge. The advantage that these have is that they block both incoming Melee and Ranged attacks while still allowing the user to deploy ranged weapons.
	</description>
</ModMetaData>