﻿<?xml version="1.0" encoding="utf-8" ?>
<Resources>

	<!-- =========== bases =========== -->

	<ThingDef Name="ResourceBase" Abstract="True">
		<thingClass>ThingWithComps</thingClass>
		<label>unspecified resource</label>
		<category>Item</category>
		<resourceReadoutPriority>Middle</resourceReadoutPriority>
		<useHitPoints>true</useHitPoints>
		<selectable>true</selectable>
		<altitudeLayer>Item</altitudeLayer>
		<stackLimit>75</stackLimit>
		<comps>
			<li>
				<compClass>CompForbiddable</compClass>
			</li>
		</comps>
		<alwaysHaulable>true</alwaysHaulable>
		<drawGUIOverlay>true</drawGUIOverlay>
		<rotatable>false</rotatable>
		<pathCost>15</pathCost>
	</ThingDef>

	<ThingDef ParentName="ResourceBase">
		<defName>OmniGel</defName>
		<label>Omni Gel</label>
		<description>For refining into things.</description>
		<graphicPath>Things/Items/PurpleBucket</graphicPath>
		<graphicClass>Graphic_Single</graphicClass>
		<soundInteract>Metal_Drop</soundInteract>
		<soundDrop>Metal_Drop</soundDrop>
		<stackLimit>500</stackLimit>
		<statBases>
			<MarketValue>1</MarketValue>
		</statBases>
		<thingCategories>
			<li>ResourcesRaw</li>
		</thingCategories>
	</ThingDef>

</Resources>
