﻿<?xml version="1.0" encoding="utf-8" ?>
<RecipeDefs>

	<!-- Replicate Slag -->
	<RecipeDef>
		<defName>Replicate_MK1_SlagFromOmniGel</defName>
		<label>Replicate Slag from Omni-Gel</label>
		<description>Replicates slag debris from Omni-Gel.</description>
		<jobString>Creating slag from Omni-Gel.</jobString>
		<workAmount>200</workAmount>
		<workSpeedStat>SmithingSpeed</workSpeedStat>
		<effectWorking>Smelt</effectWorking>
		<soundWorking>Recipe_MakeStoneBlocks</soundWorking>
		<ingredients>
			<li>
				<filter>
					<thingDefs>
						<li>OmniGel</li>
					</thingDefs>
				</filter>
				<count>10</count>
			</li>
		</ingredients>
		<products>
			<ChunkSlagSteel>1</ChunkSlagSteel>
		</products>
		<fixedIngredientFilter>
			<thingDefs>
				<li>OmniGel</li>
			</thingDefs>
		</fixedIngredientFilter>
		<workSkill>Crafting</workSkill>
	</RecipeDef>

	<!-- Replicate ChunkSandstone -->
	<RecipeDef>
		<defName>Replicate_MK1_ChunkSandstoneFromOmniGel</defName>
		<label>Replicate Sandstone Chunk from Omni-Gel</label>
		<description>Replicates Sandstone Chunk from Omni-Gel.</description>
		<jobString>Creating Sandstone Chunk from Omni-Gel.</jobString>
		<workAmount>200</workAmount>
		<workSpeedStat>SmithingSpeed</workSpeedStat>
		<effectWorking>Smelt</effectWorking>
		<soundWorking>Recipe_MakeStoneBlocks</soundWorking>
		<ingredients>
			<li>
				<filter>
					<thingDefs>
						<li>OmniGel</li>
					</thingDefs>
				</filter>
				<count>10</count>
			</li>
		</ingredients>
		<products>
			<ChunkSandstone>1</ChunkSandstone>
		</products>
		<fixedIngredientFilter>
			<thingDefs>
				<li>OmniGel</li>
			</thingDefs>
		</fixedIngredientFilter>
		<workSkill>Crafting</workSkill>
	</RecipeDef>


	<!-- Replicate ChunkGranite -->
	<RecipeDef>
		<defName>Replicate_MK1_ChunkGraniteFromOmniGel</defName>
		<label>Replicate Granite Chunk from Omni-Gel</label>
		<description>Replicates Granite Chunk from Omni-Gel.</description>
		<jobString>Creating Granite Chunk from Omni-Gel.</jobString>
		<workAmount>200</workAmount>
		<workSpeedStat>SmithingSpeed</workSpeedStat>
		<effectWorking>Smelt</effectWorking>
		<soundWorking>Recipe_MakeStoneBlocks</soundWorking>
		<ingredients>
			<li>
				<filter>
					<thingDefs>
						<li>OmniGel</li>
					</thingDefs>
				</filter>
				<count>10</count>
			</li>
		</ingredients>
		<products>
			<ChunkGranite>1</ChunkGranite>
		</products>
		<fixedIngredientFilter>
			<thingDefs>
				<li>OmniGel</li>
			</thingDefs>
		</fixedIngredientFilter>
		<workSkill>Crafting</workSkill>
	</RecipeDef>

	<!-- Replicate ChunkLimestone -->
	<RecipeDef>
		<defName>Replicate_MK1_ChunkLimestoneFromOmniGel</defName>
		<label>Replicate Limestone Chunk from Omni-Gel</label>
		<description>Replicates Limestone Chunk from Omni-Gel.</description>
		<jobString>Creating Limestone Chunk from Omni-Gel.</jobString>
		<workAmount>200</workAmount>
		<workSpeedStat>SmithingSpeed</workSpeedStat>
		<effectWorking>Smelt</effectWorking>
		<soundWorking>Recipe_MakeStoneBlocks</soundWorking>
		<ingredients>
			<li>
				<filter>
					<thingDefs>
						<li>OmniGel</li>
					</thingDefs>
				</filter>
				<count>10</count>
			</li>
		</ingredients>
		<products>
			<ChunkLimestone>1</ChunkLimestone>
		</products>
		<fixedIngredientFilter>
			<thingDefs>
				<li>OmniGel</li>
			</thingDefs>
		</fixedIngredientFilter>
		<workSkill>Crafting</workSkill>
	</RecipeDef>

	<!-- Replicate ChunkSlate -->
	<RecipeDef>
		<defName>Replicate_MK1_ChunkSlateFromOmniGel</defName>
		<label>Replicate Slate Chunk from Omni-Gel</label>
		<description>Replicates Slate Chunk from Omni-Gel.</description>
		<jobString>Creating Slate Chunk from Omni-Gel.</jobString>
		<workAmount>200</workAmount>
		<workSpeedStat>SmithingSpeed</workSpeedStat>
		<effectWorking>Smelt</effectWorking>
		<soundWorking>Recipe_MakeStoneBlocks</soundWorking>
		<ingredients>
			<li>
				<filter>
					<thingDefs>
						<li>OmniGel</li>
					</thingDefs>
				</filter>
				<count>10</count>
			</li>
		</ingredients>
		<products>
			<ChunkSlate>1</ChunkSlate>
		</products>
		<fixedIngredientFilter>
			<thingDefs>
				<li>OmniGel</li>
			</thingDefs>
		</fixedIngredientFilter>
		<workSkill>Crafting</workSkill>
	</RecipeDef>

	<!-- Replicate ChunkMarble -->
	<RecipeDef>
		<defName>Replicate_MK1_ChunkMarbleFromOmniGel</defName>
		<label>Replicate Marble Chunk from Omni-Gel</label>
		<description>Replicates Marble Chunk from Omni-Gel.</description>
		<jobString>Creating Marble Chunk from Omni-Gel.</jobString>
		<workAmount>200</workAmount>
		<workSpeedStat>SmithingSpeed</workSpeedStat>
		<effectWorking>Smelt</effectWorking>
		<soundWorking>Recipe_MakeStoneBlocks</soundWorking>
		<ingredients>
			<li>
				<filter>
					<thingDefs>
						<li>OmniGel</li>
					</thingDefs>
				</filter>
				<count>10</count>
			</li>
		</ingredients>
		<products>
			<ChunkMarble>1</ChunkMarble>
		</products>
		<fixedIngredientFilter>
			<thingDefs>
				<li>OmniGel</li>
			</thingDefs>
		</fixedIngredientFilter>
		<workSkill>Crafting</workSkill>
	</RecipeDef>

</RecipeDefs>