﻿<?xml version="1.0" encoding="utf-8" ?>
<RecipeDefs>

	<!-- Replicate Plasteel -->
	<RecipeDef>
		<defName>Replicate_MK3_PlasteelFromOmniGel</defName>
		<label>Replicate Plasteel from Omni-Gel</label>
		<description>Replicates Plasteel from Omni-Gel.</description>
		<jobString>Creating Plasteel from Omni-Gel.</jobString>
		<workAmount>500</workAmount>
		<workSpeedStat>SmithingSpeed</workSpeedStat>
		<effectWorking>Smelt</effectWorking>
		<soundWorking>Recipe_MakeStoneBlocks</soundWorking>
		<ingredients>
			<li>
				<filter>
					<thingDefs>
						<li>OmniGel</li>
					</thingDefs>
				</filter>
				<count>60</count>
			</li>
		</ingredients>
		<products>
			<Plasteel>3</Plasteel>
		</products>
		<fixedIngredientFilter>
			<thingDefs>
				<li>OmniGel</li>
			</thingDefs>
		</fixedIngredientFilter>
		<workSkill>Crafting</workSkill>
	</RecipeDef>

	<!-- Replicate Uranium -->
	<RecipeDef>
		<defName>Replicate_MK3_UraniumFromOmniGel</defName>
		<label>Replicate Uranium from Omni-Gel</label>
		<description>Replicates Uranium from Omni-Gel.</description>
		<jobString>Creating Uranium from Omni-Gel.</jobString>
		<workAmount>500</workAmount>
		<workSpeedStat>SmithingSpeed</workSpeedStat>
		<effectWorking>Smelt</effectWorking>
		<soundWorking>Recipe_MakeStoneBlocks</soundWorking>
		<ingredients>
			<li>
				<filter>
					<thingDefs>
						<li>OmniGel</li>
					</thingDefs>
				</filter>
				<count>60</count>
			</li>
		</ingredients>
		<products>
			<Uranium>10</Uranium>
		</products>
		<fixedIngredientFilter>
			<thingDefs>
				<li>OmniGel</li>
			</thingDefs>
		</fixedIngredientFilter>
		<workSkill>Crafting</workSkill>
	</RecipeDef>


	<RecipeDef>
		<defName>Replicate_MK3_JadeFromOmniGel</defName>
		<label>Replicate Jade from Omni-Gel</label>
		<description>Replicates Jade from Omni-Gel.</description>
		<jobString>Creating Jade from Omni-Gel.</jobString>
		<workAmount>500</workAmount>
		<workSpeedStat>SmithingSpeed</workSpeedStat>
		<effectWorking>Smelt</effectWorking>
		<soundWorking>Recipe_MakeStoneBlocks</soundWorking>
		<ingredients>
			<li>
				<filter>
					<thingDefs>
						<li>OmniGel</li>
					</thingDefs>
				</filter>
				<count>50</count>
			</li>
		</ingredients>
		<products>
			<Jade>10</Jade>
		</products>
		<fixedIngredientFilter>
			<thingDefs>
				<li>OmniGel</li>
			</thingDefs>
		</fixedIngredientFilter>
		<workSkill>Crafting</workSkill>
	</RecipeDef>

	
	<!-- Replicate Medicine -->
	<RecipeDef>
		<defName>Replicate_MK3_MedicineFromOmniGel</defName>
		<label>Replicate Medicine from Omni-Gel</label>
		<description>Replicates Medicine from Omni-Gel.</description>
		<jobString>Creating Medicine from Omni-Gel.</jobString>
		<workAmount>500</workAmount>
		<workSpeedStat>SmithingSpeed</workSpeedStat>
		<effectWorking>Smelt</effectWorking>
		<soundWorking>Recipe_MakeStoneBlocks</soundWorking>
		<ingredients>
			<li>
				<filter>
					<thingDefs>
						<li>OmniGel</li>
					</thingDefs>
				</filter>
				<count>40</count>
			</li>
		</ingredients>
		<products>
			<Medicine>2</Medicine>
		</products>
		<fixedIngredientFilter>
			<thingDefs>
				<li>OmniGel</li>
			</thingDefs>
		</fixedIngredientFilter>
		<workSkill>Crafting</workSkill>
	</RecipeDef>
	
	<!-- Replicate Glitter Medicine -->
	<RecipeDef>
		<defName>Replicate_MK3_GlitterMedicineFromOmniGel</defName>
		<label>Upgrade to Glitter Medicine with Omni-Gel</label>
		<description>Upgrades Medicine to Glitterworld Medicine with Omni-Gel.</description>
		<jobString>Creating Glitterworld Medicine from Omni-Gel and Medicine.</jobString>
		<workAmount>500</workAmount>
		<workSpeedStat>SmithingSpeed</workSpeedStat>
		<effectWorking>Smelt</effectWorking>
		<soundWorking>Recipe_MakeStoneBlocks</soundWorking>
		<ingredients>
			<li>
				<filter>
					<thingDefs>
						<li>OmniGel</li>
					</thingDefs>
				</filter>
				<count>40</count>
			</li>
			<li>
				<filter>
					<thingDefs>
						<li>Medicine</li>
					</thingDefs>
				</filter>
				<count>4</count>
			</li>
		</ingredients>
		<products>
			<GlitterworldMedicine>1</GlitterworldMedicine>
		</products>
		<fixedIngredientFilter>
			<thingDefs>
				<li>Medicine</li>
				<li>OmniGel</li>
			</thingDefs>
		</fixedIngredientFilter>
		<workSkill>Crafting</workSkill>
	</RecipeDef>

</RecipeDefs>