﻿<?xml version="1.0" encoding="utf-8" ?>
<Defs>

	<ThingDef Name="PlantBase" Abstract="True">
		<category>Plant</category>
		<thingClass>Enhanced_Defence.Plants24H.Plant</thingClass>
		<altitudeLayer>LowPlant</altitudeLayer>
		<useHitPoints>True</useHitPoints>
		<statBases>
			<Flammability>0.8</Flammability>
		</statBases>
		<tickerType>Long</tickerType>
		<selectable>False</selectable>
		<neverMultiSelect>True</neverMultiSelect>
		<drawerType>MapMeshOnly</drawerType>
		<graphicData>
			<shaderType>CutoutPlant</shaderType>
		</graphicData>
		<plant>
			<harvestDestroys>true</harvestDestroys>
			<soundHarvesting>Harvest_Standard</soundHarvesting>
			<soundHarvestFinish>Harvest_Standard_Finish</soundHarvestFinish>
			<harvestWork>150</harvestWork>
			<sowWork>150</sowWork>
			<fertilityMin>0.5</fertilityMin>
			<fertilityFactorGrowthRate>1.0</fertilityFactorGrowthRate>
			<topWindExposure>0.1</topWindExposure>
			<visualSizeRange>
				<min>0.3</min>
				<max>1.00</max>
			</visualSizeRange>
		</plant>
	</ThingDef>

	<!--======================= Wild plants - carpets ========================-->

	<ThingDef ParentName="PlantBase">
		<defName>PlantTallGrass</defName>
		<label>tall grass</label>
		<description>Wild tall grass. Significantly slows down anyone moving over it.</description>
		<statBases>
			<MaxHitPoints>90</MaxHitPoints>
			<Beauty>0</Beauty>
		</statBases>
		<pathCost>18</pathCost>
		<graphicData>
			<texPath>Things/Plant/Grass</texPath>
			<graphicClass>Graphic_Random</graphicClass>
		</graphicData>
		<hideAtSnowDepth>0.5</hideAtSnowDepth>
		<ingestible>
			<preferability>Plant</preferability>
			<nutrition>0.30</nutrition>
		</ingestible>
		<plant>
			<harvestWork>60</harvestWork>
			<fertilityMin>0.05</fertilityMin>
			<maxMeshCount>9</maxMeshCount>
			<visualSizeRange>
				<min>0.7</min>
				<max>0.85</max>
			</visualSizeRange>
			<growDays>6</growDays>
			<topWindExposure>0.4</topWindExposure>
			<seedEmitMTBDays>7</seedEmitMTBDays>
			<fertilityFactorGrowthRate>0.90</fertilityFactorGrowthRate>
			<fertilityFactorPlantChance>0.90</fertilityFactorPlantChance>
		</plant>
	</ThingDef>

	<!--============================ Wild - Trees ============================-->

	<ThingDef ParentName="PlantBase" Name="TreeBase" Abstract="True">
		<statBases>
			<MaxHitPoints>300</MaxHitPoints>
			<Beauty>0</Beauty>
		</statBases>
		<description>A tree.</description>
		<altitudeLayer>BuildingTall</altitudeLayer>
		<selectable>true</selectable>
		<fillPercent>0.35</fillPercent>
		<passability>PassThroughOnly</passability>
		<pathCost>130</pathCost>
		<graphicData>
			<shadowInfo>
				<baseWidth>0.3</baseWidth>
				<baseHeight>0.3</baseHeight>
				<tallness>0.3</tallness>
			</shadowInfo>
		</graphicData>
		<ingestible>
			<preferability>Plant</preferability>
			<nutrition>0.50</nutrition>
		</ingestible>
		<plant>
			<soundHarvesting>Harvest_Tree</soundHarvesting>
			<soundHarvestFinish>Harvest_Tree_Finish</soundHarvestFinish>
			<sowWork>1500</sowWork>
			<harvestWork>800</harvestWork>
			<harvestDestroys>true</harvestDestroys>
			<harvestedThingDef>WoodLog</harvestedThingDef>
			<harvestYieldRange>
				<min>10</min>
				<max>50</max>
			</harvestYieldRange>
			<harvestTag>Wood</harvestTag>
			<harvestMinGrowth>0.40</harvestMinGrowth>
			<blockAdjacentSow>true</blockAdjacentSow>
			<sowTags>
				<li>Ground</li>
			</sowTags>
			<visualSizeRange>
				<min>1.3</min>
				<max>2.0</max>
			</visualSizeRange>
			<fertilityMin>0.3</fertilityMin>
			<topWindExposure>0.25</topWindExposure>
			<fertilityFactorGrowthRate>0.5</fertilityFactorGrowthRate>
			<wildClusterSizeRange>
				<min>8</min>
				<max>30</max>
			</wildClusterSizeRange>
			<wildClusterRadius>8</wildClusterRadius>
		</plant>
	</ThingDef>


	<ThingDef ParentName="TreeBase">
		<defName>PlantTreeTeak</defName>
		<label>teak tree</label>
		<description>A very strong hardwood tree, used in ancient times to build sailing ships.</description>
		<graphicData>
			<texPath>Things/Plant/TreeTeak</texPath>
			<graphicClass>Graphic_Random</graphicClass>
		</graphicData>
		<statBases>
			<Beauty>5</Beauty>
		</statBases>
		<plant>
			<leaflessGraphicPath>Things/Plant/TreeOak_Leafless</leaflessGraphicPath>
			<growDays>65</growDays>
			<harvestWork>1200</harvestWork>
			<harvestYieldRange>
				<min>10</min>
				<max>60</max>
			</harvestYieldRange>
			<visualSizeRange>
				<min>1.3</min>
				<max>2.4</max>
			</visualSizeRange>
		</plant>
	</ThingDef>


	<ThingDef ParentName="TreeBase">
		<defName>PlantTreeCecropia</defName>
		<label>cecropia tree</label>
		<description>One of the most common rainforest trees. Grows very fast, but yields little usable wood.</description>
		<graphicData>
			<texPath>Things/Plant/TreeCecropia</texPath>
			<graphicClass>Graphic_Random</graphicClass>
		</graphicData>
		<statBases>
			<Beauty>2</Beauty>
		</statBases>
		<plant>
			<growDays>20</growDays>
			<harvestWork>550</harvestWork>
			<harvestYieldRange>
				<min>10</min>
				<max>20</max>
			</harvestYieldRange>
		</plant>
	</ThingDef>

</Defs>