﻿<?xml version="1.0" encoding="utf-8" ?>
<ThingDefs>


  <ThingDef Name="BaseGun" Abstract="True">
    <category>Item</category>
    <eType>Equipment</eType>
    <thingClass>Equipment</thingClass>
    <equipmentType>Primary</equipmentType>
    <pathCost>10</pathCost>
    <useStandardHealth>True</useStandardHealth>
    <selectable>True</selectable>
    <onGroundRandomRotateAngle>35</onGroundRandomRotateAngle>
    <statBases>
      <MaxHealth>100</MaxHealth>
      <Flammability>1.0</Flammability>
    </statBases>
    <altitudeLayer>Item</altitudeLayer>
    <alwaysHaulable>True</alwaysHaulable>
    <tickerType>Never</tickerType>
    <techLevel>Midworld</techLevel>
    <storeCategories>
      <li>Weapons</li>
    </storeCategories>
    <comps>
      <li>
        <compClass>CompForbiddable</compClass>
      </li>
    </comps>
  </ThingDef>
  
  
  <ThingDef Name="BaseHumanGun" ParentName="BaseGun" Abstract="True">
    <weaponTags>
      <li>Gun</li>
    </weaponTags>
  </ThingDef>


  <ThingDef Name="BaseBullet" Abstract="True">
    <category>Projectile</category>
    <tickerType>Normal</tickerType>
    <altitudeLayer>Projectile</altitudeLayer>
    <thingClass>Bullet</thingClass>
    <label>bullet</label>
    <useStandardHealth>False</useStandardHealth>
    <neverMultiSelect>True</neverMultiSelect>
    <shaderType>Transparent</shaderType>
  </ThingDef>

 
  <!-- ======================= Mechanoid minigun ======================= -->

  <ThingDef ParentName="BaseBullet">
    <defName>Bullet_EMRG</defName>
    <label>Railgun Round</label>
    <graphicPathSingle>Things/Projectile/Bullet_Small</graphicPathSingle>
    <projectile>
      <damageDef>Bullet</damageDef>
      <damageAmountBase>8</damageAmountBase>
      <speed>70</speed>
    </projectile>
  </ThingDef>
  <ThingDef ParentName="BaseHumanGun">
    <defName>Gun_EMRG</defName>
    <label>ElectroMagnetic RailGun</label>
    <description>An electromagnetic projectile launcher.</description>
    <graphicPathSingle>Things/Item/Equipment/Minigun</graphicPathSingle>
    <soundInteract>InteractRifle</soundInteract>
    <baseMarketValue>900</baseMarketValue>
    <techLevel>Spacer</techLevel>
    <weaponTags>
    </weaponTags>
    <equippedStatOffsets>
      <MoveSpeed>-0.25</MoveSpeed>
    </equippedStatOffsets>
    <verbs>
      <li>
        <verbClass>Verb_Shoot</verbClass>
        <cooldownTicks>40</cooldownTicks>
        <hasStandardCommand>true</hasStandardCommand>
        <projectileDef>Bullet_Minigun</projectileDef>
        <forcedMissRadius>2.4</forcedMissRadius>
        <warmupTicks>250</warmupTicks>
        <range>32</range>
        <accuracyTouch>0.79</accuracyTouch>
        <accuracyShort>0.42</accuracyShort>
        <accuracyMedium>0.18</accuracyMedium>
        <accuracyLong>0.06</accuracyLong>
        <burstShotCount>30</burstShotCount>
        <ticksBetweenBurstShots>4</ticksBetweenBurstShots>
        <fireSound>ShotMinigun</fireSound>
      </li>
    </verbs>
  </ThingDef>




  <!-- ================= Mechanoid inferno cannon ================= -->
<!--
  <ThingDef ParentName="BaseBullet">
    <defName>Bullet_InfernoCannon</defName>
    <label>inferno cannon shell</label>
    <graphicPathSingle>Things/Projectile/InfernoCannonShot</graphicPathSingle>
    <thingClass>Projectile_Explosive</thingClass>
    <projectile>
      <damageDef>Flame</damageDef>
      <damageAmountBase>13</damageAmountBase>
      <speed>45</speed>
      <explosionRadius>2.4</explosionRadius >
      <postExplosionSpawnThingDef>Puddle_Fuel</postExplosionSpawnThingDef>
      <explosionSpawnChance>0.3</explosionSpawnChance>
    </projectile>
  </ThingDef>
  <ThingDef ParentName="BaseGun">
    <defName>Gun_InfernoCannon</defName>
    <label>inferno cannon</label>
    <description>Incendiary-shot mini-artillery device. Mechanoid-built.</description>
    <graphicPathSingle>Things/Item/Equipment/InfernoCannon</graphicPathSingle>
    <baseMarketValue>1000</baseMarketValue>
    <techLevel>Spacer</techLevel>
    <destroyOnDrop>True</destroyOnDrop>
    <menuHidden>True</menuHidden>
    <weaponTags>
      <li>MechanoidGunHeavy</li>
    </weaponTags>
    <verbs>
      <li>
        <verbClass>Verb_Shoot</verbClass>
        <hasStandardCommand>true</hasStandardCommand>
        <projectileDef>Bullet_InfernoCannon</projectileDef>
        <forcedMissRadius>3.5</forcedMissRadius>
        <ai_IsIncendiary>true</ai_IsIncendiary>
        <warmupTicks>100</warmupTicks>
        <cooldownTicks>270</cooldownTicks>
        <range>35</range>
        <accuracyTouch>0.79</accuracyTouch>
        <accuracyShort>0.42</accuracyShort>
        <accuracyMedium>0.18</accuracyMedium>
        <accuracyLong>0.06</accuracyLong>
        <burstShotCount>1</burstShotCount>
        <fireSound>InfernoCannon_Fire</fireSound>
      </li>
    </verbs>
  </ThingDef>

-->


</ThingDefs>