<?xml version="1.0" encoding="utf-8" ?>
<Defs>

<!--================================ Abstract bases ======================================-->
	
<!--
	
  <ThingDef Name="BuildingBase" Abstract="True">
    <category>Building</category>
    <thingClass>Building</thingClass>
    <soundImpactDefault>BulletImpact_Metal</soundImpactDefault>
    <selectable>true</selectable>
    <drawerType>MapMeshAndRealTime</drawerType>
    <terrainAffordanceNeeded>Light</terrainAffordanceNeeded>
    <repairEffect>Repair</repairEffect>
    <leaveResourcesWhenKilled>true</leaveResourcesWhenKilled>
    <filthLeaving>Filth_RubbleBuilding</filthLeaving>
		<statBases>
			<SellPriceFactor>0.70</SellPriceFactor>
		</statBases>
  </ThingDef>

-->

	<ThingDef ParentName="BuildingBase" Name="EDSN_BuildingBase" Abstract="True">
		<minifiedDef>MinifiedThing</minifiedDef>
		<statBases>
			<Mass>50</Mass>
		</statBases>	
		<thingCategories>
			<li>BuildingsSpecial</li>
		</thingCategories>
	
	</ThingDef>


</Defs>