﻿<?xml version="1.0" encoding="utf-8" ?>
<ThingDefs>


	<ThingDef Name="BuildingBase" Abstract="True">
		<category>Building</category>
		<soundImpactDefault>BulletImpactMetal</soundImpactDefault>
		<selectable>true</selectable>
		<drawerType>MapMeshAndRealTime</drawerType>
		<terrainAffordanceNeeded>Light</terrainAffordanceNeeded>
		<repairEffect>Repair</repairEffect>
		<leaveResourcesWhenKilled>true</leaveResourcesWhenKilled>
		<filthLeaving>BuildingRubble</filthLeaving>
	</ThingDef>

	<ThingDef ParentName="BuildingBase">
		<defName>AutoLoader</defName>
		<label>AutoLoader</label>
		<thingClass>Building_Storage</thingClass>
		<graphicData>
			<texPath>Things/Building/AutoLoader</texPath>
			<graphicClass>Graphic_Single</graphicClass>
			<drawSize>(1,1)</drawSize>
		</graphicData>
		<altitudeLayer>Waist</altitudeLayer>
		<passability>PassThroughOnly</passability>
		<fillPercent>0.5</fillPercent>
		<pathCost>70</pathCost>
		<building>
			<fixedStorageSettings>
				<priority>Important</priority>
				<filter>
					<categories>
						<li>Root</li>
					</categories>
				</filter>
			</fixedStorageSettings>
			<defaultStorageSettings>
				<priority>Important</priority>
				<filter>
					<categories>
						<li>Manufactured</li>
					</categories>
					<exceptedThingDefs>
					</exceptedThingDefs>
				</filter>
			</defaultStorageSettings>
		</building>
		<inspectorTabs>
			<li>ITab_Storage</li>
		</inspectorTabs>
		<castEdgeShadows>true</castEdgeShadows>
		<statBases>
			<WorkToMake>450</WorkToMake>
			<MaxHitPoints>100</MaxHitPoints>
			<Flammability>1.0</Flammability>
		</statBases>
		<description>Holds resources for use by machines.</description>
		<costList>
			<Steel>15</Steel>
		</costList>
		<tickerType>Never</tickerType>
		<rotatable>true</rotatable>
		<neverMultiSelect>true</neverMultiSelect>
		<designationCategory>Security</designationCategory>
		<staticSunShadowHeight>0.3</staticSunShadowHeight>
    <surfaceType>Item</surfaceType>
		<placeWorkers>
			<li>PlaceWorker_NextToHopperAccepter</li>
		</placeWorkers>
		<constructEffect>ConstructMetal</constructEffect>
	</ThingDef>

</ThingDefs>