<?xml version="1.0" encoding="utf-8"?>
<ModMetaData>
	<name>ED-Laser Drill</name>
	<targetVersion>1.0.2059</targetVersion>
	<author>Jaxxa</author>
	<url>https://github.com/jaxxa/JaxxaRimworldReleaseCollection/blob/master/README.md</url>
	<description>Version: 1.0.0.0
Links to all my mods including non steam versions available at: https://github.com/jaxxa/JaxxaRimworldReleaseCollection/blob/master/README.md

Adds a Laser Drill that allows the creation of new steam vents, and a Laser Filler that allows you to remove unwanted steam vents.
	</description>
</ModMetaData>