﻿<?xml version="1.0" encoding="utf-8" ?>
<PawnKindDefs>

	<PawnKindDef class="Enhanced_Defence.Vehicles.PawnKindDef_Vehicle">
	<defName>Vehicle_APC</defName>
	<label>Vehicle</label>
	<race>Vehicle_APC</race>
    <pointsCost>290</pointsCost>
		<defaultFactionType>Mechanoid</defaultFactionType>
		<aiAvoidCover>true</aiAvoidCover>
    <standardBodygraphicPath>Things/Pawn/Mechanoid/Centipede</standardBodygraphicPath>
    <weaponMoney>
      <min>8000</min>
      <max>8000</max>
    </weaponMoney>
    <weaponTags>
      <li>MechanoidGunHeavy</li>
    </weaponTags>
  </PawnKindDef>

</PawnKindDefs>