<?xml version="1.0" encoding="utf-8" ?>
<ThingDefs>


	<ThingDef Name="BuildingBase" Abstract="True">
		<category>Building</category>
		<soundImpactDefault>BulletImpactMetal</soundImpactDefault>
		<selectable>true</selectable>
		<drawerType>MapMeshAndRealTime</drawerType>
		<terrainAffordanceNeeded>Light</terrainAffordanceNeeded>
		<repairEffect>Repair</repairEffect>
		<leaveResourcesWhenKilled>true</leaveResourcesWhenKilled>
		<filthLeaving>BuildingRubble</filthLeaving>
	</ThingDef>

	<ThingDef ParentName="BuildingBase">
		<defName>WirelessPowerNode</defName>
		<label>Wireless Power Node</label>
		<thingClass>Enhanced_Defence.Power.WirelessPower.WirelessPowerNode</thingClass>
		<researchPrerequisite>WirelessPower_Research</researchPrerequisite>
		<graphicData>
			<texPath>Things/Buildings/NuclearLamp</texPath>
			<graphicClass>Graphic_Single</graphicClass>
		</graphicData>
		<altitudeLayer>BuildingTall</altitudeLayer>
		<passability>Impassable</passability>
		<castEdgeShadows>true</castEdgeShadows>
		<fillPercent>1</fillPercent>
		<tickerType>Normal</tickerType>
		<statBases>
			<WorkToMake>1800</WorkToMake>
			<MaxHitPoints>350</MaxHitPoints>
			<Flammability>1.0</Flammability>
		</statBases>
		<description>WirelessPowerNode.</description>
		<building>
			<wantsHopperAdjacent>false</wantsHopperAdjacent>
		</building>
		<comps>
			<li>
				<compClass>CompPowerTrader</compClass>
				<startElectricalFires>false</startElectricalFires>
				<basePowerConsumption>0</basePowerConsumption>
			</li>
		</comps>
		<size>(2,2)</size>
		<costList>
			<Steel>200</Steel>
		</costList>
		<hasInteractionCell>False</hasInteractionCell>
		<leaveResourcesWhenKilled>true</leaveResourcesWhenKilled>
		<terrainAffordanceNeeded>Heavy</terrainAffordanceNeeded>
		<designationCategory>Power</designationCategory>
		<staticSunShadowHeight>0.75</staticSunShadowHeight>
	</ThingDef>


</ThingDefs>