<?xml version="1.0" encoding="utf-8"?>
<ModMetaData>
	<name>ED-ReinforcedStuff</name>
	<author>Jaxxa</author>
	<url>https://ludeon.com/forums/index.php?topic=15606.0</url>
	<description>Adds a Reinforced version of some Stuff. This allows for stronger constructions. Reinforced stuff has 10x the hitpoints but at 5x build time. Reinforced Stuff is made from 10 Normal Stuff in a Molecular Reinforcement Compressor. Currently Reinforced Stuff can be made from Steel, Plasteel, Wood and Stone. 
	
	While this does not Require the ED-AutoLoader mod, I find it helpful and looks better than the Molecular Reinforcement Compressor taking the resources from the ground.</description>
</ModMetaData>
