<?xml version="1.0" encoding="utf-8"?>
<ModMetaData>
	<name>ED-SafeTraps</name>
	<targetVersion>0.18.0</targetVersion>
	<author>Jaxxa</author>
	<url>https://ludeon.com/forums/index.php?topic=37158</url>
	<description>Version: 0.18.0.0
Discussion, Non Steam Downloads and GitHub Repositories of this mod is available at: https://ludeon.com/forums/index.php?topic=37158

This mod used the Harmony Library. This of the Library is included in the download, you do not need to install it separately.

This mods modifies traps so that they will no longer be triggered by colonists.
	</description>
</ModMetaData>