﻿<?xml version="1.0" encoding="utf-8" ?>
<PawnKindDefs>

	<PawnKindDef class="Enhanced_Defence.Vehicles.PawnKindDef_Vehicle">
	<defName>Vehicle_APC</defName>
	<label>Vehicle</label>
	<race>Vehicle_APC</race>
    <pointsCost>290</pointsCost>
    <defaultFactionType>Colony</defaultFactionType>	
	<aiAvoidCover>true</aiAvoidCover>
    <standardBodygraphicPath>Things/Pawn/Mechanoid/Centipede</standardBodygraphicPath>
	<baseRecruitDifficulty>99</baseRecruitDifficulty>
	<backstoryCategory>Civil</backstoryCategory>
    <apparelTags>
		<li>Spacer</li>
    </apparelTags>
    <apparelMoney>
		<min>2000</min>
		<max>3000</max>
    </apparelMoney>
    <apparelIgnoreSeasons>true</apparelIgnoreSeasons>
	</PawnKindDef>

</PawnKindDefs>