<?xml version="1.0" encoding="utf-8"?>
<ModMetaData>
	<name>ED-TurretControl</name>
	<targetVersion>0.16.00</targetVersion>
	<author>Jaxxa</author>
	<url>https://ludeon.com/forums/index.php?topic=18995.0</url>
	<description>Version: 02.00.01

Discussion, Non Steam Downloads and GitHub Repositories of this mod is available at: https://ludeon.com/forums/index.php?topic=18995

This mod used the Harmony Library. The .dll of the Library is included in the download, you do not need to install it separately.
https://github.com/pardeike/Harmony
https://ludeon.com/forums/index.php?topic=29517.0

Allows Commands for Force Attack to be given to Turrets.
	</description>
</ModMetaData>