<?xml version="1.0" encoding="utf-8" ?>
<Defs>

	<ThingDef ParentName="EDSN_BuildingBase">
		<defName>QuantumPowerRelay</defName>
		<label>Quantum Power Relay</label>
		<description>Stores electricity for later use. Charged batteries explode when exposed to rain or fire.</description>
		<thingClass>EnhancedDevelopment.Prometheus.Power.Building_QuantumPowerRelay</thingClass>
		<graphicData>
			<texPath>Things/Building/Power/Battery</texPath>
			<graphicClass>Graphic_Multi</graphicClass>
			<drawSize>(2,3)</drawSize>
			<damageData>
				<cornerTL>Damage/Corner</cornerTL>
				<cornerTR>Damage/Corner</cornerTR>
				<cornerBL>Damage/Corner</cornerBL>
				<cornerBR>Damage/Corner</cornerBR>
			</damageData>
		</graphicData>
		<altitudeLayer>Building</altitudeLayer>
		<passability>PassThroughOnly</passability>
		<pathCost>70</pathCost>
		<blockWind>true</blockWind>
		<castEdgeShadows>true</castEdgeShadows>
		<fillPercent>0.40</fillPercent>
		<tickerType>Normal</tickerType>
		<researchPrerequisites>
			<li>Research_ED_Prometheus_Quest_Unlock</li>
			<li>Research_ED_Prometheus_PowerDistribution_1</li>
		</researchPrerequisites>
		<statBases>
			<MaxHitPoints>100</MaxHitPoints>
			<WorkToBuild>800</WorkToBuild>
			<Mass>20</Mass>
			<Flammability>1.0</Flammability>
			<Beauty>-15</Beauty>
		</statBases>
		<size>(1,2)</size>
		<costList>
			<Steel>70</Steel>
			<ComponentSpacer>2</ComponentSpacer>
		</costList>
		<comps>
			<li Class="EnhancedDevelopment.Prometheus.Fabrication.CompProperties_Fabricated">
				<RequiredPower>500</RequiredPower>
				<RequiredMaterials>200</RequiredMaterials>
				<RequiredWork>100</RequiredWork>
			</li>
			<li Class="CompProperties_Battery">
				<storedEnergyMax>400</storedEnergyMax>
				<efficiency>1.0</efficiency>
				<shortCircuitInRain>false</shortCircuitInRain>
				<transmitsPower>true</transmitsPower>
			</li>
			<li Class="CompProperties_Breakdownable"/>
		</comps>
		<terrainAffordanceNeeded>Medium</terrainAffordanceNeeded>
		<designationCategory>Power</designationCategory>
		<staticSunShadowHeight>0.5</staticSunShadowHeight>
		<constructEffect>ConstructMetal</constructEffect>
		<designationHotKey>Misc4</designationHotKey>
		<canOverlapZones>false</canOverlapZones>
	</ThingDef>

	<!--================================ Lasers ======================================-->

	<ThingDef ParentName="EDSN_BuildingBase">
		<defName>LaserDrill</defName>
		<label>Laser Drill Tageting</label>
		<thingClass>Building</thingClass>
		<graphicData>
			<texPath>Things/Buildings/LaserDrill</texPath>
			<graphicClass>Graphic_Single</graphicClass>
			<drawSize>(6,6)</drawSize>
		</graphicData>
		<altitudeLayer>Building</altitudeLayer>
		<passability>Impassable</passability>
		<castEdgeShadows>true</castEdgeShadows>
		<fillPercent>1</fillPercent>
		<tickerType>Rare</tickerType>
		<statBases>
			<WorkToBuild>1800</WorkToBuild>
			<MaxHitPoints>350</MaxHitPoints>
			<Flammability>1.0</Flammability>
			<Mass>100</Mass>
		</statBases>
		<description>Conducts a detailed subsurface scan to allow the precise direction of shipboard weapon systems to create or destroy a steam geyser. Warning, the intense heat from the weapon system has been known to start fires.</description>
		<building>
			<wantsHopperAdjacent>false</wantsHopperAdjacent>
		</building>
		<comps>
			<li Class="EnhancedDevelopment.Prometheus.Fabrication.CompProperties_Fabricated">
				<RequiredPower>500</RequiredPower>
				<RequiredMaterials>200</RequiredMaterials>
				<RequiredWork>200</RequiredWork>
			</li>
			<li Class="EnhancedDevelopment.Prometheus.LaserDrill.CompProperties_LaserDrill"/>
		</comps>
		<size>(6,6)</size>
		<costList>
			<ComponentSpacer>10</ComponentSpacer>
			<Steel>600</Steel>
		</costList>
		<hasInteractionCell>False</hasInteractionCell>
		<leaveResourcesWhenKilled>true</leaveResourcesWhenKilled>
		<terrainAffordanceNeeded>Heavy</terrainAffordanceNeeded>
		<designationCategory>Power</designationCategory>
		<staticSunShadowHeight>0.75</staticSunShadowHeight>
		<researchPrerequisites>
			<li>Research_ED_Prometheus_Quest_Unlock</li>
			<li>Research_ED_Prometheus_PowerDistribution_2</li>
		</researchPrerequisites>
	</ThingDef>

	<ThingDef Name="LaserDrillVisual" ParentName="EtherealThingBase">
		<thingClass>EnhancedDevelopment.Prometheus.LaserDrill.LaserDrillVisual</thingClass>
		<defName>LaserDrillVisual</defName>
		<label>LaserDrillVisual</label>
		<tickerType>Normal</tickerType>
		<drawerType>RealtimeOnly</drawerType>
		<drawOffscreen>true</drawOffscreen>
		<seeThroughFog>true</seeThroughFog>
		<comps>
			<li Class="CompProperties_AffectsSky">
				<skyColors>
					<sky>(255, 230, 200)</sky>
					<shadow>(225, 220, 185)</shadow>
					<overlay>(255, 255, 255)</overlay>
					<saturation>1.3</saturation>
				</skyColors>
			</li>
			<li Class="CompProperties_OrbitalBeam">
				<width>8</width>
				<color>(255, 245, 214, 242)</color>
				<sound>OrbitalBeam</sound>
			</li>
		</comps>
	</ThingDef>


</Defs>