<?xml version="1.0" encoding="utf-8"?>
<Defs>

	<ThingDef Name="BuildingBase_Shield" ParentName="BuildingBase" Abstract="True">
		<!-- Un Comment to allow building -->
		<!--<designationCategory>Security</designationCategory>-->
	</ThingDef>

	<!-- Shield Building -->

	<ThingDef ParentName="BuildingBase_Shield">
		<defName>Building_ShieldGenerator</defName>
		<label>Shield Generator</label>
		<description>Creates a Shield designed to protect critical ground installations. Can be upgraded with various enhancement modules.</description>
		<thingClass>Jaxxa.EnhancedDevelopment.Shields.Shields.Building_Shield</thingClass>
		<researchPrerequisites>
			<li>Research_Shield</li>
		</researchPrerequisites>
		<graphicData>
			<texPath>Things/ShieldBuilding_Blue</texPath>
			<graphicClass>Graphic_Single</graphicClass>
			<drawSize>(1,1)</drawSize>
		</graphicData>

		<uiIconPath>Things/ShieldBuilding_Blue</uiIconPath>
		<altitudeLayer>Building</altitudeLayer>
		<leaveResourcesWhenKilled>true</leaveResourcesWhenKilled>
		<blockLight>true</blockLight>
		<drawerType>MapMeshAndRealTime</drawerType>
		<staticSunShadowHeight>1.0</staticSunShadowHeight>
		<fillPercent>1</fillPercent>
		<size>(1,1)</size>
		<rotatable>false</rotatable>
		<terrainAffordanceNeeded>Light</terrainAffordanceNeeded>
		<holdsRoof>false</holdsRoof>
		<specialDisplayRadius>1.6</specialDisplayRadius>
		<statBases>
			<MaxHitPoints>500</MaxHitPoints>
			<WorkToBuild>2000</WorkToBuild>
			<Flammability>1.0</Flammability>
			<Beauty>-2</Beauty>
			<Mass>50</Mass>
		</statBases>
		<costList>
			<Steel>100</Steel>
			<Silver>100</Silver>
			<ComponentSpacer>10</ComponentSpacer>
		</costList>
		<inspectorTabs>
			<li>Jaxxa.EnhancedDevelopment.Shields.Shields.ITab_ShieldGenerator</li>
		</inspectorTabs>
		<passability>Impassable</passability>
		<selectable>true</selectable>
		<tickerType>Normal</tickerType>
		<minifiedDef>MinifiedThing</minifiedDef>
		<thingCategories>
			<li>BuildingsSpecial</li>
        </thingCategories>
		<comps>
			<li Class="CompProperties_Power">
				<compClass>CompPowerTrader</compClass>
				<basePowerConsumption>1000</basePowerConsumption>
			</li>
			<li Class="CompProperties_Flickable"/>
			<li Class="CompProperties_Breakdownable"/>
			<li Class="CompProperties_Facility">
				<maxSimultaneous>1</maxSimultaneous>
			</li>
			<li Class="Jaxxa.EnhancedDevelopment.Shields.Shields.CompProperties_ShieldGenerator">

				<m_FieldIntegrity_Initial>100</m_FieldIntegrity_Initial>
				<m_FieldIntegrity_Max_Base>2000</m_FieldIntegrity_Max_Base>
				<m_Field_Radius_Base>10</m_Field_Radius_Base>

				<m_PowerRequired_Charging>1000</m_PowerRequired_Charging>
				<m_PowerRequired_Standby>500</m_PowerRequired_Standby>

				<m_RechargeTickDelayInterval_Base>15</m_RechargeTickDelayInterval_Base>
				<m_RechargeAmmount_Base>1</m_RechargeAmmount_Base>
				<m_RecoverWarmupDelayTicks_Base>900</m_RecoverWarmupDelayTicks_Base>

				<m_BlockIndirect_Avalable>true</m_BlockIndirect_Avalable>
				<m_BlockDirect_Avalable>true</m_BlockDirect_Avalable>
				<m_InterceptDropPod_Avalable>false</m_InterceptDropPod_Avalable>
				<m_StructuralIntegrityMode>false</m_StructuralIntegrityMode>
			</li>
		</comps>	
	</ThingDef>


	<!-- Shield Upgrade Modules -->

	<ThingDef Name="ShieldUpgradeModuleBase" ParentName="BuildingBase_Shield" Abstract="True">
		<defName>ShieldUpgrade</defName>
		<label>ShieldUpgrade</label>
		<thingClass>Building</thingClass>
		<description>Upgrades Shields.</description>
		<graphicData>
			<texPath>Things/Building/Misc/MultiAnalyzer</texPath>
			<graphicClass>Graphic_Single</graphicClass>
			<drawSize>(1,1)</drawSize>
			<damageData>
				<rect>(0.15,0.15,1.7,1.7)</rect>
			</damageData>
		</graphicData>
		<researchPrerequisites>
			<li>Research_Shield_Upgrades</li>
		</researchPrerequisites>
		<size>(1,1)</size>
		<rotatable>false</rotatable>
		<altitudeLayer>Building</altitudeLayer>
		<passability>PassThroughOnly</passability>
		<castEdgeShadows>true</castEdgeShadows>
		<fillPercent>0.5</fillPercent>
		<designationHotKey>Misc4</designationHotKey>
		<canOverlapZones>false</canOverlapZones>
		<terrainAffordanceNeeded>Medium</terrainAffordanceNeeded>
		<statBases>
			<MaxHitPoints>200</MaxHitPoints>
			<WorkToBuild>10000</WorkToBuild>
			<Mass>100</Mass>
			<Flammability>1.0</Flammability>
		</statBases>
		<costList>
			<Steel>100</Steel>
			<Silver>100</Silver>
			<ComponentSpacer>2</ComponentSpacer>
		</costList>
		<specialDisplayRadius>1.6</specialDisplayRadius>
		<minifiedDef>MinifiedThing</minifiedDef>
		<thingCategories>
			<li>BuildingsSpecial</li>
        </thingCategories>
	</ThingDef>

	<ThingDef ParentName="ShieldUpgradeModuleBase">
		<defName>ShieldUpgradeModuleCapacitor</defName>
		<label>Shield Upgrade: Capacitor</label>
		<description>Shield Module: Capacitor
This increases the maximum Shield Field Integrity of a Shield Generator. This allows it to absorb a greater number of impacts before going offline.</description>
		<comps>
			<li Class="Jaxxa.EnhancedDevelopment.Shields.Shields.CompProperties_ShieldUpgrade">
				<FieldIntegrity_Increase>500</FieldIntegrity_Increase>
				<Range_Increase>0</Range_Increase>
				<PowerUsage_Increase>100</PowerUsage_Increase>
				<DropPodIntercept>false</DropPodIntercept>
			</li>
		</comps>
	</ThingDef>

	<ThingDef ParentName="ShieldUpgradeModuleBase">
		<defName>ShieldUpgradeModuleHorizontalProjector</defName>
		<label>Shield Upgrade: Horizontal Projector</label>
		<description>Shield Module: Horizontal Projector
This increases the maximum distance that a Shield Field can be extended from the Shield Generator, increasing the area that can be effectively protected by a single Shield Generator.</description>
		<comps>
			<li Class="Jaxxa.EnhancedDevelopment.Shields.Shields.CompProperties_ShieldUpgrade">
				<FieldIntegrity_Increase>0</FieldIntegrity_Increase>
				<Range_Increase>5</Range_Increase>
				<PowerUsage_Increase>100</PowerUsage_Increase>
				<DropPodIntercept>false</DropPodIntercept>
			</li>
		</comps>
	</ThingDef>

	<ThingDef ParentName="ShieldUpgradeModuleBase">
		<defName>ShieldUpgradeModuleVerticalProjector</defName>
		<label>Shield Upgrade: Vertical Projector</label>
		<description>Shield Module: Vertical Projector
This allows the shield field to be extended vertically to prevent the safe landing of Drop Pods by interrupting the systems controlling their decent, causing them to violently impact the ground.</description>
		<comps>
			<li Class="Jaxxa.EnhancedDevelopment.Shields.Shields.CompProperties_ShieldUpgrade">
				<FieldIntegrity_Increase>0</FieldIntegrity_Increase>
				<Range_Increase>0</Range_Increase>
				<PowerUsage_Increase>100</PowerUsage_Increase>
				<DropPodIntercept>true</DropPodIntercept>
			</li>
		</comps>
	</ThingDef>

	<ThingDef ParentName="ShieldUpgradeModuleBase">
		<defName>ShieldUpgradeModuleOrbitalDatalink</defName>
		<label>Shield Upgrade: Orbital Datalink</label>
		<description>Shield Module: Orbital Datalink
This links the Shield Generator to enhanced tactical sensors placed in orbit to allow the differentiation of friendly and hostile contacts to prevent hampering friendly operations, including both weapons fire and the deployment of DropPods.</description>
		<comps>
			<li Class="Jaxxa.EnhancedDevelopment.Shields.Shields.CompProperties_ShieldUpgrade">
				<FieldIntegrity_Increase>0</FieldIntegrity_Increase>
				<Range_Increase>0</Range_Increase>
				<PowerUsage_Increase>100</PowerUsage_Increase>
				<DropPodIntercept>false</DropPodIntercept>
				<IdentifyFriendFoe>true</IdentifyFriendFoe>
			</li>
		</comps>
	</ThingDef>

	<ThingDef ParentName="ShieldUpgradeModuleBase">
		<defName>ShieldUpgradeModulePowerConverter</defName>
		<label>Shield Upgrade: Power Converter</label>
		<description>Shield Module: Power Converter
This allows the Shield Generator to remain functioning in the event that main power is interrupted at the expense of a slow decay of the Shield Field Integrity.</description>
		<comps>
			<li Class="Jaxxa.EnhancedDevelopment.Shields.Shields.CompProperties_ShieldUpgrade">
				<FieldIntegrity_Increase>0</FieldIntegrity_Increase>
				<Range_Increase>0</Range_Increase>
				<PowerUsage_Increase>0</PowerUsage_Increase>
				<DropPodIntercept>false</DropPodIntercept>
				<SlowDischarge>true</SlowDischarge>
			</li>
		</comps>
	</ThingDef>

</Defs>