﻿<?xml version="1.0" encoding="utf-8" ?>
<Defs>

	<RecipeDef Name="MakeFromOmniGelMK1Recipe" ParentName="MakeFromOmniGelBase" Abstract="True" >
	  <recipeUsers>
        <li>Table_MK1_Replicator</li>
      </recipeUsers>
		<workAmount>200</workAmount>
	</RecipeDef>


	<!-- Replicate Slag -->
	<RecipeDef ParentName="MakeFromOmniGelMK1Recipe">
		<defName>Replicate_MK1_SlagFromOmniGel</defName>
		<label>Replicate Slag from Omni-Gel</label>
		<description>Replicates slag debris from Omni-Gel.</description>
		<jobString>Creating slag from Omni-Gel.</jobString>
		<ingredients>
			<li>
				<filter>
					<thingDefs>
						<li>OmniGel</li>
					</thingDefs>
				</filter>
				<count>10</count>
			</li>
			<li>
				<filter>
					<thingDefs>
						<li>Chemfuel</li>
					</thingDefs>
				</filter>
				<count>10</count>
			</li>
		</ingredients>
		<products>
			<ChunkSlagSteel>1</ChunkSlagSteel>
		</products>
	</RecipeDef>

	<!-- Replicate ChunkSandstone -->
	<RecipeDef ParentName="MakeFromOmniGelMK1Recipe">
		<defName>Replicate_MK1_ChunkSandstoneFromOmniGel</defName>
		<label>Replicate Sandstone Chunk from Omni-Gel</label>
		<description>Replicates Sandstone Chunk from Omni-Gel.</description>
		<jobString>Creating Sandstone Chunk from Omni-Gel.</jobString>
		<ingredients>
			<li>
				<filter>
					<thingDefs>
						<li>OmniGel</li>
					</thingDefs>
				</filter>
				<count>10</count>
			</li>
			<li>
				<filter>
					<thingDefs>
						<li>Chemfuel</li>
					</thingDefs>
				</filter>
				<count>10</count>
			</li>
		</ingredients>
		<products>
			<ChunkSandstone>1</ChunkSandstone>
		</products>
	</RecipeDef>


	<!-- Replicate ChunkGranite -->
	<RecipeDef ParentName="MakeFromOmniGelMK1Recipe">
		<defName>Replicate_MK1_ChunkGraniteFromOmniGel</defName>
		<label>Replicate Granite Chunk from Omni-Gel</label>
		<description>Replicates Granite Chunk from Omni-Gel.</description>
		<jobString>Creating Granite Chunk from Omni-Gel.</jobString>
		<ingredients>
			<li>
				<filter>
					<thingDefs>
						<li>OmniGel</li>
					</thingDefs>
				</filter>
				<count>10</count>
			</li>
			<li>
				<filter>
					<thingDefs>
						<li>Chemfuel</li>
					</thingDefs>
				</filter>
				<count>10</count>
			</li>
		</ingredients>
		<products>
			<ChunkGranite>1</ChunkGranite>
		</products>
	</RecipeDef>

	<!-- Replicate ChunkLimestone -->
	<RecipeDef ParentName="MakeFromOmniGelMK1Recipe">
		<defName>Replicate_MK1_ChunkLimestoneFromOmniGel</defName>
		<label>Replicate Limestone Chunk from Omni-Gel</label>
		<description>Replicates Limestone Chunk from Omni-Gel.</description>
		<jobString>Creating Limestone Chunk from Omni-Gel.</jobString>
		<ingredients>
			<li>
				<filter>
					<thingDefs>
						<li>OmniGel</li>
					</thingDefs>
				</filter>
				<count>10</count>
			</li>
			<li>
				<filter>
					<thingDefs>
						<li>Chemfuel</li>
					</thingDefs>
				</filter>
				<count>10</count>
			</li>
		</ingredients>
		<products>
			<ChunkLimestone>1</ChunkLimestone>
		</products>
	</RecipeDef>

	<!-- Replicate ChunkSlate -->
	<RecipeDef ParentName="MakeFromOmniGelMK1Recipe">
		<defName>Replicate_MK1_ChunkSlateFromOmniGel</defName>
		<label>Replicate Slate Chunk from Omni-Gel</label>
		<description>Replicates Slate Chunk from Omni-Gel.</description>
		<jobString>Creating Slate Chunk from Omni-Gel.</jobString>
		<ingredients>
			<li>
				<filter>
					<thingDefs>
						<li>OmniGel</li>
					</thingDefs>
				</filter>
				<count>10</count>
			</li>
			<li>
				<filter>
					<thingDefs>
						<li>Chemfuel</li>
					</thingDefs>
				</filter>
				<count>10</count>
			</li>
		</ingredients>
		<products>
			<ChunkSlate>1</ChunkSlate>
		</products>
	</RecipeDef>

	<!-- Replicate ChunkMarble -->
	<RecipeDef ParentName="MakeFromOmniGelMK1Recipe">
		<defName>Replicate_MK1_ChunkMarbleFromOmniGel</defName>
		<label>Replicate Marble Chunk from Omni-Gel</label>
		<description>Replicates Marble Chunk from Omni-Gel.</description>
		<jobString>Creating Marble Chunk from Omni-Gel.</jobString>
		<ingredients>
			<li>
				<filter>
					<thingDefs>
						<li>OmniGel</li>
					</thingDefs>
				</filter>
				<count>10</count>
			</li>
			<li>
				<filter>
					<thingDefs>
						<li>Chemfuel</li>
					</thingDefs>
				</filter>
				<count>10</count>
			</li>
		</ingredients>
		<products>
			<ChunkMarble>1</ChunkMarble>
		</products>
	</RecipeDef>

</Defs>