﻿<?xml version="1.0" encoding="utf-8" ?>
<Defs>

  
  <ThingDef Name="BuildingBase" Abstract="True">
    <category>Building</category>
    <soundImpactDefault>BulletImpactMetal</soundImpactDefault>
    <selectable>true</selectable>
    <drawerType>MapMeshAndRealTime</drawerType>
    <terrainAffordanceNeeded>Light</terrainAffordanceNeeded>
    <repairEffect>Repair</repairEffect>
  </ThingDef>
    
  <ThingDef ParentName="BuildingBase">
    <defName>ReversableCooler</defName>
    <eType>Building_TempController</eType>
    <label>Reversable Cooler</label>
    <thingClass>Enhanced_Defence.Temperature.Building_ReverseCycleCooler</thingClass>
    <graphicPath>Things/Building/Misc/TempControl/Cooler</graphicPath>
    <graphicClass>Graphic_Multi</graphicClass>
    <altitudeLayer>BuildingTall</altitudeLayer>
    <passability>Impassable</passability>
    <castEdgeShadows>true</castEdgeShadows>
    <fillPercent>1</fillPercent>
    <statBases>
      <WorkToMake>1600</WorkToMake>
      <MaxHealth>100</MaxHealth>
      <Flammability>1.0</Flammability>
    </statBases>
    <tickerType>Rare</tickerType>
    <description>An electrical device that fits into a wall and pushes cold air into a room. Its exhaust port generates a lot of heat. Can be used to cool down rooms during the summer months, or to create a walk-in freezer. </description>
    <size>(1,1)</size>
    <costList>
      <Steel>100</Steel>
    </costList>
    <killedLeavings>
      <ChunkSlag>1</ChunkSlag>
    </killedLeavings>
    <filthLeavings>
      <SlagRubble>3</SlagRubble>
    </filthLeavings>
    <leaveResourcesWhenKilled>true</leaveResourcesWhenKilled>
    <terrainAffordanceNeeded>Heavy</terrainAffordanceNeeded>
    <placeWorkers>
      <li>PlaceWorker_Cooler</li>
    </placeWorkers>
    <drawPlaceWorkersWhileSelected>true</drawPlaceWorkersWhileSelected>
    <building>
      <canPlaceOverWall>true</canPlaceOverWall>
    </building>
    <comps>
      <li>
        <compClass>CompPowerTrader</compClass>
        <soundPowerOn>PowerOnSmall</soundPowerOn>
        <soundPowerOff>PowerOffSmall</soundPowerOff>
        <basePowerConsumption>200</basePowerConsumption>
        <transmitsPower>true</transmitsPower>
      </li>
      <li>
        <compClass>CompTempControl</compClass>
        <energyPerSecond>-18</energyPerSecond>
      </li>
    </comps>
    <designationCategory>Temperature</designationCategory>
  </ThingDef>
  
  
</Defs>