<?xml version="1.0" encoding="utf-8" ?>
<Defs>

	<ResearchProjectDef>
		<defName>Research_ED_LaserSteamGeyser_Drill</defName>
		<label>Laser Steam Geyser Drill</label>
		<description>Using a laser, drill into the steam and magma network deep within the planet.</description>
		<baseCost>4000</baseCost>
		<techLevel>Industrial</techLevel>
		<prerequisites>
			<li>DeepDrilling</li>
			<li>GeothermalPower</li>
			<li>Research_ED_Excalibur_Fabrication</li>
		</prerequisites>
		<tab>EDSN-Excalibur</tab>
		<researchViewX>2</researchViewX>
		<researchViewY>2</researchViewY>
	</ResearchProjectDef>

	<ResearchProjectDef>
		<defName>Research_ED_LaserSteamGeyser_Filler</defName>
		<label>Laser Steam Geyser Filler</label>
		<description>Using a laser, fill in a steam vent with stone that you melt using a laser to create a buildable surface.</description>
		<baseCost>2000</baseCost>
		<techLevel>Industrial</techLevel>
		<prerequisites>
			<li>Research_ED_LaserSteamGeyser_Drill</li>
		</prerequisites>
		<tab>EDSN-Excalibur</tab>
		<researchViewX>3</researchViewX>
		<researchViewY>2</researchViewY>
	</ResearchProjectDef>

</Defs>