<?xml version="1.0" encoding="utf-8" ?>
<Defs>
	
	<ResearchProjectDef>
		<defName>Research_ED_Personal_Quantum_Shield</defName>
		<label>Personal Quantum Shield Research</label>
		<description>Allows the use of Quantum Virtual Particles to protect Colonists and Pets from damage.
		This Quantum Charge must be recovered from the Quantum Shield Charging Station and pulls from a global charge level.</description>
		<baseCost>2000</baseCost>
		<techLevel>Spacer</techLevel>
		<tab>EDSN-Excalibur</tab>
		<prerequisites>
			<li>Research_ED_ShieldUpgrades</li>
		</prerequisites>
		<researchViewX>4</researchViewX>
		<researchViewY>0</researchViewY>
	</ResearchProjectDef>

</Defs>