<?xml version="1.0" encoding="UTF-8" standalone="yes"?>
<Manifest>
	<identifier>ED-EnhancedOptions</identifier>
	<version>1.0.0.1</version>
	<dependencies>
	</dependencies>
	<incompatibleWith>
	</incompatibleWith>
	<loadBefore>
	</loadBefore>
	<loadAfter>
	</loadAfter>
	<manifestUri>https://raw.githubusercontent.com/jaxxa/ED-EnhancedOptions/master/ED-EnhancedOptions/About/Manifest.xml</manifestUri>
	<downloadUri>https://github.com/jaxxa/ED-EnhancedOptions/releases</downloadUri>
</Manifest>