<?xml version="1.0" encoding="utf-8"?>
<ModMetaData>
	<name>ED-AutoLoader</name>
	<author>Jaxxa</author>
	<url>https://github.com/jaxxa/RimWorld-Enhanced-Defence</url>
	<description>
This module adds an Autoloader that can be used to supply things to some of the buildings in this mod. If a building in a module requires it, then this module will be listed as a requirement.
This is functionally identical to a Hopper in the base game, but accepts a wider variety of resources without cluttering the stock Hopper or causing incompatibilities with other mods.
	</description>
</ModMetaData>