﻿<?xml version="1.0" encoding="utf-8" ?>
<ThinkTrees>

	<ThinkTreeDef>
		<defName>Vehicle</defName>
		<thinkRoot Class="ThinkNode_Priority">
			<subNodes>

				<!-- Burning response -->
				<li Class="ThinkNode_Subtree">
					<treeDef>BurningResponse</treeDef>
				</li>
        
        <!-- Mind broken - psychotic -->
				<li Class="ThinkNode_Subtree">
					<treeDef>Psychotic</treeDef>
				</li>

				<!-- Self-defense only if not drafted -->
				<li Class="ThinkNode_ConditionalDrafted">
          <invert>true</invert>
					<subNodes>
						<li Class="ThinkNode_Subtree">
							<treeDef>SelfDefense</treeDef>
						</li>
					</subNodes>
				</li>


				<!-- Mind broken - Give up and leave -->
				<li Class="ThinkNode_ConditionalBrokenState">
          <state>GiveUpExit</state>
            <subNodes>
              <li Class="JobGiver_ExitMapWalkRandom" />
              <li Class="JobGiver_WanderAnywhere">
                <maxDanger>Deadly</maxDanger>
              </li>
            </subNodes>
          </li>

        <!-- Mind broken - Panic flee -->
        <li Class="ThinkNode_ConditionalBrokenState">
          <state>PanicFlee</state>
          <subNodes>
            <li Class="JobGiver_PanicFlee" />
          </subNodes>
        </li>

        <!-- Mind broken - Wander -->
        <li Class="ThinkNode_ConditionalBrokenState">
          <state>DazedWander</state>
          <subNodes>
            <li Class="JobGiver_WanderAnywhere">
              <maxDanger>Deadly</maxDanger>
            </li>
          </subNodes>
        </li>

        <!-- Mind broken - Binging -->
        <li Class="ThinkNode_ConditionalBrokenState">
          <state>BingingAlcohol</state>
          <subNodes>
            <li Class="JobGiver_SatisfyNeeds"/>
            <li Class="JobGiver_SeekDrugs"/>
            <li Class="JobGiver_WanderColony" />
          </subNodes>
        </li>

        <!-- Insertion hook for modders -->
        <li Class="ThinkNode_SubtreesByTag">
          <insertTag>Humanoid_PostBroken</insertTag>
        </li>
        
				<!-- Prisoner -->
				<li Class="ThinkNode_ConditionalPrisoner">
					<subNodes>
						<li Class="JobGiver_PrisonerEscape" />
            <li Class="JobGiver_PrisonerPatientGoToBed" />
            <li Class="JobGiver_PrisonerGetDressed" />
						<li Class="JobGiver_SatisfyNeeds" />
            <li Class="JobGiver_WanderCurrentRoom">
              <maxDanger>Deadly</maxDanger>
            </li>
						<li Class="JobGiver_IdleError" />
					</subNodes>
				</li>

				<!-- Squad brain directives -->
        <li Class="ThinkNode_Subtree">
          <treeDef>SquadBrainDuty</treeDef>
        </li>

        <!-- Insertion hook for modders -->
        <li Class="ThinkNode_SubtreesByTag">
          <insertTag>Humanoid_PostDuty</insertTag>
        </li>

        <!-- If on colonist team, do forced and emergency work -->
				<li Class="ThinkNode_ConditionalColonist">
					<subNodes>
						<!-- Take direct orders when drafted -->
						<li Class="JobGiver_Orders" />

						<!-- Queue for forced work -->
						<li Class="JobGiver_JobQueue" />

            <!-- Seek safe temperatures -->
            <li Class="JobGiver_SeekSafeTemperature" />
            
						<!-- Do emergency work (supercedes satisfying needs, unless needs are extreme) -->
            <li Class="ThinkNode_ConditionalStarving">
              <invert>true</invert>
              <subNodes>
						    <li Class="JobGiver_WorkRoot">
                  <onlyEmergencyWork>true</onlyEmergencyWork>
                </li>
              </subNodes>
          </li>
					</subNodes>
				</li>

        <!-- Insertion hook for modders -->
        <li Class="ThinkNode_SubtreesByTag">
          <insertTag>Humanoid_PreSatisfyNeeds</insertTag>
        </li>

        <!-- Behavior from traits -->
        <li Class="ThinkNode_TraitPreSatisfyNeeds" />
        
        <!-- Basic satisfy needs -->
				<li Class="JobGiver_SatisfyNeeds"/>

        <!-- Seek drugs (colonists only) This is a bit hacky, maybe replace with recreation need filler -->
        <li Class="ThinkNode_ConditionalColonist">
          <subNodes>
            <li Class="JobGiver_SeekDrugs"/>
          </subNodes>
        </li>

        <!-- Behavior from traits -->
        <li Class="ThinkNode_TraitPostSatisfyNeeds" />

        <!-- Insertion hook for modders -->
        <li Class="ThinkNode_SubtreesByTag">
          <insertTag>Humanoid_PostSatisfyNeeds</insertTag>
        </li>

				<!-- If on colonist team, do non-forced non-emergency work and idle -->
				<li Class="ThinkNode_ConditionalColonist">
					<subNodes>
						<li Class="JobGiver_WorkRoot">
							<onlyEmergencyWork>false</onlyEmergencyWork>
						</li>

						<li Class="ThinkNode_Tagger">
							<tagToGive>Idle</tagToGive>
							<subNodes>
								<li Class="JobGiver_WanderColony">
                  <maxDanger>None</maxDanger>
								</li>
							</subNodes>
						</li>

					</subNodes>
				</li>

        <!-- Insertion hook for modders -->
        <li Class="ThinkNode_SubtreesByTag">
          <insertTag>Humanoid_PreWander</insertTag>
        </li>

        <!-- If you're a neutral non-prisoner, exit the map -->
        <li Class="ThinkNode_ConditionalPrisoner">
          <invert>true</invert>
          <subNodes>
            <li Class="ThinkNode_ConditionalNeutralFaction">
              <subNodes>
                <li Class="JobGiver_ExitMapWalkNearest" />
              </subNodes>
            </li>
          </subNodes>
        </li>
        
        <li Class="JobGiver_WanderAnywhere">
          <maxDanger>None</maxDanger>
        </li>

        <li Class="JobGiver_WanderAnywhere">
          <maxDanger>Deadly</maxDanger>
        </li>

          <li Class="JobGiver_IdleError"/>

			</subNodes>
		</thinkRoot>
	</ThinkTreeDef>
</ThinkTrees>