﻿<?xml version="1.0" encoding="utf-8" ?>
<Defs>

	<ThingDef Name="BuildingBase" Abstract="True">
		<category>Building</category>
		<soundImpactDefault>BulletImpactMetal</soundImpactDefault>
		<selectable>true</selectable>
		<drawerType>MapMeshAndRealTime</drawerType>
		<terrainAffordanceNeeded>Light</terrainAffordanceNeeded>
		<repairEffect>Repair</repairEffect>
		<leaveResourcesWhenKilled>true</leaveResourcesWhenKilled>
		<filthLeaving>BuildingRubble</filthLeaving>
	</ThingDef>

	<ThingDef ParentName="BuildingBase">
		<defName>Vent_Powered</defName>
		<label>Powered Vent</label>
		<thingClass>Enhanced_Defence.Temperature.Building_Vent</thingClass>
		<graphicPath>Things/Building/Misc/TempControl/Vent</graphicPath>
		<graphicClass>Graphic_Multi</graphicClass>
		<altitudeLayer>BuildingTall</altitudeLayer>
		<passability>Impassable</passability>
		<castEdgeShadows>true</castEdgeShadows>
		<fillPercent>1</fillPercent>
		<statBases>
			<WorkToMake>400</WorkToMake>
			<MaxHitPoints>100</MaxHitPoints>
			<Flammability>1.0</Flammability>
		</statBases>
		<tickerType>Rare</tickerType>
		<description>A powered vent for equalizing the temperature between two rooms without allowing people to walk between them. Requires power to operate and can be shut down to keep the temperature difference.</description>
		<size>(1,1)</size>
		<costList>
			<Steel>30</Steel>
		</costList>
		<terrainAffordanceNeeded>Heavy</terrainAffordanceNeeded>
		<placeWorkers>
			<li>PlaceWorker_Vent</li>
		</placeWorkers>
		<drawPlaceWorkersWhileSelected>true</drawPlaceWorkersWhileSelected>
		<building>
			<canPlaceOverWall>true</canPlaceOverWall>
		</building>
		<designationCategory>Temperature</designationCategory>
		<comps>
			<li>
				<compClass>CompPowerTrader</compClass>
				<startElectricalFires>false</startElectricalFires>
				<basePowerConsumption>20</basePowerConsumption>
			</li>
		</comps>
	</ThingDef>

</Defs>