﻿<?xml version="1.0" encoding="utf-8" ?>
<Defs>

  <!--===========================  Wild - clustering bushes (some harvestable) ==============================-->


  <ThingDef ParentName="PlantBase">
    <defName>PlantRaspberry</defName>
    <label>raspberry bush</label>
    <description>A bushy plant which yields delicious red berries.</description>
    <statBases>
      <MaxHitPoints>120</MaxHitPoints>
    </statBases>
    <graphicData>
      <texPath>Things/Plant/Raspberry</texPath>
      <graphicClass>Graphic_Random</graphicClass>
      <shadowData>
        <volume>(0.6, 0.2, 0.6)</volume>
      </shadowData>
    </graphicData>
    <selectable>true</selectable>
    <fillPercent>0.25</fillPercent>
    <pathCost>30</pathCost>
    <ingestible>
      <foodType>Plant</foodType>
      <preferability>NeverForNutrition</preferability>
      <nutrition>0.25</nutrition>
    </ingestible>
    <plant>
      <leaflessGraphicPath>Things/Plant/Bush_Leafless</leaflessGraphicPath>
      <harvestYield>30</harvestYield>
      <harvestWork>2000</harvestWork>
      <harvestTag>Standard</harvestTag>
      <harvestDestroys>false</harvestDestroys>
      <harvestedThingDef>RawBerries</harvestedThingDef>
      <fertilityMin>0.5</fertilityMin>
      <wildCommonalityMaxFraction>3.0</wildCommonalityMaxFraction>
      <wildClusterSizeRange>
        <min>2</min>
        <max>5</max>
      </wildClusterSizeRange>
      <wildClusterRadius>4</wildClusterRadius>
      <visualSizeRange>
        <min>0.7</min>
        <max>1.1</max>
      </visualSizeRange>
      <growDays>3</growDays>
      <topWindExposure>0.3</topWindExposure>
      <fertilityFactorGrowthRate>0.5</fertilityFactorGrowthRate>
    </plant>
  </ThingDef>


  <ThingDef ParentName="PlantBase">
    <defName>PlantBush</defName>
    <label>bush</label>
    <description>A short shrub. Does not typically talk.</description>
    <statBases>
      <MaxHitPoints>120</MaxHitPoints>
    </statBases>
    <graphicData>
      <texPath>Things/Plant/Bush</texPath>
      <graphicClass>Graphic_Random</graphicClass>
       <shadowData>
         <volume>(0.37, 0.2, 0.37)</volume>
       </shadowData>
    </graphicData>
    <selectable>true</selectable>
    <fillPercent>0.25</fillPercent>
    <pathCost>30</pathCost>
    <ingestible>
      <foodType>Plant</foodType>
      <preferability>NeverForNutrition</preferability>
      <nutrition>0.17</nutrition>
    </ingestible>
    <plant>
      <leaflessGraphicPath>Things/Plant/Bush_Leafless</leaflessGraphicPath>
      <harvestWork>130</harvestWork>
      <fertilityMin>0.4</fertilityMin>
      <wildClusterSizeRange>
        <min>2</min>
        <max>5</max>
      </wildClusterSizeRange>
      <wildClusterRadius>4</wildClusterRadius>
      <visualSizeRange>
        <min>0.7</min>
        <max>1.1</max>
      </visualSizeRange>
      <growDays>3</growDays>
      <topWindExposure>0.3</topWindExposure>
      <fertilityFactorGrowthRate>0.5</fertilityFactorGrowthRate>
    </plant>
  </ThingDef>



  <!--======================= Wild plants - carpets ========================-->

  <ThingDef ParentName="PlantBase">
    <defName>PlantGrass</defName>
    <label>grass</label>
    <description>Wild grass. Grows anywhere there is a little light and minimally fertile ground.</description>
    <statBases>
      <MaxHitPoints>85</MaxHitPoints>
      <Beauty>2</Beauty>
    </statBases>
    <graphicData>
      <texPath>Things/Plant/Grass</texPath>
      <graphicClass>Graphic_Random</graphicClass>
    </graphicData>
    <hideAtSnowDepth>0.5</hideAtSnowDepth>
    <ingestible>
      <foodType>Plant</foodType>
      <preferability>NeverForNutrition</preferability>
      <nutrition>0.15</nutrition>
    </ingestible>
    <plant>
      <leaflessGraphicPath>Things/Plant/Grass_Leafless</leaflessGraphicPath>
      <harvestWork>40</harvestWork>
      <fertilityMin>0.05</fertilityMin>
      <maxMeshCount>9</maxMeshCount>
      <visualSizeRange>
        <min>0.4</min>
        <max>0.6</max>
      </visualSizeRange>
      <growDays>2.5</growDays>
      <topWindExposure>0.4</topWindExposure>
      <seedEmitMTBDays>3.5</seedEmitMTBDays>
      <fertilityFactorGrowthRate>0.90</fertilityFactorGrowthRate>
      <fertilityFactorPlantChance>0.90</fertilityFactorPlantChance>
    </plant>
  </ThingDef>


  <ThingDef ParentName="PlantBase">
    <defName>PlantDandelion</defName>
    <label>dandelions</label>
    <description>A common small flower. Though it is often considered a weed, it is pleasant to look at.</description>
    <statBases>
      <MaxHitPoints>85</MaxHitPoints>
      <Beauty>5</Beauty>
    </statBases>
    <graphicData>
      <texPath>Things/Plant/Dandelion</texPath>
      <graphicClass>Graphic_Random</graphicClass>
    </graphicData>
    <hideAtSnowDepth>0.5</hideAtSnowDepth>
    <ingestible>
      <foodType>Plant</foodType>
      <preferability>NeverForNutrition</preferability>
      <nutrition>0.14</nutrition>
    </ingestible>
    <plant>
      <sowTags>
        <li>Ground</li>
      </sowTags>
      <fertilityMin>0.05</fertilityMin>
      <maxMeshCount>25</maxMeshCount>
      <visualSizeRange>
        <min>0.3</min>
        <max>0.4</max>
      </visualSizeRange>
      <growDays>2.5</growDays>
      <topWindExposure>0.3</topWindExposure>
      <seedEmitMTBDays>3.5</seedEmitMTBDays>
      <fertilityFactorGrowthRate>1</fertilityFactorGrowthRate>
      <fertilityFactorPlantChance>1.0</fertilityFactorPlantChance>
      <wildClusterSizeRange>
        <min>2</min>
        <max>6</max>
      </wildClusterSizeRange>
      <wildClusterRadius>4</wildClusterRadius>
    </plant>
  </ThingDef>

  <ThingDef ParentName="PlantBase">
    <defName>PlantAstragalus</defName>
    <label>astragalus</label>
    <description>A small perennial wildflower that grows in alpine climates.</description>
    <statBases>
      <MaxHitPoints>85</MaxHitPoints>
      <Beauty>5</Beauty>
    </statBases>
    <graphicData>
      <texPath>Things/Plant/Astragalus</texPath>
      <graphicClass>Graphic_Random</graphicClass>
    </graphicData>
    <hideAtSnowDepth>0.5</hideAtSnowDepth>
    <ingestible>
      <foodType>Plant</foodType>
      <preferability>NeverForNutrition</preferability>
      <nutrition>0.15</nutrition>
    </ingestible>
    <plant>
      <fertilityMin>0.05</fertilityMin>
      <maxMeshCount>25</maxMeshCount>
      <visualSizeRange>
        <min>0.3</min>
        <max>0.4</max>
      </visualSizeRange>
      <growDays>2.5</growDays>
      <topWindExposure>0.3</topWindExposure>
      <seedEmitMTBDays>3.5</seedEmitMTBDays>
      <fertilityFactorGrowthRate>1</fertilityFactorGrowthRate>
      <fertilityFactorPlantChance>1.0</fertilityFactorPlantChance>
      <wildClusterSizeRange>
        <min>2</min>
        <max>6</max>
      </wildClusterSizeRange>
      <wildClusterRadius>4</wildClusterRadius>
    </plant>
  </ThingDef>


  <ThingDef ParentName="PlantBase">
    <defName>PlantMoss</defName>
    <label>moss</label>
    <description>A wild moss that grows in clumps in areas of low light and high humidity. Very hardy and frost-resistant.</description>
    <statBases>
      <MaxHitPoints>120</MaxHitPoints>
      <Beauty>1</Beauty>
    </statBases>
    <graphicData>
      <texPath>Things/Plant/Moss</texPath>
      <graphicClass>Graphic_Random</graphicClass>
    </graphicData>
    <hideAtSnowDepth>0.5</hideAtSnowDepth>
    <ingestible>
      <foodType>Plant</foodType>
      <preferability>NeverForNutrition</preferability>
      <nutrition>0.10</nutrition>
    </ingestible>
    <plant>
      <leaflessGraphicPath>Things/Plant/Moss_Leafless</leaflessGraphicPath>
      <harvestWork>60</harvestWork>
      <fertilityMin>0.05</fertilityMin>
      <maxMeshCount>9</maxMeshCount>
      <visualSizeRange>
        <min>0.4</min>
        <max>0.6</max>
      </visualSizeRange>
      <growDays>7.5</growDays>
      <topWindExposure>0.0</topWindExposure>
      <fertilityFactorGrowthRate>0.90</fertilityFactorGrowthRate>
      <fertilityFactorPlantChance>0.90</fertilityFactorPlantChance>
    </plant>
  </ThingDef>


  <!--============================ Wild - Trees ============================-->

  <ThingDef ParentName="PlantBase" Name="TreeBase" Abstract="True">
    <statBases>
      <MaxHitPoints>300</MaxHitPoints>
    </statBases>
    <description>A tree.</description>
    <altitudeLayer>BuildingTall</altitudeLayer>
    <selectable>true</selectable>
    <fillPercent>0.35</fillPercent>
    <graphicData>
      <shadowData>
        <volume>(0.3, 0.3, 0.3)</volume>
      </shadowData>
    </graphicData>
    <passability>PassThroughOnly</passability>
    <pathCost>130</pathCost>
    <ingestible>
      <foodType>Tree</foodType>
      <preferability>Raw</preferability>
      <nutrition>1.50</nutrition>
    </ingestible>
    <plant>
      <soundHarvesting>Harvest_Tree</soundHarvesting>
      <soundHarvestFinish>Harvest_Tree_Finish</soundHarvestFinish>
      <sowWork>1500</sowWork>
      <harvestWork>800</harvestWork>
      <harvestDestroys>true</harvestDestroys>
      <harvestedThingDef>WoodLog</harvestedThingDef>
      <harvestYield>50</harvestYield>
      <harvestTag>Wood</harvestTag>
      <harvestMinGrowth>0.40</harvestMinGrowth>
      <harvestFailable>false</harvestFailable>
      <blockAdjacentSow>true</blockAdjacentSow>
      <sowTags>
        <li>Ground</li>
      </sowTags>
      <visualSizeRange>
        <min>1.3</min>
        <max>2.0</max>
      </visualSizeRange>
      <fertilityMin>0.3</fertilityMin>
      <topWindExposure>0.25</topWindExposure>
      <fertilityFactorGrowthRate>0.5</fertilityFactorGrowthRate>
      <wildClusterSizeRange>
        <min>8</min>
        <max>30</max>
      </wildClusterSizeRange>
      <wildClusterRadius>8</wildClusterRadius>
    </plant>
  </ThingDef>


  <ThingDef ParentName="TreeBase">
    <defName>PlantTreeOak</defName>
    <label>oak tree</label>
    <description>A strong hardwood tree. Slow-going, but its wood is very strong.</description>
    <graphicData>
      <texPath>Things/Plant/TreeOak</texPath>
      <graphicClass>Graphic_Random</graphicClass>
    </graphicData>
    <statBases>
      <Beauty>5</Beauty>
    </statBases>
    <plant>
      <leaflessGraphicPath>Things/Plant/TreeOak_Leafless</leaflessGraphicPath>
      <growDays>30</growDays>
      <harvestWork>1000</harvestWork>
      <harvestYield>50</harvestYield>
    </plant>
  </ThingDef>

  <ThingDef ParentName="TreeBase">
    <defName>PlantTreePoplar</defName>
    <label>poplar tree</label>
    <description>A softwood tree. Grows fast, but yield little useful wood.</description>
    <graphicData>
      <texPath>Things/Plant/TreePoplar</texPath>
      <graphicClass>Graphic_Random</graphicClass>
    </graphicData>
    <statBases>
      <Beauty>3</Beauty>
    </statBases>
    <ingestible>
      <nutrition>0.75</nutrition>
    </ingestible>
    <plant>
      <leaflessGraphicPath>Things/Plant/TreePoplar_Leafless</leaflessGraphicPath>
      <growDays>15.05</growDays>
      <harvestWork>650</harvestWork>
      <harvestYield>30</harvestYield>
    </plant>
  </ThingDef>

  <ThingDef ParentName="TreeBase">
    <defName>PlantTreePine</defName>
    <label>pine tree</label>
    <description>A large conifer.</description>
    <graphicData>
      <texPath>Things/Plant/TreePine</texPath>
      <graphicClass>Graphic_Random</graphicClass>
        <shadowData>
          <volume>(0.2, 0.3, 0.2)</volume>
        </shadowData>
    </graphicData>
    <statBases>
      <Beauty>5</Beauty>
    </statBases>
    <ingestible>
      <nutrition>1</nutrition>
    </ingestible><plant>
      <visualSizeRange>
        <min>1.3</min>
        <max>3.0</max>
      </visualSizeRange>
      <growDays>20</growDays>
      <harvestWork>700</harvestWork>
      <harvestYield>30</harvestYield>
    </plant>
  </ThingDef>

  <ThingDef ParentName="TreeBase">
    <defName>PlantTreeBirch</defName>
    <label>birch tree</label>
    <description>A northern tree known for its thin, paper-like bark.</description>
    <graphicData>
      <texPath>Things/Plant/TreeBirch</texPath>
      <graphicClass>Graphic_Random</graphicClass>
      <shadowData>
        <volume>(0.15, 0.3, 0.1)</volume>
      </shadowData>
    </graphicData>
    <statBases>
      <Beauty>3</Beauty>
    </statBases>
    <ingestible>
      <nutrition>1</nutrition>
    </ingestible><plant>
      <leaflessGraphicPath>Things/Plant/TreeBirch_Leafless</leaflessGraphicPath>
      <growDays>20</growDays>
      <harvestWork>700</harvestWork>
      <harvestYield>30</harvestYield>
      <leaflessGraphicPath>Things/Plant/TreeBirch_Leafless</leaflessGraphicPath>
    </plant>
  </ThingDef>

</Defs>