﻿<?xml version="1.0" encoding="utf-8" ?>
<Buildings>


  <ThingDef Name="BuildingBase" Abstract="True">
    <category>Building</category>
    <soundImpactDefault>BulletImpactMetal</soundImpactDefault>
    <selectable>true</selectable>
    <drawerType>MapMeshAndRealTime</drawerType>
    <terrainAffordanceNeeded>Light</terrainAffordanceNeeded>
    <repairEffect>Repair</repairEffect>
  </ThingDef>


  <ThingDef ParentName="BuildingBase">
    <defName>OrbitalTradeBeacon</defName>
    <eType>BuildingComplex</eType>
    <label>orbital trade beacon</label>
    <thingClass>Enhanced_Defence.VisibleRadius.Building_OrbitalTradeBeacon</thingClass>
    <graphicPathSingle>Things/Building/DropBeacon</graphicPathSingle>
    <altitudeLayer>Waist</altitudeLayer>
    <statBases>
      <MaxHealth>75</MaxHealth>
      <WorkToBuild>1300</WorkToBuild>
      <Flammability>1.0</Flammability>
    </statBases>
	<tickerType>Rare</tickerType>
    <description>Required for orbital trading. You can only sell goods that are near an orbital trade beacon and not under a roof. Orbital traders will also drop goods near this.</description>
    <size>(1,1)</size>
    <drawerType>MapMeshAndRealTime</drawerType>
    <specialDisplayRadius>7.9</specialDisplayRadius>
    <costList>
      <Metal>60</Metal>
    </costList>
    <filthLeavings>
      <SlagRubble>1</SlagRubble>
    </filthLeavings>
    <overdraw>false</overdraw>
    <pathCost>30</pathCost>
    <designationCategory>Misc</designationCategory>
    <sunShadowInfo>
      <basewidth>0.3</basewidth>
      <baseHeight>0.3</baseHeight>
      <tallness>0.6</tallness>
    </sunShadowInfo>
    <rotatable>false</rotatable>
    <placementRestricters>
      <li>PlacementRestricter_NotUnderRoof</li>
    </placementRestricters>
    <designationHotKey>O</designationHotKey>
  </ThingDef>

</Buildings>