﻿<?xml version="1.0" encoding="utf-8" ?>
<ThinkTrees>

	<ThinkTreeDef>
		<defName>Vehicle</defName>
		<thinkRoot Class="ThinkNode_Priority">
			<subNodes>

				<li Class="ThinkNode_Subtree">
					<treeDef>SquadBrainDuty</treeDef>
				</li>

				<!-- If on colonist team, do forced and emergency work -->
				<li Class="ThinkNode_ConditionalColonist">
					<subNodes>
						<!-- Take direct orders when drafted -->
						<li Class="JobGiver_Orders" />

						<!-- Queue for forced work -->
						<li Class="JobGiver_JobQueue" />

						<!-- Seek safe temperatures -->
						<li Class="JobGiver_SeekSafeTemperature" />

						<!-- Do emergency work (supercedes satisfying needs, except starvation) -->
						<li Class="ThinkNode_ConditionalStarving">
							<invert>true</invert>
							<subNodes>
								<li Class="JobGiver_Work">
									<emergency>true</emergency>
								</li>
							</subNodes>
						</li>

						<!-- Optimize apparel -->
						<li Class="JobGiver_OptimizeApparel" />
					</subNodes>
				</li>

				<li Class="JobGiver_WanderCurrentRoom">
					<maxDanger>Some</maxDanger>
				</li>

				<li Class="JobGiver_WanderAnywhere">
					<maxDanger>Deadly</maxDanger>
				</li>

				<li Class="JobGiver_IdleError"/>

			</subNodes>
		</thinkRoot>
	</ThinkTreeDef>
</ThinkTrees>