<?xml version="1.0" encoding="utf-8" ?>
<ThingDefs>

  <ThingDef Name="BuildingBase" Abstract="True">
    <category>Building</category>
    <soundImpactDefault>BulletImpactMetal</soundImpactDefault>
    <selectable>true</selectable>
    <drawerType>MapMeshAndRealTime</drawerType>
    <terrainAffordanceNeeded>Light</terrainAffordanceNeeded>
    <repairEffect>Repair</repairEffect>
  </ThingDef>
  
   <ThingDef ParentName="BuildingBase">
    <defName>LaserDrill</defName>
    <eType>BuildingComplex</eType>
    <label>Laser drill</label>
    <thingClass>Enhanced_Defence.Power.LaserDrill.Building_LaserDrill</thingClass>
	<researchPrerequisite>Research_LaserDrill</researchPrerequisite>
    <graphicPathSingle>Things/Buildings/LaserDrill</graphicPathSingle>
    <altitudeLayer>BuildingTall</altitudeLayer>
    <passability>Impassable</passability>
    <castEdgeShadows>true</castEdgeShadows>
    <fillPercent>1</fillPercent>
    <tickerType>Rare</tickerType>
    <statBases>
      <WorkToBuild>1800</WorkToBuild>
      <MaxHealth>350</MaxHealth>
      <Flammability>1.0</Flammability>
    </statBases>
    <description>Mines out rock to create a large hole through to the steam networks below the planets surface.</description>
    <building>
      <wantsHopperAdjacent>false</wantsHopperAdjacent>
    </building>
    <comps>
      <li>
        <compClass>CompPowerTrader</compClass>
        <startElectricalFires>false</startElectricalFires>
        <basePowerConsumption>1200</basePowerConsumption>
      </li>
    </comps>
    <size>(4,4)</size>
    <costList>
      <Metal>500</Metal>
      <Uranium>20</Uranium>
    </costList>
    <overdraw>false</overdraw>
    <interactionSquareOffset>(0,0,0)</interactionSquareOffset>
    <hasInteractionSquare>false</hasInteractionSquare>
    <killedLeavings>
      <ChunkSlag>6</ChunkSlag>
     </killedLeavings>
    <filthLeavings>
      <SlagRubble>3</SlagRubble>
    </filthLeavings>
    <leaveResourcesWhenKilled>true</leaveResourcesWhenKilled>
    <terrainAffordanceNeeded>Heavy</terrainAffordanceNeeded>
    <designationCategory>Power</designationCategory>
    <staticSunShadowHeight>0.75</staticSunShadowHeight>
  </ThingDef>


</ThingDefs>