﻿<?xml version="1.0" encoding="utf-8" ?>
<ThingDefs>

	<ThingDef Class="Enhanced_Defence.Vehicles.ThingDef_VehiclePawn" Name="BasePawn" Abstract="True">
		<eType>Pawn </eType>
		<thingClass>Enhanced_Defence.Vehicles.VehiclePawn</thingClass>
		<category>Pawn</category>
		<selectable>true</selectable>
		<tickerType>Normal</tickerType>
		<altitudeLayer>Pawn</altitudeLayer>
		<useStandardHealth>false</useStandardHealth>
		<hasTooltip>true</hasTooltip>
		<soundImpactDefault>BulletImpactFlesh</soundImpactDefault>
		<inspectorTabs>
			<li>ITab_Pawn_Health</li>
			<li>ITab_Pawn_Thoughts</li>
			<li>ITab_Pawn_Character</li>
			<li>ITab_Pawn_Gear</li>
			<li>ITab_Pawn_Guest</li>
			<li>ITab_Pawn_Prisoner</li>
		</inspectorTabs>
		<comps>
			<li>
				<compClass>CompAttachBase</compClass>
			</li>
		</comps>
		<drawGUIOverlay>true</drawGUIOverlay>
	</ThingDef>



	<!-- ============================ Human ========================== -->

	<ThingDef Class="Enhanced_Defence.Vehicles.ThingDef_VehiclePawn" ParentName="BasePawn">
		<defName>Vehicle_APC</defName>
		<label>human</label>
		<description>A baseline human, mostly unmodified by gene engineering and mostly unchanged by evolutionary pressures on non-Earth planets.</description>
		<uiIconPath>Things/Pawn/Humanoid/UI/IconHuman</uiIconPath>
		<sunShadowInfo>
			<baseWidth>0.4</baseWidth>
			<baseHeight>0.4</baseHeight>
			<tallness>0.8</tallness>
		</sunShadowInfo>
		<statBases>
			<MarketValue>1500</MarketValue>
			<MoveSpeed>4.61</MoveSpeed>
			<Flammability>1.0</Flammability>
			<ComfyTemperatureMin>-400</ComfyTemperatureMin>
			<ComfyTemperatureMax>+400</ComfyTemperatureMax>
		</statBases>
		<verbs>
			<li>
				<verbClass>Verb_MeleeAttack</verbClass>
				<defaultCooldownTicks>100</defaultCooldownTicks>
				<meleeDamageBaseAmount>5</meleeDamageBaseAmount>
				<meleeDamageDef>Blunt</meleeDamageDef>
				<linkedBodyPartsGroup>LeftFist</linkedBodyPartsGroup>
			</li>
			<li>
				<verbClass>Verb_MeleeAttack</verbClass>
				<defaultCooldownTicks>100</defaultCooldownTicks>
				<meleeDamageBaseAmount>5</meleeDamageBaseAmount>
				<meleeDamageDef>Blunt</meleeDamageDef>
				<linkedBodyPartsGroup>RightFist</linkedBodyPartsGroup>
			</li>
		</verbs>
		<race>
			<thinkTree>Vehicle</thinkTree>
			<mechanoid>true</mechanoid>
			<useStandardHealth>true</useStandardHealth>
			<humanoid>true</humanoid>
			<isFlesh>false</isFlesh>
			<hasLeather>false</hasLeather>
			<nameCategory>HumanStandard</nameCategory>
			<hasStory>true</hasStory>
			<minFoodTaste>Raw</minFoodTaste>
			<body>Human</body>
			<bodySize>1</bodySize>
			<healthScale>1</healthScale>
			<diet>Omnivorous</diet>
			<soundWounded>Pawn_Human_Wounded</soundWounded>
			<soundDeath>Pawn_Human_Death</soundDeath>
			<soundMeleeHitPawn>Pawn_Melee_Punch_HitPawn</soundMeleeHitPawn>
			<soundMeleeHitBuilding>Pawn_Melee_Punch_HitBuilding</soundMeleeHitBuilding>
			<soundMeleeMiss>Pawn_Melee_Punch_Miss</soundMeleeMiss>
			<ageGenerationCurve>
				<points>
					<li>
						<loc>(14,0)</loc>
					</li>
					<li>
						<loc>(16,100)</loc>
					</li>
					<li>
						<loc>(50,100)</loc>
					</li>
					<li>
						<loc>(60,30)</loc>
					</li>
					<li>
						<loc>(70,18)</loc>
					</li>
					<li>
						<loc>(80,10)</loc>
					</li>
					<li>
						<loc>(90,3)</loc>
					</li>
					<li>
						<loc>(100,0)</loc>
					</li>        
				</points>
			</ageGenerationCurve>
		</race>
	</ThingDef>



</ThingDefs>