<?xml version="1.0" encoding="utf-8" ?>
<ThingDefs>

  <!-- ================ abstract types =================== -->

  <ThingDef Name="BaseGun" Abstract="True">
    <category>Item</category>
    <thingClass>ThingWithComps</thingClass>
    <equipmentType>Primary</equipmentType>
    <pathCost>10</pathCost>
    <useHitPoints>True</useHitPoints>
    <selectable>True</selectable>
    <graphicData>
      <onGroundRandomRotateAngle>35</onGroundRandomRotateAngle>
    </graphicData>
    <drawGUIOverlay>true</drawGUIOverlay>
    <statBases>
      <MaxHitPoints>100</MaxHitPoints>
      <Flammability>1.0</Flammability>
      <DeteriorationRate>2</DeteriorationRate>
      <SellPriceFactor>0.5</SellPriceFactor>
    </statBases>
    <altitudeLayer>Item</altitudeLayer>
    <alwaysHaulable>True</alwaysHaulable>
    <tickerType>Never</tickerType>
    <techLevel>Midworld</techLevel>
    <thingCategories>
      <li>WeaponsRanged</li>
    </thingCategories>
    <inspectorTabs>
      <li>ITab_Art</li>
    </inspectorTabs>
    <comps>
      <li Class="CompProperties_Forbiddable"/>
      <li>
        <compClass>CompEquippable</compClass>
      </li>
      <li>
        <compClass>CompQuality</compClass>
      </li>
      <li Class="CompProperties_Art">
        <nameMaker>ArtName_WeaponGun</nameMaker>
        <descriptionMaker>ArtDescription_WeaponGun</descriptionMaker>
        <minQualityForArtistic>Excellent</minQualityForArtistic>
      </li>
    </comps>
    <smeltProducts>
      <Steel>20</Steel>
    </smeltProducts>
  </ThingDef>


  <ThingDef Name="BaseHumanGun" ParentName="BaseGun" Abstract="True">
    <weaponTags>
      <li>Gun</li>
    </weaponTags>
  </ThingDef>

  <ThingDef Name="BaseBullet" Abstract="True">
    <category>Projectile</category>
    <tickerType>Normal</tickerType>
    <altitudeLayer>Projectile</altitudeLayer>
    <thingClass>Bullet</thingClass>
    <label>bullet</label>
    <useHitPoints>False</useHitPoints>
    <neverMultiSelect>True</neverMultiSelect>
    <graphicData>
      <shaderType>Transparent</shaderType>
    </graphicData>
  </ThingDef>


  <!-- ================ military turret gun ============== -->

  <ThingDef ParentName="BaseBullet">
    <defName>Bullet_TurretMilitary</defName>
    <label>military turret bullet</label>
    <graphicData>
      <texPath>Things/Projectile/Bullet_Small</texPath>
      <graphicClass>Graphic_Single</graphicClass>
    </graphicData>
    <projectile>
      <damageDef>Bullet</damageDef>
      <damageAmountBase>7</damageAmountBase>
      <speed>90</speed>
    </projectile>
  </ThingDef>

  <ThingDef ParentName="BaseHumanGun">
    <defName>Gun_TurretMilitary</defName>
    <label>military turret gun</label>
    <graphicData>
      <texPath>Things/Item/Equipment/WeaponRanged/ChargeRifle</texPath>
      <graphicClass>Graphic_Single</graphicClass>
    </graphicData>
    <menuHidden>true</menuHidden>
    <description>Carefully crafted gun attached to a turret.</description>
    <soundInteract>InteractRifle</soundInteract>
    <canBeSpawningInventory>false</canBeSpawningInventory>
    <tradeability>Never</tradeability>
    <statBases>
      <AccuracyTouch>0.91</AccuracyTouch>
      <AccuracyShort>0.69</AccuracyShort>
      <AccuracyMedium>0.61</AccuracyMedium>
      <AccuracyLong>0.22</AccuracyLong>
      <RangedWeapon_Cooldown>0.66</RangedWeapon_Cooldown>
    </statBases>
    <weaponTags>
      <li>TurretGun</li>
    </weaponTags>
    <verbs>
      <li>
        <verbClass>Verb_Shoot</verbClass>
        <hasStandardCommand>true</hasStandardCommand>
        <projectileDef>Bullet_TurretMilitary</projectileDef>
        <warmupTicks>90</warmupTicks>
        <range>28</range>
        <ticksBetweenBurstShots>5</ticksBetweenBurstShots>
        <burstShotCount>6</burstShotCount>
        <soundCast>ShotAssaultRifle</soundCast>
        <soundCastTail>GunTail_Medium</soundCastTail>
        <muzzleFlashScale>9</muzzleFlashScale>
      </li>
    </verbs>
  </ThingDef>

<!-- ================ gun complex ============== -->

  <ThingDef ParentName="BaseBullet">
    <defName>Bullet_GunComplex</defName>
    <label>gun complex bullet</label>
    <graphicData>
      <texPath>Things/Projectile/Bullet_Small</texPath>
      <graphicClass>Graphic_Single</graphicClass>
    </graphicData>
    <projectile>
      <damageDef>Bullet</damageDef>
      <damageAmountBase>12</damageAmountBase>
      <speed>80</speed>
    </projectile>
  </ThingDef>

  <ThingDef ParentName="BaseHumanGun">
    <defName>Gun_GunComplex</defName>
    <label>gun complex gun</label>
    <graphicData>
      <texPath>Things/Building/Security/GunComplexGun</texPath>
      <graphicClass>Graphic_Single</graphicClass>
    </graphicData>
    <menuHidden>true</menuHidden>
    <description>Heavy machine gun.</description>
    <soundInteract>InteractRifle</soundInteract>
    <canBeSpawningInventory>false</canBeSpawningInventory>
    <tradeability>Never</tradeability>
    <statBases>
      <AccuracyTouch>0.48</AccuracyTouch>
      <AccuracyShort>0.24</AccuracyShort>
      <AccuracyMedium>0.12</AccuracyMedium>
      <AccuracyLong>0.06</AccuracyLong>
      <RangedWeapon_Cooldown>0.66</RangedWeapon_Cooldown>
    </statBases>
    <weaponTags>
      <li>TurretGun</li>
    </weaponTags>
    <verbs>
      <li>
        <verbClass>Verb_Shoot</verbClass>
        <hasStandardCommand>true</hasStandardCommand>
        <projectileDef>Bullet_GunComplex</projectileDef>
        <warmupTicks>90</warmupTicks>
        <range>32</range>
        <ticksBetweenBurstShots>5</ticksBetweenBurstShots>
        <burstShotCount>1</burstShotCount>
        <soundCast>ShotMinigun</soundCast>
        <soundCastTail>GunTail_Medium</soundCastTail>
        <muzzleFlashScale>18</muzzleFlashScale>
      </li>
    </verbs>
  </ThingDef>

<!-- ================ vulcan cannon gun ============== -->

  <ThingDef ParentName="BaseBullet">
    <defName>Bullet_VulcanCannon</defName>
    <label>vulcan cannon bullet</label>
    <graphicData>
      <texPath>Things/Projectile/Bullet_Big</texPath>
      <graphicClass>Graphic_Single</graphicClass>
    </graphicData>
    <projectile>
      <damageDef>Bullet</damageDef>
      <flyOverhead>false</flyOverhead>
      <damageAmountBase>4</damageAmountBase>
      <speed>100</speed>
    </projectile>
  </ThingDef>

  <ThingDef ParentName="BaseHumanGun">
    <defName>Gun_VulcanCannon</defName>
    <label>vulcan cannon gun</label>
    <graphicData>
      <texPath>Things/Item/Equipment/WeaponRanged/Minigun</texPath>
      <graphicClass>Graphic_Single</graphicClass>
    </graphicData>
    <menuHidden>true</menuHidden>
    <description>Carefully crafted gun attached to a turret.</description>
    <soundInteract>InteractRifle</soundInteract>
    <canBeSpawningInventory>false</canBeSpawningInventory>
    <tradeability>Never</tradeability>
    <statBases>
      <AccuracyTouch>0.85</AccuracyTouch>
      <AccuracyShort>0.65</AccuracyShort>
      <AccuracyMedium>0.45</AccuracyMedium>
      <AccuracyLong>0.20</AccuracyLong>
      <RangedWeapon_Cooldown>4.20</RangedWeapon_Cooldown>
    </statBases>
    <weaponTags>
      <li>TurretGun</li>
    </weaponTags>
    <verbs>
      <li>
        <verbClass>Verb_Shoot</verbClass>
        <hasStandardCommand>true</hasStandardCommand>
        <projectileDef>Bullet_VulcanCannon</projectileDef>
        <warmupTicks>320</warmupTicks>
        <range>36.0</range>
        <minRange>6</minRange>
        <ticksBetweenBurstShots>6</ticksBetweenBurstShots>
        <burstShotCount>1</burstShotCount>
        <soundCast>ShotMinigun</soundCast>
        <soundCastTail>GunTail_Heavy</soundCastTail>
        <muzzleFlashScale>6</muzzleFlashScale>
      </li>
    </verbs>
  </ThingDef>

<!-- ================ shredder turret gun ============== -->

  <ThingDef ParentName="BaseBullet">
    <defName>Bullet_TurretShredder</defName>
    <label>shredder turret bullet</label>
    <graphicData>
      <texPath>Things/Projectile/Bullet_Shotgun</texPath>
      <graphicClass>Graphic_Single</graphicClass>
    </graphicData>
    <projectile>
      <damageDef>Bullet</damageDef>
      <damageAmountBase>14</damageAmountBase>
      <speed>70</speed>
    </projectile>
  </ThingDef>

  <ThingDef ParentName="BaseHumanGun">
    <defName>Gun_TurretShredder</defName>
    <label>shredder turret gun</label>
    <graphicData>
      <texPath>Things/Item/Equipment/WeaponRanged/Shotgun</texPath>
      <graphicClass>Graphic_Single</graphicClass>
    </graphicData>
    <menuHidden>true</menuHidden>
    <description>Shredder shotgun attached to a turret.</description>
    <soundInteract>InteractRifle</soundInteract>
    <canBeSpawningInventory>false</canBeSpawningInventory>
    <tradeability>Never</tradeability>
    <statBases>
      <AccuracyTouch>1.0</AccuracyTouch>
      <AccuracyShort>0.91</AccuracyShort>
      <AccuracyMedium>0.80</AccuracyMedium>
      <AccuracyLong>0.69</AccuracyLong>
      <RangedWeapon_Cooldown>0.66</RangedWeapon_Cooldown>
    </statBases>
    <weaponTags>
      <li>TurretGun</li>
    </weaponTags>
    <verbs>
      <li>
        <verbClass>Verb_Shoot</verbClass>
        <hasStandardCommand>true</hasStandardCommand>
        <projectileDef>Bullet_TurretShredder</projectileDef>
        <warmupTicks>90</warmupTicks>
        <range>20</range>
        <ticksBetweenBurstShots>10</ticksBetweenBurstShots>
        <burstShotCount>4</burstShotCount>
        <soundCast>ShotShotgun</soundCast>
        <soundCastTail>GunTail_Medium</soundCastTail>
        <muzzleFlashScale>18</muzzleFlashScale>
      </li>
    </verbs>
  </ThingDef>

<!-- ================ rocket complex gun ============== -->

  <ThingDef ParentName="BaseBullet">
    <defName>Bullet_ComplexRocket</defName>
    <label>complex rocket</label>
    <graphicData>
      <texPath>Things/Projectile/Rocket_Big</texPath>
      <graphicClass>Graphic_Single</graphicClass>
    </graphicData>
    <thingClass>Projectile_Explosive</thingClass>
    <projectile>
      <damageDef>Bomb</damageDef>
      <damageAmountBase>30</damageAmountBase>
      <explosionRadius>2.5</explosionRadius>
      <speed>50</speed>
    </projectile>
  </ThingDef>

  <ThingDef ParentName="BaseHumanGun">
    <defName>Gun_RocketComplex</defName>
    <label>rocket complex</label>
    <graphicData>
      <texPath>Things/Item/Equipment/WeaponRanged/RocketLauncher</texPath>
      <graphicClass>Graphic_Single</graphicClass>
    </graphicData>
    <menuHidden>true</menuHidden>
    <description>A mounted rocket complex on a slab.</description>
    <soundInteract>InteractRifle</soundInteract>
    <canBeSpawningInventory>false</canBeSpawningInventory>
    <tradeability>Never</tradeability>
    <statBases>
      <AccuracyTouch>0.7</AccuracyTouch>
      <AccuracyShort>0.6</AccuracyShort>
      <AccuracyMedium>0.5</AccuracyMedium>
      <AccuracyLong>0.4</AccuracyLong>
      <RangedWeapon_Cooldown>0.66</RangedWeapon_Cooldown>
    </statBases>
    <weaponTags>
      <li>TurretGun</li>
    </weaponTags>
    <verbs>
      <li>
        <verbClass>Verb_Shoot</verbClass>
        <hasStandardCommand>true</hasStandardCommand>
        <projectileDef>Bullet_ComplexRocket</projectileDef>
        <forcedMissRadius>2</forcedMissRadius>
        <warmupTicks>90</warmupTicks>
        <range>55</range>
        <minRange>3</minRange>
        <ticksBetweenBurstShots>60</ticksBetweenBurstShots>
        <burstShotCount>1</burstShotCount>
        <soundCast>InfernoCannon_Fire</soundCast>
        <soundCastTail>GunTail_Heavy</soundCastTail>
        <muzzleFlashScale>30</muzzleFlashScale>
      </li>
    </verbs>
  </ThingDef>

<!-- ================= Devastator mortar ================= -->

  <ThingDef ParentName="BaseBullet">
    <defName>Bullet_DevastatorBomb</defName>
    <label>explosive devastator shell</label>
    <graphicData>
      <texPath>Things/Building/Security/DevastatorShell</texPath>
      <graphicClass>Graphic_Single</graphicClass>
      <shaderType>TransparentPostLight</shaderType>
    </graphicData>
    <thingClass>Projectile_Explosive</thingClass>
    <projectile>
      <damageDef>Bomb</damageDef>
      <damageAmountBase>30</damageAmountBase>
      <speed>90</speed>
      <explosionRadius>3.5</explosionRadius>
      <flyOverhead>true</flyOverhead>
      <soundHitThickRoof>ArtilleryHitThickRoof</soundHitThickRoof>
      <soundExplode>MortarBomb_Explode</soundExplode>
      <soundImpactAnticipate>MortarRound_PreImpact</soundImpactAnticipate>
      <soundAmbient>MortarRound_Ambient</soundAmbient>
    </projectile>
  </ThingDef>

  <ThingDef ParentName="BaseGun">
    <defName>Artillery_DevastatorBomb</defName>
    <label>devastator mortar</label>
    <graphicData>
      <texPath>Things/Building/Security/DevastatorGun</texPath>
      <graphicClass>Graphic_Single</graphicClass>
    </graphicData>
    <description>Devastator launcher. Lobs bombs over walls. Semi inaccurate but long-ranged and fires high velocity projectiles.</description>
    <techLevel>Spacer</techLevel>
    <destroyOnDrop>True</destroyOnDrop>
    <menuHidden>True</menuHidden>
    <canBeSpawningInventory>false</canBeSpawningInventory>
    <tradeability>Never</tradeability>
    <statBases>
      <MarketValue>5000</MarketValue>
      <AccuracyTouch>1.0</AccuracyTouch>
      <AccuracyShort>0.73</AccuracyShort>
      <AccuracyMedium>0.40</AccuracyMedium>
      <AccuracyLong>0.15</AccuracyLong>
      <RangedWeapon_Cooldown>50</RangedWeapon_Cooldown>
    </statBases>
    <weaponTags>
      <li>Artillery</li>
      <li>Artillery_BaseDestroyer</li>
    </weaponTags>
    <verbs>
      <li>
        <verbClass>Verb_Shoot</verbClass>
        <forceNormalTimeSpeed>false</forceNormalTimeSpeed>
        <hasStandardCommand>true</hasStandardCommand>
        <projectileDef>Bullet_DevastatorBomb</projectileDef>
        <forcedMissRadius>8</forcedMissRadius>
        <ai_IsIncendiary>true</ai_IsIncendiary>
        <warmupTicks>500</warmupTicks>
        <minRange>20</minRange>
        <range>500</range>
        <ticksBetweenBurstShots>6</ticksBetweenBurstShots>
        <burstShotCount>5</burstShotCount>
        <soundCast>ChargeLance_Fire</soundCast>
        <soundCastTail>GunTail_Heavy</soundCastTail>
        <muzzleFlashScale>35</muzzleFlashScale>
      </li>
    </verbs>
  </ThingDef>

<!-- ================ precision turret gun ============== -->

  <ThingDef ParentName="BaseBullet">
    <defName>Bullet_TurretPrecision</defName>
    <label>precision turret bullet</label>
    <graphicData>
      <texPath>Things/Building/Security/PrecisionShell</texPath>
      <graphicClass>Graphic_Single</graphicClass>
      <shaderType>TransparentPostLight</shaderType>
    </graphicData>
    <projectile>
      <damageDef>Bullet</damageDef>
      <damageAmountBase>42</damageAmountBase>
      <speed>120</speed>
    </projectile>
  </ThingDef>

  <ThingDef ParentName="BaseHumanGun">
    <defName>Gun_TurretPrecision</defName>
    <label>precision turret gun</label>
    <graphicData>
      <texPath>Things/Building/Security/PrecisionShell</texPath>
      <graphicClass>Graphic_Single</graphicClass>
    </graphicData>
    <menuHidden>true</menuHidden>
    <description>A mounted precision gun on a turret.</description>
    <soundInteract>InteractRifle</soundInteract>
    <canBeSpawningInventory>false</canBeSpawningInventory>
    <tradeability>Never</tradeability>
    <statBases>
      <AccuracyTouch>0.60</AccuracyTouch>
      <AccuracyShort>0.70</AccuracyShort>
      <AccuracyMedium>0.80</AccuracyMedium>
      <AccuracyLong>0.90</AccuracyLong>
      <RangedWeapon_Cooldown>0.66</RangedWeapon_Cooldown>
    </statBases>
    <weaponTags>
      <li>TurretGun</li>
    </weaponTags>
    <verbs>
      <li>
        <verbClass>Verb_Shoot</verbClass>
        <hasStandardCommand>true</hasStandardCommand>
        <projectileDef>Bullet_TurretPrecision</projectileDef>
        <warmupTicks>90</warmupTicks>
        <range>50</range>
        <soundCast>ShotChargeBlaster</soundCast>
        <soundCastTail>GunTail_Medium</soundCastTail>
        <muzzleFlashScale>45</muzzleFlashScale>
      </li>
    </verbs>
  </ThingDef>
</ThingDefs>