<?xml version="1.0" encoding="utf-8" ?>
<ResearchProjectDefs>

	<ResearchProjectDef>
		<defName>Building_ShieldBasic_research</defName>
		<label>Basic shield generator</label>
		<description>Magnetic shield field slows and heats any projectiles to the point of evaporating.
    
    The basics of the principle is the eddy current brake, however the complex system allows the barier to ignore projectiles that leave the shield. 
		</description>
		<totalCost>70000</totalCost>
		<prerequisites></prerequisites>
	</ResearchProjectDef>

	<ResearchProjectDef>
		<defName>Building_ShieldCRAM_research</defName>
		<label>Shields CRAM</label>
		<description>By refocusing the primary coil system into a vertical configuration the shields range can be extended, at the expense of being able to block direct fire.
		</description>
		<totalCost>30000</totalCost>
		<prerequisites>
			<li>Building_ShieldBasic_research</li>
		</prerequisites>
	</ResearchProjectDef>

	<ResearchProjectDef>
		<defName>Building_ShieldSmall_research</defName>
		<label>Shields Small</label>
		<description>Parts of the generator have been replaced by smaller components allowing it to be recessed into the floor allowing people to stand on the generator but reducing the size of the field generated. 
		</description>
		<totalCost>30000</totalCost>
		<prerequisites>
			<li>Building_ShieldBasic_research</li>
		</prerequisites>
	</ResearchProjectDef>
	
	<ResearchProjectDef>
		<defName>Building_ShieldSIF_research</defName>
		<label>Shields SIF Generator</label>
		<description>Rather than creating a large circular shield this generator will create an small individual shield over each wall/door object.
		</description>
		<totalCost>30000</totalCost>
		<prerequisites>
			<li>Building_ShieldBasic_research</li>
		</prerequisites>
	</ResearchProjectDef>
	
</ResearchProjectDefs>

<!--
    <prerequisites>
      <li>ShipBasics</li>
    </prerequisites>
	
-->
