﻿<?xml version="1.0" encoding="utf-8" ?>
<PawnKindDefs>

	<PawnKindDef>
		<defName>PawnKindDef_ShieldedPawn</defName>
		<label>Shielded Colonist</label>
		<race>ShieldedHuman</race>
    <pointsCost>30</pointsCost>
    <defaultFactionType>Colony</defaultFactionType>
		<baseRecruitDifficulty>60</baseRecruitDifficulty>
		<backstoryCategory>Civil</backstoryCategory>
    <apparelTags>
      <li>Spacer</li>
    </apparelTags>
    <apparelMoney>
      <min>2000</min>
      <max>3000</max>
    </apparelMoney>
    <apparelIgnoreSeasons>true</apparelIgnoreSeasons>
	</PawnKindDef>

</PawnKindDefs>