<?xml version="1.0" encoding="utf-8" ?>
<ThingDefs>

  <ThingDef Name="BuildingBase" Abstract="True">
    <category>Building</category>
    <soundImpactDefault>BulletImpactMetal</soundImpactDefault>
    <selectable>true</selectable>
    <drawerType>MapMeshAndRealTime</drawerType>
    <terrainAffordanceNeeded>Light</terrainAffordanceNeeded>
    <repairEffect>Repair</repairEffect>
  </ThingDef>
  
   <ThingDef ParentName="BuildingBase">
    <defName>WirelessPowerNode</defName>
    <eType>BuildingComplex</eType>
    <label>Wireless Power Node</label>
    <thingClass>Enhanced_Defence.Power.WirelessPower.WirelessPowerNode</thingClass>
	<researchPrerequisite>WirelessPower_Research</researchPrerequisite>
    <graphicPath>Things/Buildings/NuclearLamp</graphicPath>
	<graphicClass>Graphic_Single</graphicClass>
    <altitudeLayer>BuildingTall</altitudeLayer>
    <passability>Impassable</passability>
    <castEdgeShadows>true</castEdgeShadows>
    <fillPercent>1</fillPercent>
    <tickerType>Normal</tickerType>
    <statBases>
      <WorkToMake>1800</WorkToMake>
      <MaxHealth>350</MaxHealth>
      <Flammability>1.0</Flammability>
    </statBases>
    <description>WirelessPowerNode.</description>
    <building>
      <wantsHopperAdjacent>false</wantsHopperAdjacent>
    </building>
    <comps>
      <li>
        <compClass>CompPowerTrader</compClass>
        <startElectricalFires>false</startElectricalFires>
        <basePowerConsumption>0</basePowerConsumption>
      </li>
    </comps>
    <size>(2,2)</size>
    <costList>
      <Steel>200</Steel>
    </costList>
    <graphicOverdraw>false</graphicOverdraw>
    <interactionSquareOffset>(0,0,0)</interactionSquareOffset>
    <hasInteractionCell>false</hasInteractionCell>
    <killedLeavings>
      <ChunkSlag>6</ChunkSlag>
     </killedLeavings>
    <filthLeavings>
      <SlagRubble>3</SlagRubble>
    </filthLeavings>
    <leaveResourcesWhenKilled>true</leaveResourcesWhenKilled>
    <terrainAffordanceNeeded>Heavy</terrainAffordanceNeeded>
    <designationCategory>Power</designationCategory>
    <staticSunShadowHeight>0.75</staticSunShadowHeight>
  </ThingDef>


</ThingDefs>