<?xml version="1.0" encoding="utf-8"?>
<ModMetaData>
  <name>ED-Plants24H</name>
  <author>Jaxxa</author>
  <url>https://github.com/jaxxa/RimWorld-Enhanced-Defence</url>
  <description>
	Requires: ED-Core
The module changes the plants to grow 24 Hours a day. In the base game plants will rest at night time and stop growing, regardless of the light levels. This removed that restriction so plants will keep growing, if all the other conditions such as light are still met, allowing your sunlamps to effectively increase the growing speed.
  </description>
</ModMetaData>