<?xml version="1.0" encoding="utf-8"?>
<Things>

	<ThingDef Name="BuildingBase" Abstract="True">
		<category>Building</category>
		<soundImpactDefault>BulletImpactMetal</soundImpactDefault>
		<selectable>true</selectable>
		<drawerType>MapMeshAndRealTime</drawerType>
		<terrainAffordanceNeeded>Light</terrainAffordanceNeeded>
		<repairEffect>Repair</repairEffect>
		<leaveResourcesWhenKilled>true</leaveResourcesWhenKilled>
		<filthLeaving>BuildingRubble</filthLeaving>
	</ThingDef>

<ThingDef ParentName="BuildingBase">
    <defName>MolecularReinforcementCompressor</defName>
    <label>Molecular Reinforcement Compressor</label>
    <description>Produces Reinforced Stuff.</description>
    <thingClass>EnhancedDevelopment.ReinforcedStuff.Building_MolecularReinforcementCompressor</thingClass>
    <graphicData>
      <texPath>MolecularReinforcementCompressor</texPath>
      <graphicClass>Graphic_Single</graphicClass>
      <drawSize>(3,2)</drawSize>
      <damageData>
        <rect>(0.02,0.25,2.96,2.85)</rect>
        <cornerTL>Damage/Corner</cornerTL>
        <cornerTR>Damage/Corner</cornerTR>
      </damageData>
    </graphicData>
    <altitudeLayer>Building</altitudeLayer>
    <passability>Impassable</passability>
    <fillPercent>1</fillPercent>
    <statBases>
      <WorkToMake>2200</WorkToMake>
      <MaxHitPoints>350</MaxHitPoints>
      <Flammability>1.0</Flammability>
    </statBases>
    <building>
      <isMealSource>true</isMealSource>
      <wantsHopperAdjacent>true</wantsHopperAdjacent>
      <foodCostPerDispense>6</foodCostPerDispense>
      <soundDispense>DispensePaste</soundDispense>
    </building>
    <comps>
      <li Class="CompProperties_Power">
        <compClass>CompPowerTrader</compClass>
        <startElectricalFires>true</startElectricalFires>
        <basePowerConsumption>200</basePowerConsumption>
      </li>
      <li Class="CompProperties_Flickable"/>
      <li Class="CompProperties_Breakdownable"/>
    </comps>
    <size>(3,2)</size>
    <costList>
      <Steel>90</Steel>
      <Component>3</Component>
    </costList>
    <socialPropernessMatters>true</socialPropernessMatters>
    <interactionCellOffset>(0,0,2)</interactionCellOffset>
    <hasInteractionCell>true</hasInteractionCell>
    <terrainAffordanceNeeded>Heavy</terrainAffordanceNeeded>
    <designationCategory>Production</designationCategory>
    <constructEffect>ConstructMetal</constructEffect>
    <tickerType>Rare</tickerType>
  </ThingDef>

</Things>