<?xml version="1.0" encoding="utf-8"?>
<ModMetaData>
	<name>ED-TurretControl</name>
	<targetVersion>0.14.1241</targetVersion>
	<author>Jaxxa</author>
	<url>https://ludeon.com/forums/index.php?topic=18995.0</url>
	<description>Version: 01.00.00
	
	This mod Requires CCL to be installed.
	https://ludeon.com/forums/index.php?topic=16599.0
	
Discussion, Non Steam Downloads and GitHub Repositories of this mod is available at: https://ludeon.com/forums/index.php?topic=18995
Please Use that Thread for Discussion / Feedback that would like me to reply to. 
Ideally Bugs should be logged on GitHub although in the discussion thread is also fine.

Allows Commands for Force Attack to be given to Turrets.
	</description>
</ModMetaData>