﻿<?xml version="1.0" encoding="utf-8" ?>
<WorkGivers>

  <WorkGiverDef>
    <defName>DoBillsOmniGelMK1</defName>
    <giverClass>WorkGiver_DoBill</giverClass>
    <workType>Crafting</workType>
    <priorityInType>91</priorityInType>
    <singleBillGiverDef>Table_MK1_Replicator</singleBillGiverDef>
    <verb>replicate</verb>
    <gerund>replicating</gerund>
	<requiredCapacities>
		<li>Manipulation</li>
	</requiredCapacities>
  </WorkGiverDef>
  
  <WorkGiverDef>
    <defName>DoBillsOmniGelMK2</defName>
    <giverClass>WorkGiver_DoBill</giverClass>
    <workType>Crafting</workType>
    <priorityInType>92</priorityInType>
    <singleBillGiverDef>Table_MK2_Replicator</singleBillGiverDef>
    <verb>replicate</verb>
    <gerund>replicating</gerund>
	<requiredCapacities>
		<li>Manipulation</li>
	</requiredCapacities>
  </WorkGiverDef>
  
  <WorkGiverDef>
    <defName>DoBillsOmniGelMK3</defName>
    <giverClass>WorkGiver_DoBill</giverClass>
    <workType>Crafting</workType>
    <priorityInType>93</priorityInType>
    <singleBillGiverDef>Table_MK3_Replicator</singleBillGiverDef>
    <verb>replicate</verb>
    <gerund>replicating</gerund>
	<requiredCapacities>
		<li>Manipulation</li>
	</requiredCapacities>
  </WorkGiverDef>
  
</WorkGivers>