<?xml version="1.0" encoding="utf-8"?>
<ModMetaData>
	<name>ED-Prometheus</name>
	<targetVersion>1.0.2059</targetVersion>
	<author>Jaxxa</author>
	<url>https://github.com/jaxxa/JaxxaRimworldReleaseCollection/blob/master/README.md</url>
	<description>Version: 1.0.0.1
Links to all my mods including non steam versions available at: https://github.com/jaxxa/JaxxaRimworldReleaseCollection/blob/master/README.md

When a Strange Signal is detected by your colony, it leads to symbiotic interactions with heavily damaged Ancient Starship as you assist them in bringing their systems back online from the brink of disaster in exchange for access to their advanced technology. 

Features:
 * Shield Generators: Fortify areas of your colony from attack.
 * Personal Shields: Create infrastructure to protect specific colonists and animals from damage.
 * OmniGel: Growing and processing renewable resources.
 * Transporters: Move people and materials over vast distances.
 * Laser Drills: Drill deep into the surface to unlock the almost unlimited potential of Geothermal Energy.
 * Power Transfer: Provide energy over vast distances.

	</description>
</ModMetaData>