<?xml version="1.0" encoding="utf-8" ?>
<ResearchProjectDefs>

	<ResearchProjectDef>
		<defName>Personal_Shield_research</defName>
		<label>Personal Nanite Shield Research</label>
		<description>Using nano technology Nanites have been developed that can be implanted in colonists to heal them or protect them from damage. Unfortunatly due to the limited power and size of the Nanites they mustt be replaced from the Colnist Upgrade Station after each use.
		</description>
		<totalCost>2000</totalCost>
		<prerequisites>
		</prerequisites>
	</ResearchProjectDef>
	
</ResearchProjectDefs>