﻿<?xml version="1.0" encoding="utf-8" ?>
<Defs>

  <ThingDef ParentName="AnimalThingBase" Name="BigCatThingBase" Abstract="True">
    <statBases>
      <MoveSpeed>6.5</MoveSpeed>
      <ComfyTemperatureMin>-8</ComfyTemperatureMin>
      <MarketValue>650</MarketValue>
    </statBases>
    <verbs>
      <li>
        <verbClass>Verb_MeleeAttack</verbClass>
        <defaultCooldownTime>1.5</defaultCooldownTime>
        <meleeDamageBaseAmount>11</meleeDamageBaseAmount>
        <meleeDamageDef>Scratch</meleeDamageDef>
        <linkedBodyPartsGroup>FrontLeftPaw</linkedBodyPartsGroup>
        <surpriseAttack>
          <extraMeleeDamages>
            <li>
              <def>Stun</def>
              <amount>20</amount>
            </li>
          </extraMeleeDamages>
        </surpriseAttack>
      </li>
      <li>
        <verbClass>Verb_MeleeAttack</verbClass>
        <defaultCooldownTime>1.5</defaultCooldownTime>
        <meleeDamageBaseAmount>11</meleeDamageBaseAmount>
        <meleeDamageDef>Scratch</meleeDamageDef>
        <linkedBodyPartsGroup>FrontRightPaw</linkedBodyPartsGroup>
        <surpriseAttack>
          <extraMeleeDamages>
            <li>
              <def>Stun</def>
              <amount>20</amount>
            </li>
          </extraMeleeDamages>
        </surpriseAttack>
      </li>
      <li>
        <verbClass>Verb_MeleeAttack</verbClass>
        <defaultCooldownTime>1.85</defaultCooldownTime>
        <meleeDamageBaseAmount>15</meleeDamageBaseAmount>
        <meleeDamageDef>Bite</meleeDamageDef>
        <linkedBodyPartsGroup>Teeth</linkedBodyPartsGroup>
        <surpriseAttack>
          <extraMeleeDamages>
            <li>
              <def>Stun</def>
              <amount>20</amount>
            </li>
          </extraMeleeDamages>
        </surpriseAttack>
      </li>
    </verbs>
    <race>
      <body>QuadrupedAnimalWithPawsAndTail</body>
      <herdAnimal>false</herdAnimal>
      <predator>true</predator>
      <baseBodySize>1.4</baseBodySize>
      <baseHungerRate>0.3</baseHungerRate>
      <baseHealthScale>1.8</baseHealthScale>
      <foodType>CarnivoreAnimal, OvivoreAnimal</foodType>
      <leatherInsulation>0.9</leatherInsulation>
      <wildness>0.80</wildness>
      <manhunterOnTameFailChance>0.025</manhunterOnTameFailChance>
      <manhunterOnDamageChance>1</manhunterOnDamageChance>
      <gestationPeriodDays>22.5</gestationPeriodDays>
      <lifeExpectancy>13</lifeExpectancy>
      <lifeStageAges>
        <li>
          <def>AnimalBaby</def>
          <minAge>0</minAge>
        </li>
        <li>
          <def>AnimalJuvenile</def>
          <minAge>0.3</minAge>
        </li>
        <li>
          <def>AnimalAdult</def>
          <minAge>0.85</minAge>
          <soundWounded>Pawn_Cougar_Injured</soundWounded>
          <soundDeath>Pawn_Cougar_Death</soundDeath>
          <soundAngry>Pawn_Cougar_Angry</soundAngry>
        </li>
      </lifeStageAges>
      <soundMeleeHitPawn>Pawn_Melee_BigBash_HitPawn</soundMeleeHitPawn>
      <soundMeleeHitBuilding>Pawn_Melee_BigBash_HitBuilding</soundMeleeHitBuilding>
      <soundMeleeMiss>Pawn_Melee_BigBash_Miss</soundMeleeMiss>
    </race>
    <tradeTags>
      <li>StandardAnimal</li>
      <li>BadassAnimal</li>
    </tradeTags>
  </ThingDef>

  <PawnKindDef ParentName="AnimalKindBase" Name="BigCatKindBase" Abstract="True">
    <combatPower>155</combatPower>
    <wildSpawn_spawnWild>true</wildSpawn_spawnWild>
    <wildSpawn_EcoSystemWeight>0.42</wildSpawn_EcoSystemWeight>
  </PawnKindDef>


  <!--===============================================-->

  <ThingDef ParentName="BigCatThingBase">
    <defName>Cougar</defName>
    <label>cougar</label>
    <description>One of the most dangerous big cats, cougars are solitary hunters with long, sharp teeth and claws. They stalk prey from hidden positions before pouncing.\n\nWhile humans are not their normal diet, they won't turn down a meal of vulnerable human meat.</description>
    <race>
      <leatherLabel>cougarskin</leatherLabel>
      <leatherColor>(177,136,112)</leatherColor>
    </race>
  </ThingDef>

  <PawnKindDef ParentName="BigCatKindBase">
    <defName>Cougar</defName>
    <label>cougar</label>
    <race>Cougar</race>
    <lifeStages>
      <li>
        <bodyGraphicData>
          <texPath>Things/Pawn/Animal/Cougar/Cougar</texPath>
          <drawSize>1.1</drawSize>
          <color>(177,136,112)</color>
        </bodyGraphicData>
        <dessicatedBodyGraphicData>
          <texPath>Things/Pawn/Animal/Dessicated/CritterDessicatedMedium</texPath>
          <drawSize>1.1</drawSize>
        </dessicatedBodyGraphicData>
      </li>
      <li>
        <bodyGraphicData>
          <texPath>Things/Pawn/Animal/Cougar/Cougar</texPath>
          <drawSize>1.4</drawSize>
          <color>(177,136,112)</color>
          <shadowData>
            <volume>(0.3, 0.3, 0.3)</volume>
            <offset>(0,0,-0.3)</offset>
          </shadowData>
        </bodyGraphicData>
        <dessicatedBodyGraphicData>
          <texPath>Things/Pawn/Animal/Dessicated/CritterDessicatedMedium</texPath>
          <drawSize>1.4</drawSize>
        </dessicatedBodyGraphicData>
      </li>
      <li>
        <bodyGraphicData>
          <texPath>Things/Pawn/Animal/Cougar/Cougar</texPath>
          <drawSize>2.18</drawSize>
          <color>(177,136,112)</color>
          <shadowData>
            <volume>(0.4, 0.4, 0.4)</volume>
            <offset>(0,0,-0.1)</offset>
          </shadowData>
        </bodyGraphicData>
        <dessicatedBodyGraphicData>
          <texPath>Things/Pawn/Animal/Dessicated/CritterDessicatedMedium</texPath>
          <drawSize>2.18</drawSize>
        </dessicatedBodyGraphicData>
      </li>
    </lifeStages>
  </PawnKindDef>

  <!--===============================================-->

  <ThingDef ParentName="BigCatThingBase">
    <defName>Panther</defName>
    <label>panther</label>
    <description>An agile and powerful big cat native to the jungles of old Earth. As solitary ambush predators, panthers are masters of taking down both large and small prey. Onlookers tend to focus on their graceful movements, while those in closer contact usually notice their skull-crushing strength.</description>
    <race>
      <leatherLabel>pantherskin</leatherLabel>
      <leatherColor>(60,60,60)</leatherColor>
    </race>
  </ThingDef>

  <PawnKindDef ParentName="BigCatKindBase">
    <defName>Panther</defName>
    <label>panther</label>
    <race>Panther</race>
    <lifeStages>
      <li>
        <bodyGraphicData>
          <texPath>Things/Pawn/Animal/Cougar/Cougar</texPath>
          <drawSize>1.05</drawSize>
          <color>(60,60,60)</color>
        </bodyGraphicData>
        <dessicatedBodyGraphicData>
          <texPath>Things/Pawn/Animal/Dessicated/CritterDessicatedMedium</texPath>
          <drawSize>1.05</drawSize>
        </dessicatedBodyGraphicData>
      </li>
      <li>
        <bodyGraphicData>
          <texPath>Things/Pawn/Animal/Cougar/Cougar</texPath>
          <drawSize>1.35</drawSize>
          <color>(60,60,60)</color>
          <shadowData>
            <volume>(0.3, 0.3, 0.3)</volume>
            <offset>(0,0,-0.3)</offset>
          </shadowData>
        </bodyGraphicData>
        <dessicatedBodyGraphicData>
          <texPath>Things/Pawn/Animal/Dessicated/CritterDessicatedMedium</texPath>
          <drawSize>1.35</drawSize>
        </dessicatedBodyGraphicData>
      </li>
      <li>
        <bodyGraphicData>
          <texPath>Things/Pawn/Animal/Cougar/Cougar</texPath>
          <drawSize>2.12</drawSize>
          <color>(60,60,60)</color>
          <shadowData>
            <volume>(0.4, 0.4, 0.4)</volume>
            <offset>(0,0,-0.1)</offset>
          </shadowData>
        </bodyGraphicData>
        <dessicatedBodyGraphicData>
          <texPath>Things/Pawn/Animal/Dessicated/CritterDessicatedMedium</texPath>
          <drawSize>2.12</drawSize>
        </dessicatedBodyGraphicData>
      </li>
    </lifeStages>
  </PawnKindDef>


  <!--===============================================-->

  <ThingDef ParentName="AnimalThingBase">
    <defName>Lynx</defName>
    <label>lynx</label>
    <description>A wildcat larger than a housecat, but smaller than a cougar. Lynxes survive on a diet of small birds and animals. Their very warm fur keeps them safe from the brutally cold temperatures of their northern territories.</description>
    <statBases>
      <MoveSpeed>6.5</MoveSpeed>
      <ComfyTemperatureMin>-45</ComfyTemperatureMin>
      <MarketValue>320</MarketValue>
    </statBases>
    <verbs>
      <li>
        <verbClass>Verb_MeleeAttack</verbClass>
        <defaultCooldownTime>1.5</defaultCooldownTime>
        <meleeDamageBaseAmount>9</meleeDamageBaseAmount>
        <meleeDamageDef>Scratch</meleeDamageDef>
        <linkedBodyPartsGroup>FrontLeftPaw</linkedBodyPartsGroup>
        <surpriseAttack>
          <extraMeleeDamages>
            <li>
              <def>Stun</def>
              <amount>20</amount>
            </li>
          </extraMeleeDamages>
        </surpriseAttack>
      </li>
      <li>
        <verbClass>Verb_MeleeAttack</verbClass>
        <defaultCooldownTime>1.5</defaultCooldownTime>
        <meleeDamageBaseAmount>9</meleeDamageBaseAmount>
        <meleeDamageDef>Scratch</meleeDamageDef>
        <linkedBodyPartsGroup>FrontRightPaw</linkedBodyPartsGroup>
        <surpriseAttack>
          <extraMeleeDamages>
            <li>
              <def>Stun</def>
              <amount>20</amount>
            </li>
          </extraMeleeDamages>
        </surpriseAttack>
      </li>
      <li>
        <verbClass>Verb_MeleeAttack</verbClass>
        <defaultCooldownTime>1.85</defaultCooldownTime>
        <meleeDamageBaseAmount>11</meleeDamageBaseAmount>
        <meleeDamageDef>Bite</meleeDamageDef>
        <linkedBodyPartsGroup>Teeth</linkedBodyPartsGroup>
        <surpriseAttack>
          <extraMeleeDamages>
            <li>
              <def>Stun</def>
              <amount>20</amount>
            </li>
          </extraMeleeDamages>
        </surpriseAttack>
      </li>
    </verbs>
    <race>
      <body>QuadrupedAnimalWithPawsAndTail</body>
      <herdAnimal>false</herdAnimal>
      <predator>true</predator>
      <baseBodySize>0.8</baseBodySize>
      <baseHungerRate>0.19</baseHungerRate>
      <baseHealthScale>0.8</baseHealthScale>
      <foodType>CarnivoreAnimal, OvivoreAnimal</foodType>
      <leatherColor>(173,155,138)</leatherColor>
      <leatherInsulation>1.15</leatherInsulation>
      <leatherLabel>lynxskin</leatherLabel>
      <wildness>0.80</wildness>
      <manhunterOnTameFailChance>0.025</manhunterOnTameFailChance>
      <manhunterOnDamageChance>1</manhunterOnDamageChance>
      <gestationPeriodDays>22.5</gestationPeriodDays>
      <lifeExpectancy>9</lifeExpectancy>
      <lifeStageAges>
        <li>
          <def>AnimalBaby</def>
          <minAge>0</minAge>
        </li>
        <li>
          <def>AnimalJuvenile</def>
          <minAge>0.25</minAge>
        </li>
        <li>
          <def>AnimalAdult</def>
          <minAge>0.7</minAge>
          <soundWounded>Pawn_Cougar_Injured</soundWounded>
          <soundDeath>Pawn_Cougar_Death</soundDeath>
          <soundAngry>Pawn_Cougar_Angry</soundAngry>
        </li>
      </lifeStageAges>
      <soundMeleeHitPawn>Pawn_Melee_BigBash_HitPawn</soundMeleeHitPawn>
      <soundMeleeHitBuilding>Pawn_Melee_BigBash_HitBuilding</soundMeleeHitBuilding>
      <soundMeleeMiss>Pawn_Melee_BigBash_Miss</soundMeleeMiss>
    </race>
    <tradeTags>
      <li>StandardAnimal</li>
      <li>BadassAnimal</li>
    </tradeTags>
  </ThingDef>

  <PawnKindDef ParentName="AnimalKindBase">
    <defName>Lynx</defName>
    <label>lynx</label>
    <labelPlural>lynx</labelPlural>
    <race>Lynx</race>
    <combatPower>80</combatPower>
    <wildSpawn_spawnWild>true</wildSpawn_spawnWild>
    <wildSpawn_EcoSystemWeight>0.22</wildSpawn_EcoSystemWeight>
    <lifeStages>
      <li>
        <label>lynx kitten</label>
        <bodyGraphicData>
          <texPath>Things/Pawn/Animal/Lynx/Lynx</texPath>
          <drawSize>1.1</drawSize>
          <color>(173,155,138)</color>
          <shaderType>CutoutComplex</shaderType>
        </bodyGraphicData>
        <dessicatedBodyGraphicData>
          <texPath>Things/Pawn/Animal/Dessicated/CritterDessicatedMedium</texPath>
          <drawSize>1.1</drawSize>
        </dessicatedBodyGraphicData>
      </li>
      <li>
        <bodyGraphicData>
          <texPath>Things/Pawn/Animal/Lynx/Lynx</texPath>
          <drawSize>1.4</drawSize>
          <color>(173,155,138)</color>
          <shaderType>CutoutComplex</shaderType>
          <shadowData>
            <volume>(0.3, 0.3, 0.3)</volume>
            <offset>(0,0,-0.3)</offset>
          </shadowData>
        </bodyGraphicData>
        <dessicatedBodyGraphicData>
          <texPath>Things/Pawn/Animal/Dessicated/CritterDessicatedMedium</texPath>
          <drawSize>1.4</drawSize>
        </dessicatedBodyGraphicData>
      </li>
      <li>
        <bodyGraphicData>
          <texPath>Things/Pawn/Animal/Lynx/Lynx</texPath>
          <drawSize>1.6</drawSize>
          <color>(173,155,138)</color>
          <shaderType>CutoutComplex</shaderType>
          <shadowData>
            <volume>(0.3, 0.3, 0.3)</volume>
            <offset>(0,0,-0.1)</offset>
          </shadowData>
        </bodyGraphicData>
        <dessicatedBodyGraphicData>
          <texPath>Things/Pawn/Animal/Dessicated/CritterDessicatedMedium</texPath>
          <drawSize>1.6</drawSize>
        </dessicatedBodyGraphicData>
      </li>
    </lifeStages>
  </PawnKindDef>


</Defs>