﻿<?xml version="1.0" encoding="utf-8" ?>
<Defs>

  <ThingDef ParentName="AnimalThingBase" Name="BigBirdThingBase" Abstract="True">
    <race>
      <body>Bird</body>
      <leatherInsulation>0.5</leatherInsulation>      
      <gestationPeriodDays>20</gestationPeriodDays>
      <lifeStageAges>
        <li>
          <def>AnimalBaby</def>
          <minAge>0</minAge>
        </li>
        <li>
          <def>AnimalJuvenile</def>
          <minAge>0.6</minAge>
        </li>
        <li>
          <def>AnimalAdult</def>
          <minAge>2.0</minAge>
        </li>
      </lifeStageAges>
      <soundMeleeHitPawn>Pawn_Melee_SmallScratch_HitPawn</soundMeleeHitPawn>
      <soundMeleeHitBuilding>Pawn_Melee_SmallScratch_HitBuilding</soundMeleeHitBuilding>
      <soundMeleeMiss>Pawn_Melee_SmallScratch_Miss</soundMeleeMiss>
    </race>
    <tradeTags>
      <li>StandardAnimal</li>
    </tradeTags>
  </ThingDef>

  <PawnKindDef ParentName="AnimalKindBase" Name="BigBirdKindBase" Abstract="True">
    <combatPower>155</combatPower>
    <wildSpawn_spawnWild>true</wildSpawn_spawnWild>
    <wildSpawn_EcoSystemWeight>0.42</wildSpawn_EcoSystemWeight>
  </PawnKindDef>


  <!--===============================================-->

  <ThingDef ParentName="BigBirdThingBase">
    <defName>Cassowary</defName>
    <label>cassowary</label>
    <description>A large flightless bird with brightly-colored feathers. While it looks beautiful, its kick is vicious.</description>
    <statBases>
      <MoveSpeed>4.5</MoveSpeed>
      <ComfyTemperatureMin>-8</ComfyTemperatureMin>
      <MarketValue>300</MarketValue>
    </statBases>
    <race>
      <herdAnimal>false</herdAnimal>
      <baseBodySize>0.9</baseBodySize>
      <baseHungerRate>0.3</baseHungerRate>
      <baseHealthScale>0.9</baseHealthScale>
      <foodType>VegetarianRoughAnimal</foodType>
      <wildness>0.80</wildness>
      <lifeExpectancy>45</lifeExpectancy>
      <leatherColor>(80,80,80)</leatherColor>
      <meatLabel>bird meat</meatLabel>
      <manhunterOnTameFailChance>0.030</manhunterOnTameFailChance>
    </race>
    <comps>
      <li Class="CompProperties_EggLayer">
        <eggFertilizedDef>EggCassowaryFertilized</eggFertilizedDef>
        <eggFertilizationCountMax>1</eggFertilizationCountMax>
        <eggLayIntervalDays>20</eggLayIntervalDays>
        <eggProgressUnfertilizedMax>0.5</eggProgressUnfertilizedMax>
        <eggCountRange>1</eggCountRange>
      </li>
    </comps>
    <verbs>
      <li>
        <verbClass>Verb_MeleeAttack</verbClass>
        <defaultCooldownTime>1.65</defaultCooldownTime>
        <meleeDamageBaseAmount>8</meleeDamageBaseAmount>
        <meleeDamageDef>Scratch</meleeDamageDef>
        <linkedBodyPartsGroup>Feet</linkedBodyPartsGroup>
        <surpriseAttack>
          <extraMeleeDamages>
            <li>
              <def>Stun</def>
              <amount>20</amount>
            </li>
          </extraMeleeDamages>
        </surpriseAttack>
      </li>
      <li>
        <verbClass>Verb_MeleeAttack</verbClass>
        <defaultCooldownTime>1.85</defaultCooldownTime>
        <meleeDamageBaseAmount>8</meleeDamageBaseAmount>
        <meleeDamageDef>Bite</meleeDamageDef>
        <linkedBodyPartsGroup>Beak</linkedBodyPartsGroup>
        <surpriseAttack>
          <extraMeleeDamages>
            <li>
              <def>Stun</def>
              <amount>20</amount>
            </li>
          </extraMeleeDamages>
        </surpriseAttack>
      </li>
    </verbs>
  </ThingDef>

  <PawnKindDef ParentName="BigBirdKindBase">
    <defName>Cassowary</defName>
    <label>cassowary</label>
    <labelPlural>cassowaries</labelPlural>
    <race>Cassowary</race>
    <lifeStages>
      <li>
        <bodyGraphicData>
          <texPath>Things/Pawn/Animal/Cassowary/Cassowary</texPath>
          <drawSize>1.1</drawSize>
        </bodyGraphicData>
        <dessicatedBodyGraphicData>
          <texPath>Things/Pawn/Animal/Dessicated/CritterDessicatedMedium</texPath>
          <drawSize>1.1</drawSize>
        </dessicatedBodyGraphicData>
      </li>
      <li>
        <bodyGraphicData>
          <texPath>Things/Pawn/Animal/Cassowary/Cassowary</texPath>
          <drawSize>1.4</drawSize>
          <shadowData>
            <volume>(0.3, 0.3, 0.3)</volume>
            <offset>(0,0,-0.3)</offset>
          </shadowData>
        </bodyGraphicData>
        <dessicatedBodyGraphicData>
          <texPath>Things/Pawn/Animal/Dessicated/CritterDessicatedMedium</texPath>
          <drawSize>1.4</drawSize>
        </dessicatedBodyGraphicData>
      </li>
      <li>
        <bodyGraphicData>
          <texPath>Things/Pawn/Animal/Cassowary/Cassowary</texPath>
          <drawSize>1.8</drawSize>
          <shadowData>
            <volume>(0.4, 0.4, 0.4)</volume>
            <offset>(0,0,-0.2)</offset>
          </shadowData>
        </bodyGraphicData>
        <dessicatedBodyGraphicData>
          <texPath>Things/Pawn/Animal/Dessicated/CritterDessicatedMedium</texPath>
          <drawSize>1.8</drawSize>
        </dessicatedBodyGraphicData>
      </li>
    </lifeStages>
  </PawnKindDef>

  <!--===============================================-->

  <ThingDef ParentName="BigBirdThingBase">
    <defName>Emu</defName>
    <label>emu</label>
    <description>A large flightless bird with beady eyes on its ugly face. With its bad attitude, it is the jerk of the natural world.</description>
    <statBases>
      <MoveSpeed>5.1</MoveSpeed>
      <ComfyTemperatureMin>-8</ComfyTemperatureMin>
      <MarketValue>300</MarketValue>
    </statBases>
    <race>
      <herdAnimal>false</herdAnimal>
      <baseBodySize>1.0</baseBodySize>
      <baseHungerRate>0.3</baseHungerRate>
      <baseHealthScale>1.0</baseHealthScale>
      <foodType>VegetarianRoughAnimal</foodType>
      <wildness>0.95</wildness>
      <lifeExpectancy>45</lifeExpectancy>
      <leatherColor>(122,109,99)</leatherColor>
      <useMeatFrom>Cassowary</useMeatFrom>
      <manhunterOnTameFailChance>0.030</manhunterOnTameFailChance>
    </race>
    <comps>
      <li Class="CompProperties_EggLayer">
        <eggFertilizedDef>EggEmuFertilized</eggFertilizedDef>
        <eggFertilizationCountMax>1</eggFertilizationCountMax>
        <eggLayIntervalDays>18</eggLayIntervalDays>
        <eggProgressUnfertilizedMax>0.5</eggProgressUnfertilizedMax>
        <eggCountRange>1</eggCountRange>
      </li>
    </comps>
    <verbs>
      <li>
        <verbClass>Verb_MeleeAttack</verbClass>
        <defaultCooldownTime>1.65</defaultCooldownTime>
        <meleeDamageBaseAmount>9</meleeDamageBaseAmount>
        <meleeDamageDef>Scratch</meleeDamageDef>
        <linkedBodyPartsGroup>Feet</linkedBodyPartsGroup>
        <surpriseAttack>
          <extraMeleeDamages>
            <li>
              <def>Stun</def>
              <amount>20</amount>
            </li>
          </extraMeleeDamages>
        </surpriseAttack>
      </li>
      <li>
        <verbClass>Verb_MeleeAttack</verbClass>
        <defaultCooldownTime>1.85</defaultCooldownTime>
        <meleeDamageBaseAmount>8</meleeDamageBaseAmount>
        <meleeDamageDef>Bite</meleeDamageDef>
        <linkedBodyPartsGroup>Beak</linkedBodyPartsGroup>
        <surpriseAttack>
          <extraMeleeDamages>
            <li>
              <def>Stun</def>
              <amount>20</amount>
            </li>
          </extraMeleeDamages>
        </surpriseAttack>
      </li>
    </verbs>
  </ThingDef>

  <PawnKindDef ParentName="BigBirdKindBase">
    <defName>Emu</defName>
    <label>emu</label>
    <race>Emu</race>
    <lifeStages>
      <li>
        <bodyGraphicData>
          <texPath>Things/Pawn/Animal/Emu/Emu</texPath>
          <drawSize>1.0</drawSize>
        </bodyGraphicData>
        <dessicatedBodyGraphicData>
          <texPath>Things/Pawn/Animal/Dessicated/CritterDessicatedMedium</texPath>
          <drawSize>1.0</drawSize>
        </dessicatedBodyGraphicData>
      </li>
      <li>
        <bodyGraphicData>
          <texPath>Things/Pawn/Animal/Emu/Emu</texPath>
          <drawSize>1.3</drawSize>
          <shadowData>
            <volume>(0.3, 0.3, 0.3)</volume>
            <offset>(0,0,-0.3)</offset>
          </shadowData>
        </bodyGraphicData>
        <dessicatedBodyGraphicData>
          <texPath>Things/Pawn/Animal/Dessicated/CritterDessicatedMedium</texPath>
          <drawSize>1.3</drawSize>
        </dessicatedBodyGraphicData>
      </li>
      <li>
        <bodyGraphicData>
          <texPath>Things/Pawn/Animal/Emu/Emu</texPath>
          <drawSize>1.6</drawSize>
          <shadowData>
            <volume>(0.4, 0.4, 0.4)</volume>
            <offset>(0,0,-0.2)</offset>
          </shadowData>
        </bodyGraphicData>
        <dessicatedBodyGraphicData>
          <texPath>Things/Pawn/Animal/Dessicated/CritterDessicatedMedium</texPath>
          <drawSize>1.6</drawSize>
        </dessicatedBodyGraphicData>
      </li>
    </lifeStages>
  </PawnKindDef>


  <!--===============================================-->

  <ThingDef ParentName="BigBirdThingBase">
    <defName>Ostrich</defName>
    <label>ostrich</label>
    <description>The largest unmodified bird species, ostriches are known for their fast run, huge eggs, and powerful kick.</description>
    <statBases>
      <MoveSpeed>6.0</MoveSpeed>
      <ComfyTemperatureMin>-8</ComfyTemperatureMin>
      <MarketValue>360</MarketValue>
    </statBases>
    <race>
      <herdAnimal>false</herdAnimal>
      <baseBodySize>1.2</baseBodySize>
      <baseHungerRate>0.5</baseHungerRate>
      <baseHealthScale>1.3</baseHealthScale>
      <foodType>VegetarianRoughAnimal</foodType>
      <wildness>0.95</wildness>
      <lifeExpectancy>45</lifeExpectancy>
      <leatherColor>(76,83,99)</leatherColor>
      <useMeatFrom>Cassowary</useMeatFrom>
      <manhunterOnTameFailChance>0.030</manhunterOnTameFailChance>
    </race>
    <comps>
      <li Class="CompProperties_EggLayer">
        <eggFertilizedDef>EggOstrichFertilized</eggFertilizedDef>
        <eggFertilizationCountMax>1</eggFertilizationCountMax>
        <eggLayIntervalDays>23</eggLayIntervalDays>
        <eggProgressUnfertilizedMax>0.5</eggProgressUnfertilizedMax>
        <eggCountRange>1</eggCountRange>
      </li>
    </comps>
    <verbs>
      <li>
        <verbClass>Verb_MeleeAttack</verbClass>
        <defaultCooldownTime>1.65</defaultCooldownTime>
        <meleeDamageBaseAmount>12</meleeDamageBaseAmount>
        <meleeDamageDef>Scratch</meleeDamageDef>
        <linkedBodyPartsGroup>Feet</linkedBodyPartsGroup>
        <surpriseAttack>
          <extraMeleeDamages>
            <li>
              <def>Stun</def>
              <amount>20</amount>
            </li>
          </extraMeleeDamages>
        </surpriseAttack>
      </li>
      <li>
        <verbClass>Verb_MeleeAttack</verbClass>
        <defaultCooldownTime>1.85</defaultCooldownTime>
        <meleeDamageBaseAmount>10</meleeDamageBaseAmount>
        <meleeDamageDef>Bite</meleeDamageDef>
        <linkedBodyPartsGroup>Beak</linkedBodyPartsGroup>
        <surpriseAttack>
          <extraMeleeDamages>
            <li>
              <def>Stun</def>
              <amount>20</amount>
            </li>
          </extraMeleeDamages>
        </surpriseAttack>
      </li>
    </verbs>
  </ThingDef>

  <PawnKindDef ParentName="BigBirdKindBase">
    <defName>Ostrich</defName>
    <label>ostrich</label>
    <labelPlural>ostriches</labelPlural>
    <race>Ostrich</race>
    <lifeStages>
      <li>
        <bodyGraphicData>
          <texPath>Things/Pawn/Animal/Ostrich/Ostrich</texPath>
          <drawSize>1.1</drawSize>
          <color>(133,107,96)</color>
          <shaderType>CutoutComplex</shaderType>
        </bodyGraphicData>
        <dessicatedBodyGraphicData>
          <texPath>Things/Pawn/Animal/Dessicated/CritterDessicatedMedium</texPath>
          <drawSize>1.1</drawSize>
        </dessicatedBodyGraphicData>
      </li>
      <li>
        <bodyGraphicData>
          <texPath>Things/Pawn/Animal/Ostrich/Ostrich</texPath>
          <drawSize>1.4</drawSize>
          <color>(133,107,96)</color>
          <shaderType>CutoutComplex</shaderType>
          <shadowData>
            <volume>(0.3, 0.3, 0.3)</volume>
            <offset>(0,0,-0.3)</offset>
          </shadowData>
        </bodyGraphicData>
        <dessicatedBodyGraphicData>
          <texPath>Things/Pawn/Animal/Dessicated/CritterDessicatedMedium</texPath>
          <drawSize>1.4</drawSize>
        </dessicatedBodyGraphicData>
      </li>
      <li>
        <bodyGraphicData>
          <texPath>Things/Pawn/Animal/Ostrich/Ostrich</texPath>
          <drawSize>1.8</drawSize>
          <color>(62,58,66)</color>
          <shaderType>CutoutComplex</shaderType>
          <shadowData>
            <volume>(0.4, 0.4, 0.4)</volume>
            <offset>(0,0,-0.2)</offset>
          </shadowData>
        </bodyGraphicData>
        <femaleGraphicData>
          <texPath>Things/Pawn/Animal/Ostrich/Ostrich</texPath>
          <drawSize>1.8</drawSize>
          <color>(133,107,96)</color>
          <shaderType>CutoutComplex</shaderType>
          <shadowData>
            <volume>(0.4, 0.4, 0.4)</volume>
            <offset>(0,0,-0.2)</offset>
          </shadowData>
        </femaleGraphicData>
        <dessicatedBodyGraphicData>
          <texPath>Things/Pawn/Animal/Dessicated/CritterDessicatedMedium</texPath>
          <drawSize>1.8</drawSize>
        </dessicatedBodyGraphicData>
      </li>
    </lifeStages>
  </PawnKindDef>


  <!--===============================================-->

  <ThingDef ParentName="BigBirdThingBase">
    <defName>Turkey</defName>
    <label>turkey</label>
    <description>A short, fat, flightless bird known for its hilarious 'gobbling' call. It has been long domesticated, but also lives in the wild.</description>
    <statBases>
      <MoveSpeed>3.5</MoveSpeed>
      <ComfyTemperatureMin>-8</ComfyTemperatureMin>
      <MarketValue>250</MarketValue>
    </statBases>
    <race>
      <herdAnimal>false</herdAnimal>
      <baseBodySize>0.7</baseBodySize>
      <baseHungerRate>0.3</baseHungerRate>
      <baseHealthScale>0.7</baseHealthScale>
      <foodType>VegetarianRoughAnimal</foodType>
      <wildness>0.45</wildness>
      <lifeExpectancy>9</lifeExpectancy>
      <leatherColor>(80,80,80)</leatherColor>
    </race>
    <comps>
      <li Class="CompProperties_EggLayer">
        <eggFertilizedDef>EggTurkeyFertilized</eggFertilizedDef>
        <eggFertilizationCountMax>1</eggFertilizationCountMax>
        <eggLayIntervalDays>11</eggLayIntervalDays>
        <eggProgressUnfertilizedMax>0.5</eggProgressUnfertilizedMax>
        <eggCountRange>
          <min>1</min>
          <max>3</max>
        </eggCountRange>
      </li>
    </comps>
    <verbs>
      <li>
        <verbClass>Verb_MeleeAttack</verbClass>
        <defaultCooldownTime>1.65</defaultCooldownTime>
        <meleeDamageBaseAmount>6</meleeDamageBaseAmount>
        <meleeDamageDef>Scratch</meleeDamageDef>
        <linkedBodyPartsGroup>Feet</linkedBodyPartsGroup>
        <surpriseAttack>
          <extraMeleeDamages>
            <li>
              <def>Stun</def>
              <amount>20</amount>
            </li>
          </extraMeleeDamages>
        </surpriseAttack>
      </li>
      <li>
        <verbClass>Verb_MeleeAttack</verbClass>
        <defaultCooldownTime>1.85</defaultCooldownTime>
        <meleeDamageBaseAmount>5</meleeDamageBaseAmount>
        <meleeDamageDef>Bite</meleeDamageDef>
        <linkedBodyPartsGroup>Beak</linkedBodyPartsGroup>
        <surpriseAttack>
          <extraMeleeDamages>
            <li>
              <def>Stun</def>
              <amount>20</amount>
            </li>
          </extraMeleeDamages>
        </surpriseAttack>
      </li>
    </verbs>
  </ThingDef>

  <PawnKindDef ParentName="BigBirdKindBase">
    <defName>Turkey</defName>
    <label>turkey</label>
    <race>Turkey</race>
    <lifeStages>
      <li>
        <bodyGraphicData>
          <texPath>Things/Pawn/Animal/Turkey/TurkeyHen</texPath>
          <drawSize>1.0</drawSize>
        </bodyGraphicData>
        <dessicatedBodyGraphicData>
          <texPath>Things/Pawn/Animal/Dessicated/CritterDessicatedMedium</texPath>
          <drawSize>1.0</drawSize>
        </dessicatedBodyGraphicData>
      </li>
      <li>
        <bodyGraphicData>
          <texPath>Things/Pawn/Animal/Turkey/TurkeyHen</texPath>
          <drawSize>1.2</drawSize>
          <shadowData>
            <volume>(0.3, 0.3, 0.3)</volume>
            <offset>(0,0,-0.3)</offset>
          </shadowData>
        </bodyGraphicData>
        <dessicatedBodyGraphicData>
          <texPath>Things/Pawn/Animal/Dessicated/CritterDessicatedMedium</texPath>
          <drawSize>1.2</drawSize>
        </dessicatedBodyGraphicData>
      </li>
      <li>
        <bodyGraphicData>
          <texPath>Things/Pawn/Animal/Turkey/TurkeyTom</texPath>
          <drawSize>1.4</drawSize>
          <shadowData>
            <volume>(0.4, 0.4, 0.4)</volume>
            <offset>(0,0,-0.2)</offset>
          </shadowData>
        </bodyGraphicData>
        <femaleGraphicData>
          <texPath>Things/Pawn/Animal/Turkey/TurkeyHen</texPath>
          <drawSize>1.4</drawSize>
          <shadowData>
            <volume>(0.4, 0.4, 0.4)</volume>
            <offset>(0,0,-0.2)</offset>
          </shadowData>
        </femaleGraphicData>
        <dessicatedBodyGraphicData>
          <texPath>Things/Pawn/Animal/Dessicated/CritterDessicatedMedium</texPath>
          <drawSize>1.4</drawSize>
        </dessicatedBodyGraphicData>
      </li>
    </lifeStages>
  </PawnKindDef>

</Defs>