﻿<?xml version="1.0" encoding="utf-8" ?>
<Defs>

  <!-- ====================================================== -->

  <ThingDef ParentName="AnimalThingBase">
    <defName>YorkshireTerrier</defName>
    <label>yorkshire terrier</label>
    <description>A small, even-tempered dog. Originally bred to hunt rats, it later became a show and companionship animal.</description>
    <statBases>
      <MoveSpeed>3.1</MoveSpeed>
      <ComfyTemperatureMin>-8</ComfyTemperatureMin>
      <MarketValue>200</MarketValue>
    </statBases>
    <verbs>
      <li>
        <verbClass>Verb_MeleeAttack</verbClass>
        <defaultCooldownTime>1.65</defaultCooldownTime>
        <meleeDamageBaseAmount>3</meleeDamageBaseAmount>
        <meleeDamageDef>Scratch</meleeDamageDef>
        <linkedBodyPartsGroup>FrontLeftPaw</linkedBodyPartsGroup>
      </li>
      <li>
        <verbClass>Verb_MeleeAttack</verbClass>
        <defaultCooldownTime>1.65</defaultCooldownTime>
        <meleeDamageBaseAmount>3</meleeDamageBaseAmount>
        <meleeDamageDef>Scratch</meleeDamageDef>
        <linkedBodyPartsGroup>FrontRightPaw</linkedBodyPartsGroup>
      </li>
      <li>
        <verbClass>Verb_MeleeAttack</verbClass>
        <defaultCooldownTime>1.65</defaultCooldownTime>
        <meleeDamageBaseAmount>4</meleeDamageBaseAmount>
        <meleeDamageDef>Bite</meleeDamageDef>
        <linkedBodyPartsGroup>Teeth</linkedBodyPartsGroup>
      </li>
    </verbs>
    <race>
      <body>QuadrupedAnimalWithPawsAndTail</body>
      <petness>1</petness>
      <baseBodySize>0.3</baseBodySize>
      <baseHungerRate>0.25</baseHungerRate>
      <baseHealthScale>0.4</baseHealthScale>
      <foodType>OmnivoreAnimal, OvivoreAnimal</foodType>
      <leatherLabel>yorkieskin</leatherLabel>
      <leatherColor>(209,168,39)</leatherColor>
      <gestationPeriodDays>30</gestationPeriodDays>
      <nameOnTameChance>1</nameOnTameChance>
      <trainableIntelligence>Advanced</trainableIntelligence>
      <wildness>0</wildness>
      <nuzzleMtbHours>15</nuzzleMtbHours>
      <litterSizeCurve>
        <points>
          <li>(0.5, 0)</li>
          <li>(1, 1)</li>
          <li>(2, 1.7)</li>
          <li>(3, 0.7)</li>
          <li>(3.5, 0)</li>
        </points>
      </litterSizeCurve>
      <lifeExpectancy>15</lifeExpectancy>
      <lifeStageAges>
        <li>
          <def>AnimalBaby</def>
          <minAge>0</minAge>
        </li>
        <li>
          <def>AnimalJuvenile</def>
          <minAge>0.1</minAge>
        </li>
        <li>
          <def>AnimalAdult</def>
          <minAge>0.3</minAge>
          <soundWounded>Pawn_DogSmall_Injured</soundWounded>
          <soundDeath>Pawn_DogSmall_Dead</soundDeath>
          <soundCall>Pawn_DogSmall_Call</soundCall>
          <soundAngry>Pawn_DogSmall_Angry</soundAngry>
        </li>
      </lifeStageAges>
      <soundMeleeHitPawn>Pawn_Melee_SmallScratch_HitPawn</soundMeleeHitPawn>
      <soundMeleeHitBuilding>Pawn_Melee_SmallScratch_HitBuilding</soundMeleeHitBuilding>
      <soundMeleeMiss>Pawn_Melee_SmallScratch_Miss</soundMeleeMiss>
    </race>
    <tradeTags>
      <li>StandardAnimal</li>
    </tradeTags>
  </ThingDef>
  <PawnKindDef ParentName="AnimalKindBase">
    <defName>YorkshireTerrier</defName>
    <label>yorkshire terrier</label>
    <race>YorkshireTerrier</race>
    <combatPower>20</combatPower>
    <lifeStages>
      <li>
        <label>yorkshire terrier puppy</label>
        <labelPlural>yorkshire terrier puppies</labelPlural>
        <bodyGraphicData>
          <texPath>Things/Pawn/Animal/YorkshireTerrier/YorkshireTerrier</texPath>
          <drawSize>0.48</drawSize>
        </bodyGraphicData>
        <dessicatedBodyGraphicData>
          <texPath>Things/Pawn/Animal/Dessicated/CritterDessicatedSmall</texPath>
          <drawSize>0.48</drawSize>
        </dessicatedBodyGraphicData>
      </li>
      <li>
        <bodyGraphicData>
          <texPath>Things/Pawn/Animal/YorkshireTerrier/YorkshireTerrier</texPath>
          <drawSize>0.75</drawSize>
        </bodyGraphicData>
        <femaleGraphicData>
          <texPath>Things/Pawn/Animal/YorkshireTerrier/YorkshireTerrier</texPath>
          <drawSize>0.73</drawSize>
        </femaleGraphicData>
        <dessicatedBodyGraphicData>
          <texPath>Things/Pawn/Animal/Dessicated/CritterDessicatedSmall</texPath>
          <drawSize>0.75</drawSize>
        </dessicatedBodyGraphicData>
      </li>
      <li>
        <bodyGraphicData>
          <texPath>Things/Pawn/Animal/YorkshireTerrier/YorkshireTerrier</texPath>
          <drawSize>0.9</drawSize>
          <shadowData>
            <volume>(0.20, 0.3, 0.20)</volume>
            <offset>(0,0,-0.08)</offset>
          </shadowData>
        </bodyGraphicData>
        <femaleGraphicData>
          <texPath>Things/Pawn/Animal/YorkshireTerrier/YorkshireTerrier</texPath>
          <drawSize>0.89</drawSize>
        </femaleGraphicData>
        <dessicatedBodyGraphicData>
          <texPath>Things/Pawn/Animal/Dessicated/CritterDessicatedSmall</texPath>
          <drawSize>0.9</drawSize>
        </dessicatedBodyGraphicData>
      </li>
    </lifeStages>
    <wildSpawn_spawnWild>false</wildSpawn_spawnWild>
  </PawnKindDef>
  
  <!-- ====================================================== -->

  <ThingDef ParentName="AnimalThingBase">
    <defName>Husky</defName>
    <label>husky</label>
    <description>A large, energetic dog with a thick fur coat for remaining comfortable in arctic environments.</description>
    <statBases>
      <MoveSpeed>5.2</MoveSpeed>
      <ComfyTemperatureMin>-50</ComfyTemperatureMin>
      <MarketValue>300</MarketValue>
    </statBases>
    <verbs>
      <li>
        <verbClass>Verb_MeleeAttack</verbClass>
        <defaultCooldownTime>1.65</defaultCooldownTime>
        <meleeDamageBaseAmount>8</meleeDamageBaseAmount>
        <meleeDamageDef>Scratch</meleeDamageDef>
        <linkedBodyPartsGroup>FrontLeftPaw</linkedBodyPartsGroup>
      </li>
      <li>
        <verbClass>Verb_MeleeAttack</verbClass>
        <defaultCooldownTime>1.65</defaultCooldownTime>
        <meleeDamageBaseAmount>8</meleeDamageBaseAmount>
        <meleeDamageDef>Scratch</meleeDamageDef>
        <linkedBodyPartsGroup>FrontRightPaw</linkedBodyPartsGroup>
      </li>
      <li>
        <verbClass>Verb_MeleeAttack</verbClass>
        <defaultCooldownTime>1.65</defaultCooldownTime>
        <meleeDamageBaseAmount>9</meleeDamageBaseAmount>
        <meleeDamageDef>Bite</meleeDamageDef>
        <linkedBodyPartsGroup>Teeth</linkedBodyPartsGroup>
      </li>
    </verbs>
    <race>
      <body>QuadrupedAnimalWithPawsAndTail</body>
      <petness>1</petness>
      <herdAnimal>true</herdAnimal>
      <baseBodySize>1.0</baseBodySize>
      <baseHungerRate>0.5</baseHungerRate>
      <baseHealthScale>1.05</baseHealthScale>
      <foodType>OmnivoreAnimal, OvivoreAnimal</foodType>
      <leatherColor>(137,133,133)</leatherColor>
      <leatherLabel>husky fur</leatherLabel>
      <leatherInsulation>1.0</leatherInsulation>
      <gestationPeriodDays>22.5</gestationPeriodDays>
      <nameOnTameChance>1</nameOnTameChance>
      <trainableIntelligence>Advanced</trainableIntelligence>
      <wildness>0</wildness>
      <nuzzleMtbHours>24</nuzzleMtbHours>
      <litterSizeCurve>
        <points>
          <li>(0.5, 0)</li>
          <li>(1, 1)</li>
          <li>(2, 1.7)</li>
          <li>(3, 0.7)</li>
          <li>(3.5, 0)</li>
        </points>
      </litterSizeCurve>
      <lifeExpectancy>12</lifeExpectancy>
      <lifeStageAges>
        <li>
          <def>AnimalBaby</def>
          <minAge>0</minAge>
        </li>
        <li>
          <def>AnimalJuvenile</def>
          <minAge>0.25</minAge>
        </li>
        <li>
          <def>AnimalAdult</def>
          <minAge>0.8</minAge>
          <soundWounded>Pawn_Dog_Injured</soundWounded>
          <soundDeath>Pawn_Dog_Death</soundDeath>
          <soundCall>Pawn_Dog_Call</soundCall>
          <soundAngry>Pawn_Dog_Angry</soundAngry>
        </li>
      </lifeStageAges>
      <soundMeleeHitPawn>Pawn_Melee_SmallScratch_HitPawn</soundMeleeHitPawn>
      <soundMeleeHitBuilding>Pawn_Melee_SmallScratch_HitBuilding</soundMeleeHitBuilding>
      <soundMeleeMiss>Pawn_Melee_SmallScratch_Miss</soundMeleeMiss>
    </race>
    <tradeTags>
      <li>StandardAnimal</li>
    </tradeTags>
  </ThingDef>
  <PawnKindDef ParentName="AnimalKindBase">
    <defName>Husky</defName>
    <label>husky</label>
    <labelPlural>huskies</labelPlural>
    <race>Husky</race>
    <combatPower>60</combatPower>
    <lifeStages>
      <li>
        <label>husky puppy</label>
        <labelPlural>husky puppies</labelPlural>
        <bodyGraphicData>
          <texPath>Things/Pawn/Animal/Husky/Husky</texPath>
          <drawSize>1.0</drawSize>
          <color>(137,133,133)</color>
          <shaderType>CutoutComplex</shaderType>
        </bodyGraphicData>
        <dessicatedBodyGraphicData>
          <texPath>Things/Pawn/Animal/Dessicated/CritterDessicatedMedium</texPath>
          <drawSize>1.0</drawSize>
        </dessicatedBodyGraphicData>
      </li>
      <li>
        <bodyGraphicData>
          <texPath>Things/Pawn/Animal/Husky/Husky</texPath>
          <drawSize>1.5</drawSize>
          <color>(137,133,133)</color>
          <shaderType>CutoutComplex</shaderType>
          <shadowData>
            <volume>(0.25, 0.3, 0.25)</volume>
            <offset>(0,0,-0.15)</offset>
          </shadowData>
        </bodyGraphicData>
        <dessicatedBodyGraphicData>
          <texPath>Things/Pawn/Animal/Dessicated/CritterDessicatedMedium</texPath>
          <drawSize>1.4</drawSize>
        </dessicatedBodyGraphicData>
      </li>
      <li>
        <bodyGraphicData>
          <texPath>Things/Pawn/Animal/Husky/Husky</texPath>
          <drawSize>1.75</drawSize>
          <color>(137,133,133)</color>
          <shaderType>CutoutComplex</shaderType>
          <shadowData>
            <volume>(0.3, 0.4, 0.3)</volume>
            <offset>(0,0,-0.15)</offset>
          </shadowData>
        </bodyGraphicData>
        <dessicatedBodyGraphicData>
          <texPath>Things/Pawn/Animal/Dessicated/CritterDessicatedMedium</texPath>
          <drawSize>1.7</drawSize>
        </dessicatedBodyGraphicData>
      </li>
    </lifeStages>
    <wildSpawn_spawnWild>false</wildSpawn_spawnWild>
  </PawnKindDef>
  
  <!-- ====================================================== -->

  <ThingDef ParentName="AnimalThingBase">
    <defName>LabradorRetriever</defName>
    <label>labrador retriever</label>
    <description>A very versatile, medium-sized dog. Originally bred to retrieve birds shot on the hunt, the lab is also an excellent guard dog, play pal, and family friend.</description>
    <statBases>
      <MoveSpeed>5.0</MoveSpeed>
      <ComfyTemperatureMin>-14</ComfyTemperatureMin>
      <MarketValue>300</MarketValue>
    </statBases>
    <verbs>
      <li>
        <verbClass>Verb_MeleeAttack</verbClass>
        <defaultCooldownTime>1.65</defaultCooldownTime>
        <meleeDamageBaseAmount>7</meleeDamageBaseAmount>
        <meleeDamageDef>Scratch</meleeDamageDef>
        <linkedBodyPartsGroup>FrontLeftPaw</linkedBodyPartsGroup>
      </li>
      <li>
        <verbClass>Verb_MeleeAttack</verbClass>
        <defaultCooldownTime>1.65</defaultCooldownTime>
        <meleeDamageBaseAmount>7</meleeDamageBaseAmount>
        <meleeDamageDef>Scratch</meleeDamageDef>
        <linkedBodyPartsGroup>FrontRightPaw</linkedBodyPartsGroup>
      </li>
      <li>
        <verbClass>Verb_MeleeAttack</verbClass>
        <defaultCooldownTime>1.65</defaultCooldownTime>
        <meleeDamageBaseAmount>9</meleeDamageBaseAmount>
        <meleeDamageDef>Bite</meleeDamageDef>
        <linkedBodyPartsGroup>Teeth</linkedBodyPartsGroup>
      </li>
    </verbs>
    <race>
      <body>QuadrupedAnimalWithPawsAndTail</body>
      <petness>1</petness>
      <herdAnimal>true</herdAnimal>
      <baseBodySize>1.0</baseBodySize>
      <baseHungerRate>0.5</baseHungerRate>
      <baseHealthScale>1.0</baseHealthScale>
      <foodType>OmnivoreAnimal, OvivoreAnimal</foodType>
      <leatherColor>(220,198,160)</leatherColor>
      <leatherLabel>labrador fur</leatherLabel>
      <leatherInsulation>0.9</leatherInsulation>
      <gestationPeriodDays>22.5</gestationPeriodDays>
      <nameOnTameChance>1</nameOnTameChance>
      <trainableIntelligence>Advanced</trainableIntelligence>
      <wildness>0</wildness>
      <nuzzleMtbHours>24</nuzzleMtbHours>
      <litterSizeCurve>
        <points>
          <li>(0.5, 0)</li>
          <li>(1, 1)</li>
          <li>(2, 1.7)</li>
          <li>(3, 0.7)</li>
          <li>(3.5, 0)</li>
        </points>
      </litterSizeCurve>
      <lifeExpectancy>12</lifeExpectancy>
      <lifeStageAges>
        <li>
          <def>AnimalBaby</def>
          <minAge>0</minAge>
        </li>
        <li>
          <def>AnimalJuvenile</def>
          <minAge>0.25</minAge>
        </li>
        <li>
          <def>AnimalAdult</def>
          <minAge>0.8</minAge>
          <soundWounded>Pawn_Dog_Injured</soundWounded>
          <soundDeath>Pawn_Dog_Death</soundDeath>
          <soundCall>Pawn_Dog_Call</soundCall>
          <soundAngry>Pawn_Dog_Angry</soundAngry>
        </li>
      </lifeStageAges>
      <soundMeleeHitPawn>Pawn_Melee_SmallScratch_HitPawn</soundMeleeHitPawn>
      <soundMeleeHitBuilding>Pawn_Melee_SmallScratch_HitBuilding</soundMeleeHitBuilding>
      <soundMeleeMiss>Pawn_Melee_SmallScratch_Miss</soundMeleeMiss>
    </race>
    <tradeTags>
      <li>StandardAnimal</li>
    </tradeTags>
  </ThingDef>
  <PawnKindDef ParentName="AnimalKindBase">
    <defName>LabradorRetriever</defName>
    <label>labrador retriever</label>
    <race>LabradorRetriever</race>
    <combatPower>55</combatPower>
    <lifeStages>
      <li>
        <label>labrador puppy</label>
        <labelPlural>labrador puppies</labelPlural>
        <bodyGraphicData>
          <texPath>Things/Pawn/Animal/Labrador/Labrador</texPath>
          <drawSize>0.95</drawSize>
          <color>(220,198,160)</color>
        </bodyGraphicData>
        <dessicatedBodyGraphicData>
          <texPath>Things/Pawn/Animal/Dessicated/CritterDessicatedMedium</texPath>
          <drawSize>0.95</drawSize>
        </dessicatedBodyGraphicData>
      </li>
      <li>
        <bodyGraphicData>
          <texPath>Things/Pawn/Animal/Labrador/Labrador</texPath>
          <drawSize>1.35</drawSize>
          <color>(220,198,160)</color>
          <shadowData>
            <volume>(0.25, 0.3, 0.25)</volume>
            <offset>(0,0,-0.15)</offset>
          </shadowData>
        </bodyGraphicData>
        <dessicatedBodyGraphicData>
          <texPath>Things/Pawn/Animal/Dessicated/CritterDessicatedMedium</texPath>
          <drawSize>1.35</drawSize>
        </dessicatedBodyGraphicData>
      </li>
      <li>
        <bodyGraphicData>
          <texPath>Things/Pawn/Animal/Labrador/Labrador</texPath>
          <drawSize>1.6</drawSize>
          <color>(220,198,160)</color>
          <shadowData>
            <volume>(0.3, 0.4, 0.3)</volume>
            <offset>(0,0,-0.15)</offset>
          </shadowData>
        </bodyGraphicData>
        <dessicatedBodyGraphicData>
          <texPath>Things/Pawn/Animal/Dessicated/CritterDessicatedMedium</texPath>
          <drawSize>1.6</drawSize>
        </dessicatedBodyGraphicData>
      </li>
    </lifeStages>
    <wildSpawn_spawnWild>false</wildSpawn_spawnWild>
  </PawnKindDef>
  
  <!-- ====================================================== -->

  <ThingDef ParentName="AnimalThingBase">
    <defName>Cat</defName>
    <label>cat</label>
    <description>One of mankind's first pets, the cat is a small mammal which hunts vermin. Known for their aloofness, cats are nevertheless popular companions because of their calmness, independence, and fine, pettable fur.</description>
    <statBases>
      <MoveSpeed>4.5</MoveSpeed>
      <ComfyTemperatureMin>-14</ComfyTemperatureMin>
      <MarketValue>250</MarketValue>
    </statBases>
    <verbs>
      <li>
        <verbClass>Verb_MeleeAttack</verbClass>
        <defaultCooldownTime>1.5</defaultCooldownTime>
        <meleeDamageBaseAmount>6</meleeDamageBaseAmount>
        <meleeDamageDef>Scratch</meleeDamageDef>
        <linkedBodyPartsGroup>FrontLeftPaw</linkedBodyPartsGroup>
        <surpriseAttack>
          <extraMeleeDamages>
            <li>
              <def>Stun</def>
              <amount>20</amount>
            </li>
          </extraMeleeDamages>
        </surpriseAttack>
      </li>
      <li>
        <verbClass>Verb_MeleeAttack</verbClass>
        <defaultCooldownTime>1.5</defaultCooldownTime>
        <meleeDamageBaseAmount>6</meleeDamageBaseAmount>
        <meleeDamageDef>Scratch</meleeDamageDef>
        <linkedBodyPartsGroup>FrontRightPaw</linkedBodyPartsGroup>
        <surpriseAttack>
          <extraMeleeDamages>
            <li>
              <def>Stun</def>
              <amount>20</amount>
            </li>
          </extraMeleeDamages>
        </surpriseAttack>
      </li>
      <li>
        <verbClass>Verb_MeleeAttack</verbClass>
        <defaultCooldownTime>1.65</defaultCooldownTime>
        <meleeDamageBaseAmount>6</meleeDamageBaseAmount>
        <meleeDamageDef>Bite</meleeDamageDef>
        <linkedBodyPartsGroup>Teeth</linkedBodyPartsGroup>
        <surpriseAttack>
          <extraMeleeDamages>
            <li>
              <def>Stun</def>
              <amount>20</amount>
            </li>
          </extraMeleeDamages>
        </surpriseAttack>
      </li>
    </verbs>
    <race>
      <body>QuadrupedAnimalWithPawsAndTail</body>
      <predator>true</predator>
      <maxPreyBodySize>0.25</maxPreyBodySize>
      <baseBodySize>0.255</baseBodySize>
      <baseHungerRate>0.1</baseHungerRate>
      <baseHealthScale>0.42</baseHealthScale>
      <foodType>CarnivoreAnimal, OvivoreAnimal</foodType>
      <leatherLabel>catskin</leatherLabel>
      <leatherColor>(189,171,159)</leatherColor>
      <leatherInsulation>0.9</leatherInsulation>
      <wildness>0.2</wildness>
      <petness>1</petness>
      <trainableIntelligence>None</trainableIntelligence>
      <mateMtbHours>6</mateMtbHours>
      <nuzzleMtbHours>24</nuzzleMtbHours>
      <gestationPeriodDays>20</gestationPeriodDays>
      <nameOnTameChance>1</nameOnTameChance>
      <litterSizeCurve>
        <points>
          <li>(0.5, 0)</li>
          <li>(1, 1)</li>
          <li>(2, 1.7)</li>
          <li>(3, 0.7)</li>
          <li>(3.5, 0)</li>
        </points>
      </litterSizeCurve>
      <lifeExpectancy>10</lifeExpectancy>
      <lifeStageAges>
        <li>
          <def>AnimalBaby</def>
          <minAge>0</minAge>
        </li>
        <li>
          <def>AnimalJuvenile</def>
          <minAge>0.15</minAge>
        </li>
        <li>
          <def>AnimalAdult</def>
          <minAge>1</minAge>
          <soundWounded>Pawn_Cat_Injured</soundWounded>
          <soundDeath>Pawn_Cat_Death</soundDeath>
          <soundCall>Pawn_Cat_Call</soundCall>
          <soundAngry>Pawn_Cat_Angry</soundAngry>
        </li>
      </lifeStageAges>
      <soundMeleeHitPawn>Pawn_Melee_SmallScratch_HitPawn</soundMeleeHitPawn>
      <soundMeleeHitBuilding>Pawn_Melee_SmallScratch_HitBuilding</soundMeleeHitBuilding>
      <soundMeleeMiss>Pawn_Melee_SmallScratch_Miss</soundMeleeMiss>
    </race>
    <tradeTags>
      <li>StandardAnimal</li>
    </tradeTags>
  </ThingDef>
  <PawnKindDef ParentName="AnimalKindBase">
    <defName>Cat</defName>
    <label>cat</label>
    <race>Cat</race>
    <combatPower>35</combatPower>
    <wildSpawn_spawnWild>false</wildSpawn_spawnWild>
    <lifeStages>
      <li>
        <label>kitten</label>
        <bodyGraphicData>
          <texPath>Things/Pawn/Animal/Cat/Cat</texPath>
          <drawSize>0.6</drawSize>
          <color>(189,171,159)</color>
        </bodyGraphicData>
        <dessicatedBodyGraphicData>
          <texPath>Things/Pawn/Animal/Dessicated/CritterDessicatedSmall</texPath>
          <drawSize>0.6</drawSize>
        </dessicatedBodyGraphicData>
      </li>
      <li>
        <bodyGraphicData>
          <texPath>Things/Pawn/Animal/Cat/Cat</texPath>
          <drawSize>0.8</drawSize>
          <color>(189,171,159)</color>
        </bodyGraphicData>
        <dessicatedBodyGraphicData>
          <texPath>Things/Pawn/Animal/Dessicated/CritterDessicatedSmall</texPath>
          <drawSize>0.8</drawSize>
        </dessicatedBodyGraphicData>
      </li>
      <li>
        <bodyGraphicData>
          <texPath>Things/Pawn/Animal/Cat/Cat</texPath>
          <drawSize>1.0</drawSize>
          <color>(189,171,159)</color>
          <shadowData>
            <volume>(0.25, 0.3, 0.25)</volume>
            <offset>(0,0,-0.15)</offset>
          </shadowData>
        </bodyGraphicData>
        <dessicatedBodyGraphicData>
          <texPath>Things/Pawn/Animal/Dessicated/CritterDessicatedSmall</texPath>
          <drawSize>1.0</drawSize>
        </dessicatedBodyGraphicData>
      </li>
    </lifeStages>
  </PawnKindDef>
  
</Defs>