﻿<?xml version="1.0" encoding="utf-8" ?>
<Defs>

  <ThingDef ParentName="AnimalThingBase">
    <defName>Cobra</defName>
    <label>cobra</label>
    <description>A large snake. Cobras can be highly aggressive if provoked - it's better to stay away from these creatures.</description>
    <statBases>
      <MoveSpeed>4.84</MoveSpeed>
      <ComfyTemperatureMin>-5</ComfyTemperatureMin>
      <MarketValue>400</MarketValue>
    </statBases>
    <verbs>
      <li>
        <verbClass>Verb_MeleeAttack</verbClass>
        <defaultCooldownTime>1.65</defaultCooldownTime>
        <meleeDamageBaseAmount>10</meleeDamageBaseAmount>
        <meleeDamageDef>ToxicBite</meleeDamageDef>
        <linkedBodyPartsGroup>Mouth</linkedBodyPartsGroup>
        <surpriseAttack>
          <extraMeleeDamages>
            <li>
              <def>Stun</def>
              <amount>20</amount>
            </li>
          </extraMeleeDamages>
        </surpriseAttack>
      </li>
    </verbs>
    <comps>
      <li Class="CompProperties_EggLayer">
        <eggFertilizedDef>EggCobraFertilized</eggFertilizedDef>
        <eggFertilizationCountMax>1</eggFertilizationCountMax>
        <eggLayIntervalDays>7.5</eggLayIntervalDays>
        <eggProgressUnfertilizedMax>0.5</eggProgressUnfertilizedMax>
        <eggCountRange>
          <min>2</min>
          <max>5</max>
        </eggCountRange>
      </li>
    </comps>
    <race>
      <body>Snake</body>
      <predator>true</predator>
      <maxPreyBodySize>0.35</maxPreyBodySize>
      <baseBodySize>0.25</baseBodySize>
      <baseHungerRate>0.07</baseHungerRate>
      <baseHealthScale>0.5</baseHealthScale>
      <foodType>CarnivoreAnimal, OvivoreAnimal</foodType>
      <leatherColor>(113,98,87)</leatherColor>
      <leatherLabel>cobraskin</leatherLabel>
      <leatherInsulation>0.5</leatherInsulation>
      <meatLabel>cobraflesh</meatLabel>
      <wildness>0.75</wildness>
      <manhunterOnTameFailChance>0.025</manhunterOnTameFailChance>
      <manhunterOnDamageChance>1</manhunterOnDamageChance>
      <gestationPeriodDays>17.5</gestationPeriodDays>
      <nameOnTameChance>1</nameOnTameChance>
      <litterSizeCurve>
        <points>
          <li>(0.5, 0)</li>
          <li>(1, 1)</li>
          <li>(3, 1)</li>
          <li>(3.5, 0)</li>
        </points>
      </litterSizeCurve>
      <lifeExpectancy>20</lifeExpectancy>
      <lifeStageAges>
        <li>
          <def>AnimalBaby</def>
          <minAge>0</minAge>
        </li>
        <li>
          <def>AnimalJuvenile</def>
          <minAge>0.25</minAge>
        </li>
        <li>
          <def>AnimalAdult</def>
          <minAge>0.8</minAge>
          <soundWounded>Pawn_Cobra_Wounded</soundWounded>
          <soundDeath>Pawn_Cobra_Death</soundDeath>
          <soundCall>Pawn_Cobra_Call</soundCall>
          <soundAngry>Pawn_Cobra_Angry</soundAngry>
        </li>
      </lifeStageAges>
      <soundMeleeHitPawn>Pawn_Melee_SmallScratch_HitPawn</soundMeleeHitPawn>
      <soundMeleeHitBuilding>Pawn_Melee_SmallScratch_HitBuilding</soundMeleeHitBuilding>
      <soundMeleeMiss>Pawn_Melee_SmallScratch_Miss</soundMeleeMiss>
    </race>
    <tradeTags>
      <li>StandardAnimal</li>
      <li>BadassAnimal</li>
    </tradeTags>
  </ThingDef>

  <PawnKindDef ParentName="AnimalKindBase">
    <defName>Cobra</defName>
    <label>cobra</label>
    <race>Cobra</race>
    <combatPower>65</combatPower>
    <wildSpawn_spawnWild>true</wildSpawn_spawnWild>
    <wildSpawn_EcoSystemWeight>0.6</wildSpawn_EcoSystemWeight>
    <lifeStages>
      <li>
        <bodyGraphicData>
          <texPath>Things/Pawn/Animal/Cobra/Cobra</texPath>
          <drawSize>1</drawSize>
        </bodyGraphicData>
        <dessicatedBodyGraphicData>
          <texPath>Things/Pawn/Animal/Dessicated/CritterDessicatedSnake</texPath>
          <drawSize>1</drawSize>
        </dessicatedBodyGraphicData>
      </li>
      <li>
        <bodyGraphicData>
          <texPath>Things/Pawn/Animal/Cobra/Cobra</texPath>
          <drawSize>1.25</drawSize>
        </bodyGraphicData>
        <dessicatedBodyGraphicData>
          <texPath>Things/Pawn/Animal/Dessicated/CritterDessicatedSnake</texPath>
          <drawSize>1.25</drawSize>
        </dessicatedBodyGraphicData>
      </li>
      <li>
        <bodyGraphicData>
          <texPath>Things/Pawn/Animal/Cobra/Cobra</texPath>
          <drawSize>1.5</drawSize>
        </bodyGraphicData>
        <dessicatedBodyGraphicData>
          <texPath>Things/Pawn/Animal/Dessicated/CritterDessicatedSnake</texPath>
          <drawSize>1.5</drawSize>
        </dessicatedBodyGraphicData>
      </li>
    </lifeStages>
  </PawnKindDef>
  
  <!-- ====================================================== -->
  
  <ThingDef ParentName="AnimalThingBase">
    <defName>Monkey</defName>
    <label>monkey</label>
    <description>This monkey can use its curly tail to grab on to branches, leaving its hands free to do other things.</description>
    <statBases>
      <MoveSpeed>4.84</MoveSpeed>
      <ComfyTemperatureMin>-5</ComfyTemperatureMin>
      <MarketValue>300</MarketValue>
    </statBases>
    <verbs>
      <li>
        <verbClass>Verb_MeleeAttack</verbClass>
        <defaultCooldownTime>1.3</defaultCooldownTime>
        <meleeDamageBaseAmount>4</meleeDamageBaseAmount>
        <meleeDamageDef>Blunt</meleeDamageDef>
        <linkedBodyPartsGroup>LeftHand</linkedBodyPartsGroup>
      </li>
      <li>
        <verbClass>Verb_MeleeAttack</verbClass>
        <defaultCooldownTime>1.3</defaultCooldownTime>
        <meleeDamageBaseAmount>4</meleeDamageBaseAmount>
        <meleeDamageDef>Blunt</meleeDamageDef>
        <linkedBodyPartsGroup>RightHand</linkedBodyPartsGroup>
      </li>
    </verbs>
    <race>
      <body>Monkey</body>
      <petness>0.25</petness>
      <baseBodySize>0.35</baseBodySize>
      <baseHungerRate>0.25</baseHungerRate>
      <baseHealthScale>0.45</baseHealthScale>
      <foodType>OmnivoreRoughAnimal</foodType>
      <leatherLabel>monkeyhide</leatherLabel>
      <leatherColor>(124,53,29)</leatherColor>
      <leatherInsulation>0.75</leatherInsulation>
      <trainableIntelligence>Advanced</trainableIntelligence>
      <wildness>0.60</wildness>
      <nuzzleMtbHours>72</nuzzleMtbHours>
      <gestationPeriodDays>16</gestationPeriodDays>
      <lifeExpectancy>30</lifeExpectancy>
      <lifeStageAges>
        <li>
          <def>AnimalBaby</def>
          <minAge>0</minAge>
        </li>
        <li>
          <def>AnimalJuvenile</def>
          <minAge>0.25</minAge>
        </li>
        <li>
          <def>AnimalAdult</def>
          <minAge>0.9</minAge>
          <soundWounded>Pawn_Monkey_Wounded</soundWounded>
          <soundDeath>Pawn_Monkey_Death</soundDeath>
          <soundCall>Pawn_Monkey_Call</soundCall>
          <soundAngry>Pawn_Monkey_Angry</soundAngry>
        </li>
      </lifeStageAges>
      <soundMeleeHitPawn>Pawn_Melee_SmallScratch_HitPawn</soundMeleeHitPawn>
      <soundMeleeHitBuilding>Pawn_Melee_SmallScratch_HitBuilding</soundMeleeHitBuilding>
      <soundMeleeMiss>Pawn_Melee_SmallScratch_Miss</soundMeleeMiss>
    </race>
    <tradeTags>
      <li>StandardAnimal</li>
      <li>BadassAnimal</li>
    </tradeTags>
  </ThingDef>

  <PawnKindDef ParentName="AnimalKindBase">
    <defName>Monkey</defName>
    <label>monkey</label>
    <race>Monkey</race>
    <combatPower>35</combatPower>
    <wildSpawn_spawnWild>true</wildSpawn_spawnWild>
    <wildSpawn_EcoSystemWeight>0.9</wildSpawn_EcoSystemWeight>
    <wildSpawn_GroupSizeRange>
      <min>3</min>
      <max>7</max>
    </wildSpawn_GroupSizeRange>
    <lifeStages>
      <li>
        <bodyGraphicData>
          <texPath>Things/Pawn/Animal/Monkey/Monkey</texPath>
          <drawSize>1</drawSize>
        </bodyGraphicData>
        <dessicatedBodyGraphicData>
          <texPath>Things/Pawn/Animal/Dessicated/CritterDessicatedMedium</texPath>
          <drawSize>1</drawSize>
        </dessicatedBodyGraphicData>
      </li>
      <li>
        <bodyGraphicData>
          <texPath>Things/Pawn/Animal/Monkey/Monkey</texPath>
          <drawSize>1.25</drawSize>
          <shadowData>
            <volume>(0.2, 0.2, 0.2)</volume>
            <offset>(0,0,-0.2)</offset>
          </shadowData>
        </bodyGraphicData>
        <dessicatedBodyGraphicData>
          <texPath>Things/Pawn/Animal/Dessicated/CritterDessicatedMedium</texPath>
          <drawSize>1.25</drawSize>
        </dessicatedBodyGraphicData>
      </li>
      <li>
        <bodyGraphicData>
          <texPath>Things/Pawn/Animal/Monkey/Monkey</texPath>
          <drawSize>1.5</drawSize>
          <shadowData>
            <volume>(0.3, 0.3, 0.3)</volume>
            <offset>(0,0,-0.2)</offset>
          </shadowData>
        </bodyGraphicData>
        <dessicatedBodyGraphicData>
          <texPath>Things/Pawn/Animal/Dessicated/CritterDessicatedMedium</texPath>
          <drawSize>1.5</drawSize>
        </dessicatedBodyGraphicData>
      </li>
    </lifeStages>
  </PawnKindDef>

  <!-- ====================================================== -->

  <ThingDef ParentName="AnimalThingBase">
    <defName>Boomalope</defName>
    <label>boomalope</label>
    <description>Engineered for chemicals production, the boomalope grows a large sac of volatile chemicals on its back. Though it is weak and fragile for its size, other animals have learned to avoid it because of the huge explosion it produces when it dies.</description>
    <statBases>
      <MoveSpeed>2.15</MoveSpeed>
      <ComfyTemperatureMin>-15</ComfyTemperatureMin>
      <MarketValue>290</MarketValue>
    </statBases>
    <verbs>
      <li>
        <verbClass>Verb_MeleeAttack</verbClass>
        <defaultCooldownTime>1.65</defaultCooldownTime>
        <meleeDamageBaseAmount>9</meleeDamageBaseAmount>
        <meleeDamageDef>Blunt</meleeDamageDef>
        <linkedBodyPartsGroup>HeadAttackTool</linkedBodyPartsGroup>
      </li>
    </verbs>
    <race>
      <body>QuadrupedAnimalWithHoovesAndHump</body>
      <deathActionWorkerClass>DeathActionWorker_BigExplosion</deathActionWorkerClass>
      <executionRange>6</executionRange>
      <herdAnimal>true</herdAnimal>
      <baseBodySize>1.5</baseBodySize>
      <baseHungerRate>1</baseHungerRate>
      <baseHealthScale>0.65</baseHealthScale>
      <foodType>VegetarianRoughAnimal</foodType>
      <leatherColor>(176,150,106)</leatherColor>
      <leatherInsulation>0.9</leatherInsulation>
      <wildness>0.6</wildness>
      <canBePredatorPrey>false</canBePredatorPrey>
      <gestationPeriodDays>30</gestationPeriodDays>
      <lifeExpectancy>15</lifeExpectancy>
      <lifeStageAges>
        <li>
          <def>AnimalBaby</def>
          <minAge>0</minAge>
        </li>
        <li>
          <def>AnimalJuvenile</def>
          <minAge>0.25</minAge>
        </li>
        <li>
          <def>AnimalAdult</def>
          <minAge>1</minAge>
          <soundWounded>Pawn_Muffalo_Wounded</soundWounded>
          <soundDeath>Pawn_Muffalo_Death</soundDeath>
          <soundCall>Pawn_Muffalo_Call</soundCall>
          <soundAngry>Pawn_Muffalo_Angry</soundAngry>
        </li>
      </lifeStageAges>
      <soundMeleeHitPawn>Pawn_Melee_BigBash_HitPawn</soundMeleeHitPawn>
      <soundMeleeHitBuilding>Pawn_Melee_BigBash_HitBuilding</soundMeleeHitBuilding>
      <soundMeleeMiss>Pawn_Melee_BigBash_Miss</soundMeleeMiss>
    </race>
    <tradeTags>
      <li>StandardAnimal</li>
      <li>BadassAnimal</li>
    </tradeTags>
  </ThingDef>
  
  <PawnKindDef ParentName="AnimalKindBase">
    <defName>Boomalope</defName>
    <label>boomalope</label>
    <race>Boomalope</race>
    <combatPower>95</combatPower>
    <wildSpawn_spawnWild>true</wildSpawn_spawnWild>
    <wildSpawn_EcoSystemWeight>0.75</wildSpawn_EcoSystemWeight>
    <wildSpawn_GroupSizeRange>
      <min>3</min>
      <max>6</max>
    </wildSpawn_GroupSizeRange>
    <lifeStages>
      <li>
        <label>boomalope calf</label>
        <labelPlural>boomalope calves</labelPlural>
        <bodyGraphicData>
          <texPath>Things/Pawn/Animal/Boomalope/Boomalope</texPath>
          <color>(176,150,106)</color>
          <drawSize>1.0</drawSize>
          <shaderType>CutoutComplex</shaderType>
          <shadowData>
            <volume>(0.4, 0.3, 0.3)</volume>
            <offset>(0,0,-0.2)</offset>
          </shadowData>
        </bodyGraphicData>
        <dessicatedBodyGraphicData>
          <texPath>Things/Pawn/Animal/Dessicated/CritterDessicatedMedium</texPath>
          <drawSize>1.3</drawSize>
        </dessicatedBodyGraphicData>
      </li>
      <li>
        <bodyGraphicData>
          <texPath>Things/Pawn/Animal/Boomalope/Boomalope</texPath>
          <color>(176,150,106)</color>
          <drawSize>1.5</drawSize>
          <shaderType>CutoutComplex</shaderType>
          <shadowData>
            <volume>(0.6, 0.45, 0.45)</volume>
            <offset>(0,0,-0.25)</offset>
          </shadowData>
        </bodyGraphicData>
        <dessicatedBodyGraphicData>
          <texPath>Things/Pawn/Animal/Dessicated/CritterDessicatedMedium</texPath>
          <drawSize>2</drawSize>
        </dessicatedBodyGraphicData>
      </li>
      <li>
        <bodyGraphicData>
          <texPath>Things/Pawn/Animal/Boomalope/Boomalope</texPath>
          <color>(176,150,106)</color>
          <drawSize>2.0</drawSize>
          <shaderType>CutoutComplex</shaderType>
          <shadowData>
            <volume>(0.8, 0.6, 0.6)</volume>
            <offset>(0,0,-0.3)</offset>
          </shadowData>
        </bodyGraphicData>
        <dessicatedBodyGraphicData>
          <texPath>Things/Pawn/Animal/Dessicated/CritterDessicatedMedium</texPath>
          <drawSize>2.5</drawSize>
        </dessicatedBodyGraphicData>
      </li>
    </lifeStages>
  </PawnKindDef>

</Defs>