﻿<?xml version="1.0" encoding="utf-8" ?>
<ThingDefs>


  <ThingDef Name="BuildingBase" Abstract="True">
    <category>Building</category>
    <soundImpactDefault>BulletImpactMetal</soundImpactDefault>
    <selectable>true</selectable>
    <drawerType>MapMeshAndRealTime</drawerType>
    <terrainAffordanceNeeded>Light</terrainAffordanceNeeded>
    <repairEffect>Repair</repairEffect>
  </ThingDef>


   <!--=============== Mortar turret ===============-->
  <ThingDef Class="Enhanced_Defence.TurretAmmo.TurretAmmoThingDef" ParentName="BuildingBase">
    <defName>Turret_MortarIncendiary</defName>
    <eType>Building_Turret</eType>
    <label>incendiary mortar</label>
    <thingClass>Enhanced_Defence.TurretAmmo.Building_TurretGun_Ammo</thingClass>
    <graphicPath>Things/Building/Security/TurretMortarBase</graphicPath>
    <graphicClass>Graphic_Single</graphicClass>
    <altitudeLayer>Waist</altitudeLayer>
    <hasInteractionCell>True</hasInteractionCell>
    <interactionSquareOffset>(0,0,-1)</interactionSquareOffset>
	<ammoType>Shells</ammoType>
	<ammoAmountUsedToFire>1</ammoAmountUsedToFire>
	<internalAmmoEnabled>true</internalAmmoEnabled>
	<internalAmmoMAX>80</internalAmmoMAX>
	<internalAmmoMultiplier>1</internalAmmoMultiplier>
	<internalAmmoCurrent>80</internalAmmoCurrent>
	<internalAmmoStartColonist>10</internalAmmoStartColonist>
    <statBases>
      <MaxHealth>180</MaxHealth>
      <Flammability>1.0</Flammability>
      <WorkToMake>2700</WorkToMake>
      <Beauty>-60</Beauty>
    </statBases>
    <tickerType>Normal</tickerType>
    <comps>
      <li>
        <compClass>CompExplosive</compClass>
        <explosiveRadius>4.9</explosiveRadius>
        <explosiveDamageType>Flame</explosiveDamageType>
      </li>
      <li>
        <compClass>CompForbiddable</compClass>
      </li>
      <li>
        <compClass>CompMannable</compClass>
      </li>
    </comps>
    <description>A mortar that launches incendiary shells. Must be manned. Explodes when damaged.</description>
    <size>(2,2)</size>
    <passability>Impassable</passability>
    <castEdgeShadows>true</castEdgeShadows>
    <fillPercent>0.4</fillPercent>
    <stuffCategories>
      <li>Metallic</li>
    </stuffCategories>
    <costStuffCount>100</costStuffCount>
    <costList>
      <Steel>150</Steel>
    </costList>
    <graphicOverdraw>true</graphicOverdraw>
    <combatTargetBuilding>true</combatTargetBuilding>
    <filthLeavings>
      <SlagRubble>2</SlagRubble>
    </filthLeavings>
    <leaveResourcesWhenKilled>true</leaveResourcesWhenKilled>
    <terrainAffordanceNeeded>Light</terrainAffordanceNeeded>
    <designationCategory>Security</designationCategory>
    <building>
      <wantsHopperAdjacent>true</wantsHopperAdjacent>
      <turretGunDef>Artillery_MortarIncendiary</turretGunDef>
      <turretBurstWarmupTicks>300</turretBurstWarmupTicks>
      <turretBurstCooldownTicks>3000</turretBurstCooldownTicks>
      <turretTopgraphicPath>Things/Building/Security/TurretMortarIncendiary_Top</turretTopgraphicPath>
      <buildingTags>
        <li>Artillery</li>
        <li>Artillery_BaseDestroyer</li>
      </buildingTags>
    </building>
    <designationHotKey>I</designationHotKey>
    <placeWorkers>
      <li>PlaceWorker_NotUnderRoof</li>
    </placeWorkers>
    <researchPrerequisite>Mortars</researchPrerequisite>
  </ThingDef>

  <!--=============== Mortar turret ===============-->
  <ThingDef Class="Enhanced_Defence.TurretAmmo.TurretAmmoThingDef" ParentName="BuildingBase">
    <defName>Turret_MortarBomb</defName>
    <eType>Building_Turret</eType>
    <label>mortar</label>
    <thingClass>Enhanced_Defence.TurretAmmo.Building_TurretGun_Ammo</thingClass>
    <graphicPath>Things/Building/Security/TurretMortarBase</graphicPath>
    <graphicClass>Graphic_Single</graphicClass>
    <altitudeLayer>Waist</altitudeLayer>
    <hasInteractionCell>True</hasInteractionCell>
    <interactionSquareOffset>(0,0,-1)</interactionSquareOffset>
	<ammoType>Shells</ammoType>
	<ammoAmountUsedToFire>1</ammoAmountUsedToFire>
	<internalAmmoEnabled>true</internalAmmoEnabled>
	<internalAmmoMAX>80</internalAmmoMAX>
	<internalAmmoMultiplier>1</internalAmmoMultiplier>
	<internalAmmoCurrent>80</internalAmmoCurrent>
	<internalAmmoStartColonist>10</internalAmmoStartColonist>
    <statBases>
      <MaxHealth>180</MaxHealth>
      <Flammability>1.0</Flammability>
      <WorkToMake>2700</WorkToMake>
      <Beauty>-60</Beauty>
    </statBases>
    <tickerType>Normal</tickerType>
    <comps>
      <li>
        <compClass>CompExplosive</compClass>
        <explosiveRadius>4.9</explosiveRadius>
        <explosiveDamageType>Bomb</explosiveDamageType>
      </li>
      <li>
        <compClass>CompForbiddable</compClass>
      </li>
      <li>
        <compClass>CompMannable</compClass>
      </li>
    </comps>
    <description>A mortar that launches explosive shells. Must be manned. Explodes when damaged.</description>
    <size>(2,2)</size>
    <passability>Impassable</passability>
    <castEdgeShadows>true</castEdgeShadows>
    <fillPercent>0.4</fillPercent>
    <stuffCategories>
      <li>Metallic</li>
    </stuffCategories>
    <costStuffCount>100</costStuffCount>
    <costList>
      <Steel>150</Steel>
    </costList>
    <graphicOverdraw>true</graphicOverdraw>
    <combatTargetBuilding>true</combatTargetBuilding>
    <filthLeavings>
      <SlagRubble>2</SlagRubble>
    </filthLeavings>
    <leaveResourcesWhenKilled>true</leaveResourcesWhenKilled>
    <terrainAffordanceNeeded>Light</terrainAffordanceNeeded>
    <designationCategory>Security</designationCategory>
    <building>
      <wantsHopperAdjacent>true</wantsHopperAdjacent>
      <turretGunDef>Artillery_MortarBomb</turretGunDef>
      <turretBurstWarmupTicks>300</turretBurstWarmupTicks>
      <turretBurstCooldownTicks>3000</turretBurstCooldownTicks>
      <turretTopgraphicPath>Things/Building/Security/TurretMortarBomb_Top</turretTopgraphicPath>
      <buildingTags>
        <li>Artillery</li>
        <li>Artillery_BaseDestroyer</li>
      </buildingTags>
    </building>
    <designationHotKey>M</designationHotKey>
    <placeWorkers>
      <li>PlaceWorker_NotUnderRoof</li>
    </placeWorkers>
    <researchPrerequisite>Mortars</researchPrerequisite>
  </ThingDef>

  <!--=============== Mortar turret ===============-->
  <ThingDef Class="Enhanced_Defence.TurretAmmo.TurretAmmoThingDef" ParentName="BuildingBase">
    <defName>Turret_MortarEMP</defName>
    <eType>Building_Turret</eType>
    <label>EMP mortar</label>
    <thingClass>Enhanced_Defence.TurretAmmo.Building_TurretGun_Ammo</thingClass>
    <graphicPath>Things/Building/Security/TurretMortarBase</graphicPath>
    <graphicClass>Graphic_Single</graphicClass>
    <altitudeLayer>Waist</altitudeLayer>
    <hasInteractionCell>True</hasInteractionCell>
    <interactionSquareOffset>(0,0,-1)</interactionSquareOffset>
	<ammoType>Shells</ammoType>
	<ammoAmountUsedToFire>1</ammoAmountUsedToFire>
	<internalAmmoEnabled>true</internalAmmoEnabled>
	<internalAmmoMAX>80</internalAmmoMAX>
	<internalAmmoMultiplier>1</internalAmmoMultiplier>
	<internalAmmoCurrent>80</internalAmmoCurrent>
	<internalAmmoStartColonist>10</internalAmmoStartColonist>
    <statBases>
      <MaxHealth>180</MaxHealth>
      <Flammability>1.0</Flammability>
      <WorkToMake>2700</WorkToMake>
      <Beauty>-60</Beauty>
    </statBases>
    <tickerType>Normal</tickerType>
    <comps>
      <li>
        <compClass>CompExplosive</compClass>
        <explosiveRadius>4.9</explosiveRadius>
        <explosiveDamageType>EMP</explosiveDamageType>
      </li>
      <li>
        <compClass>CompForbiddable</compClass>
      </li>
      <li>
        <compClass>CompMannable</compClass>
      </li>
    </comps>
    <description>A mortar that launches EMP bombs. Must be manned. Explodes when damaged.</description>
    <size>(2,2)</size>
    <passability>Impassable</passability>
    <castEdgeShadows>true</castEdgeShadows>
    <fillPercent>0.4</fillPercent>
    <stuffCategories>
      <li>Metallic</li>
    </stuffCategories>
    <costStuffCount>100</costStuffCount>
    <costList>
      <Steel>150</Steel>
     </costList>
    <graphicOverdraw>true</graphicOverdraw>
    <combatTargetBuilding>true</combatTargetBuilding>
    <filthLeavings>
      <SlagRubble>2</SlagRubble>
    </filthLeavings>
    <leaveResourcesWhenKilled>true</leaveResourcesWhenKilled>
    <terrainAffordanceNeeded>Light</terrainAffordanceNeeded>
    <designationCategory>Security</designationCategory>
    <building>
      <wantsHopperAdjacent>true</wantsHopperAdjacent>
      <turretGunDef>Artillery_MortarEMP</turretGunDef>
      <turretBurstWarmupTicks>300</turretBurstWarmupTicks>
      <turretBurstCooldownTicks>3000</turretBurstCooldownTicks>
      <turretTopgraphicPath>Things/Building/Security/TurretMortarEMP_Top</turretTopgraphicPath>
      <buildingTags>
        <li>Artillery</li>
      </buildingTags>
    </building>
    <designationHotkey>P</designationHotkey>
    <placeWorkers>
      <li>PlaceWorker_NotUnderRoof</li>
    </placeWorkers>
    <researchPrerequisite>Mortars</researchPrerequisite>
  </ThingDef>

</ThingDefs>
