﻿<?xml version="1.0" encoding="utf-8" ?>
<StatDefs>
 
    <StatDef>
    <defName>GelSpeed</defName>
    <label>Gel Replicating speed</label>
    <description>Speed at which this person turns Gel into materials.</description>
    <category>PawnWork</category>
    <defaultBaseValue>1</defaultBaseValue>
    <toStringStyle>PercentZero</toStringStyle>
    <statFactors>
      <li>WorkSpeedGlobal</li>
    </statFactors>
    <skillNeedFactors>
      <li Class="SkillNeed_BaseBonus">
        <skill>Crafting</skill>
        <baseFactor>0.4</baseFactor>
        <bonusFactor>0.06</bonusFactor>
      </li>
    </skillNeedFactors>
    <activityFactors>
      <li>
        <activity>Consciousness</activity>
        <weight>1</weight>
      </li>
      <li>
        <activity>Sight</activity>
        <weight>0.2</weight>
      </li>
      <li>
        <activity>Manipulation</activity>
        <weight>0.9</weight>
      </li>
    </activityFactors>
  </StatDef>
  
  <StatDef>
    <defName>GelEfficiency</defName>
    <label>Gel Replicating Efficiency</label>
    <description>Multiplier on the number of materials produced when this person replicates Gel.</description>
    <category>PawnWork</category>
    <defaultBaseValue>1</defaultBaseValue>
    <toStringStyle>PercentZero</toStringStyle>
    <skillNeedFactors>
      <li Class="SkillNeed_BaseBonus">
        <skill>Crafting</skill>
        <baseFactor>0.75</baseFactor>
        <bonusFactor>0.025</bonusFactor>
      </li>
    </skillNeedFactors>
    <activityFactors>
      <li>
        <activity>Sight</activity>
        <weight>0.2</weight>
      </li>
      <li>
        <activity>Manipulation</activity>
        <weight>0.9</weight>
      </li>
    </activityFactors>
  </StatDef>
  
</StatDefs>