﻿<?xml version="1.0" encoding="utf-8" ?>
<Defs>

	<!-- Replicate Slag -->
	<RecipeDef>
		<defName>TransportResourceUnit_Steel</defName>
		<label>Packages Steel for Transport to the Excalibur</label>
		<description>RU.</description>
		<jobString>Creating slag from Omni-Gel.</jobString>
		<workAmount>20</workAmount>
		<workSpeedStat>SmithingSpeed</workSpeedStat>
		<effectWorking>Smelt</effectWorking>
		<soundWorking>Recipe_MakeStoneBlocks</soundWorking>
		<ingredients>
			<li>
				<filter>
					<thingDefs>
						<li>Steel</li>
					</thingDefs>
				</filter>
				<count>50</count>
			</li>
		</ingredients>
		<products>
			<ResourceUnit>50</ResourceUnit>
		</products>
		<fixedIngredientFilter>
			<thingDefs>
				<li>ResourceUnit</li>
			</thingDefs>
		</fixedIngredientFilter>
		<workSkill>Crafting</workSkill>
		<researchPrerequisite>Research_ED_Excalibur_Fabrication_1</researchPrerequisite>
	</RecipeDef>
	
	<RecipeDef>
		<defName>TransportResourceUnit_OmniGel</defName>
		<label>Packages OmniGel for Transport to the Excalibur</label>
		<description>RU - OmniGel</description>
		<jobString>Creating slag from Omni-Gel.</jobString>
		<workAmount>20</workAmount>
		<workSpeedStat>SmithingSpeed</workSpeedStat>
		<effectWorking>Smelt</effectWorking>
		<soundWorking>Recipe_MakeStoneBlocks</soundWorking>
		<ingredients>
			<li>
				<filter>
					<thingDefs>
						<li>OmniGel</li>
					</thingDefs>
				</filter>
				<count>50</count>
			</li>
		</ingredients>
		<products>
			<ResourceUnit>50</ResourceUnit>
		</products>
		<fixedIngredientFilter>
			<thingDefs>
				<li>ResourceUnit</li>
			</thingDefs>
		</fixedIngredientFilter>
		<workSkill>Crafting</workSkill>
		<researchPrerequisite>Research_ED_Excalibur_Fabrication_2</researchPrerequisite>
	</RecipeDef>

</Defs>