﻿<?xml version="1.0" encoding="utf-8" ?>
<Defs>

	<!-- Replicate Steel -->
	<RecipeDef>
		<defName>Replicate_MK2_SteelFromOmniGel</defName>
		<label>Replicate Steel from Omni-Gel</label>
		<description>Replicates Steel from Omni-Gel.</description>
		<jobString>Creating Steel from Omni-Gel.</jobString>
		<workAmount>500</workAmount>
		<workSpeedStat>SmithingSpeed</workSpeedStat>
		<effectWorking>Smelt</effectWorking>
		<soundWorking>Recipe_MakeStoneBlocks</soundWorking>
		<ingredients>
			<li>
				<filter>
					<thingDefs>
						<li>OmniGel</li>
					</thingDefs>
				</filter>
				<count>40</count>
			</li>
		</ingredients>
		<products>
			<Steel>20</Steel>
		</products>
		<fixedIngredientFilter>
			<thingDefs>
				<li>OmniGel</li>
			</thingDefs>
		</fixedIngredientFilter>
		<workSkill>Crafting</workSkill>
	</RecipeDef>

	
	<!-- Replicate Silver -->
	<RecipeDef>
		<defName>Replicate_MK2_SilverFromOmniGel</defName>
		<label>Replicate Silver from Omni-Gel</label>
		<description>Replicates Silver from Omni-Gel.</description>
		<jobString>Creating Silver from Omni-Gel.</jobString>
		<workAmount>500</workAmount>
		<workSpeedStat>SmithingSpeed</workSpeedStat>
		<effectWorking>Smelt</effectWorking>
		<soundWorking>Recipe_MakeStoneBlocks</soundWorking>
		<ingredients>
			<li>
				<filter>
					<thingDefs>
						<li>OmniGel</li>
					</thingDefs>
				</filter>
				<count>40</count>
			</li>
		</ingredients>
		<products>
			<Silver>30</Silver>
		</products>
		<fixedIngredientFilter>
			<thingDefs>
				<li>OmniGel</li>
			</thingDefs>
		</fixedIngredientFilter>
		<workSkill>Crafting</workSkill>
	</RecipeDef>

	
	<!-- Replicate Gold -->
	<RecipeDef>
		<defName>Replicate_MK2_GoldFromOmniGel</defName>
		<label>Replicate Gold from Omni-Gel</label>
		<description>Replicates Gold from Omni-Gel.</description>
		<jobString>Creating Gold from Omni-Gel.</jobString>
		<workAmount>500</workAmount>
		<workSpeedStat>SmithingSpeed</workSpeedStat>
		<effectWorking>Smelt</effectWorking>
		<soundWorking>Recipe_MakeStoneBlocks</soundWorking>
		<ingredients>
			<li>
				<filter>
					<thingDefs>
						<li>OmniGel</li>
					</thingDefs>
				</filter>
				<count>30</count>
			</li>
		</ingredients>
		<products>
			<Gold>3</Gold>
		</products>
		<fixedIngredientFilter>
			<thingDefs>
				<li>OmniGel</li>
			</thingDefs>
		</fixedIngredientFilter>
		<workSkill>Crafting</workSkill>
	</RecipeDef>

</Defs>