﻿<?xml version="1.0" encoding="utf-8" ?>
<Buildings>


  <ThingDef Name="BuildingBase" Abstract="True">
    <category>Building</category>
    <soundImpactDefault>BulletImpactMetal</soundImpactDefault>
    <selectable>true</selectable>
    <drawerType>MapMeshAndRealTime</drawerType>
    <terrainAffordanceNeeded>Light</terrainAffordanceNeeded>
    <repairEffect>Repair</repairEffect>
  </ThingDef>

  <!--========================= Walls =============================-->



  <ThingDef ParentName="BuildingBase" Name="Wall">
    <defName>Wall</defName>
    <eType>Wall</eType>
    <label>wall</label>
    <thingClass>Building</thingClass>
    <category>Building</category>
    <description>An impassable wall. Capable of holding up a roof.</description>
    <graphicPathFolderAppearances>Things/Building/Linked/Wall</graphicPathFolderAppearances>
    <uiIconPath>Things/Building/Linked/WallSmooth_MenuIcon</uiIconPath>
    <blueprintgraphicPathSingle>Things/Building/Linked/Wall_Blueprint_Atlas</blueprintgraphicPathSingle>
    <statBases>
      <MaxHealth>225</MaxHealth>
      <WorkToBuild>100</WorkToBuild>
      <Flammability>1.0</Flammability>
    </statBases>
    <costStuffCount>6</costStuffCount>
    <altitudeLayer>BuildingTall</altitudeLayer>
    <passability>Impassable</passability>
    <castEdgeShadows>true</castEdgeShadows>
    <fillPercent>1</fillPercent>
    <coversFloor>true</coversFloor>
    <placingDraggableDimensions>1</placingDraggableDimensions>
    <tickerType>Never</tickerType>
    <rotatable>false</rotatable>
    <selectable>true</selectable>
    <neverMultiSelect>true</neverMultiSelect>
    <terrainAffordanceNeeded>Heavy</terrainAffordanceNeeded>
    <holdsRoof>true</holdsRoof>
    <designationCategory>Structure</designationCategory>
    <staticSunShadowHeight>1.0</staticSunShadowHeight>
    <blockLight>true</blockLight>
    <madeFromStuff>true</madeFromStuff>
    <building>
      <ignoreNeedsPower>true</ignoreNeedsPower>
    </building>
    <damageMultipliers>
      <li>
        <damageDef>Bomb</damageDef>
        <multiplier>3</multiplier>
      </li>
    </damageMultipliers>
    <linkDrawerType>CornerFiller</linkDrawerType>
    <linkFlags>
      <li>Rock</li>
      <li>Wall</li>
    </linkFlags>
    <filthLeavings>
      <SlagRubble>2</SlagRubble>
    </filthLeavings>
    <designationHotKey>B</designationHotKey>
  </ThingDef>


  <ThingDef ParentName="Wall">
    <defName>WallConduit</defName>
    <eType>Wall</eType>
    <label>conduit wall</label>
    <description>A wall with a built-in power conduit.</description>
    <CostList>
      <Metal>2</Metal>
    </CostList>
    <Comps>
      <li>
        <compClass>CompPowerTransmitter</compClass>
        <transmitsPower>true</transmitsPower>
      </li>
    </Comps>
  </ThingDef>


</Buildings>