﻿<?xml version="1.0" encoding="utf-8" ?>
<Defs>

	<ThingDef Name="PlantBase" Abstract="True">
		<category>Plant</category>
		<thingClass>Plant</thingClass>
		<altitudeLayer>LowPlant</altitudeLayer>
		<useHitPoints>True</useHitPoints>
		<statBases>
			<Flammability>0.8</Flammability>
		</statBases>
		<tickerType>Long</tickerType>
		<selectable>False</selectable>
		<neverMultiSelect>True</neverMultiSelect>
		<drawerType>MapMeshOnly</drawerType>
		<pathCostIgnoreRepeat>false</pathCostIgnoreRepeat>
		<graphicData>
			<shaderType>CutoutPlant</shaderType>
		</graphicData>
		<ingestible>
			<foodType>Plant</foodType>
			<preferability>RawBad</preferability>
		</ingestible>
		<plant>
			<fertilityMin>0.5</fertilityMin>
			<fertilitySensitivity>1.0</fertilitySensitivity>
			<soundHarvesting>Harvest_Standard</soundHarvesting>
			<soundHarvestFinish>Harvest_Standard_Finish</soundHarvestFinish>
			<harvestWork>190</harvestWork>
			<sowWork>260</sowWork>
			<topWindExposure>0.1</topWindExposure>
			<visualSizeRange>
				<min>0.3</min>
				<max>1.00</max>
			</visualSizeRange>
		</plant>
	</ThingDef>

	<!--=========================== OmniGel ==============================-->

	<ThingDef ParentName="PlantBase">
		<defName>PlantOmniGel</defName>
		<label>OmniGel Plant</label>
		<description>An OmniGel plant.</description>
		<graphicData>
			<texPath>Things/Items/GelPlant</texPath>
			<graphicClass>Graphic_Single</graphicClass>
		</graphicData>
		<selectable>true</selectable>
		<pathCost>10</pathCost>
		<tradeability>Never</tradeability>
		<ingestible>
			<foodType>Plant</foodType>
			<preferability>NeverForNutrition</preferability>
		</ingestible>
		<plant>
			<dieIfLeafless>true</dieIfLeafless>
			<harvestTag>Standard</harvestTag>
			<harvestedThingDef>OmniGel</harvestedThingDef>
			<harvestYield>2</harvestYield>
			<sowTags>
				<li>Ground</li>
				<li>Hydroponic</li>
			</sowTags>
			<topWindExposure>0.1</topWindExposure>
			<growDays>4.76</growDays>
			<visualSizeRange>
				<min>0.3</min>
				<max>1.05</max>
			</visualSizeRange>
		</plant>
	</ThingDef>

</Defs>