﻿<?xml version="1.0" encoding="utf-8" ?>
<Defs>

	<!-- Compressed, x10 StatFactor - MaxHitPoints -->
	<!-- ================ Sandstone ================ -->

	<ThingDef ParentName="StoneBlocksBase">
		<defName>CompressedBlocksSandstone</defName>
		<label>compressed sandstone blocks</label>
		<description>Blocks of solid sandstone. Sandstone is a relatively soft rock and chips easily.</description>
		<graphicData>
			<color>(126,104,94)</color>
		</graphicData>
		<statBases>
			<Mass>1</Mass>
			<SharpDamageMultiplier>0.5</SharpDamageMultiplier>
		</statBases>
		<stuffProps>
			<color>(126,104,94)</color>
			<soundImpactStuff>BulletImpact_Ground</soundImpactStuff>
			<soundMeleeHitSharp>MeleeHit_Stone</soundMeleeHitSharp>
			<soundMeleeHitBlunt>MeleeHit_Stone</soundMeleeHitBlunt>
			<stuffAdjective>sandstone</stuffAdjective>
			<statFactors>
				<Beauty>1.1</Beauty>  
				<MaxHitPoints>14</MaxHitPoints>
				<WorkToBuild>5.0</WorkToBuild>
				<WorkToMake>1.1</WorkToMake>
			</statFactors>
		</stuffProps>
	</ThingDef>

	
	<!-- ================ Granite ================ -->

	<ThingDef ParentName="StoneBlocksBase">
		<defName>CompressedBlocksGranite</defName>
		<label>compressed granite blocks</label>
		<description>Blocks of solid granite. Granite is a very hard stone.</description>
		<graphicData>
			<color>(105,95,97)</color>
		</graphicData>
		<statBases>
			<Mass>1.25</Mass>
			<SharpDamageMultiplier>0.65</SharpDamageMultiplier>
		</statBases>
		<stuffProps>
			<color>(105,95,97)</color>
			<soundImpactStuff>BulletImpact_Ground</soundImpactStuff>
			<soundMeleeHitSharp>MeleeHit_Stone</soundMeleeHitSharp>
			<soundMeleeHitBlunt>MeleeHit_Stone</soundMeleeHitBlunt>
			<stuffAdjective>granite</stuffAdjective>
			<statFactors>
				<MaxHitPoints>17</MaxHitPoints>
			</statFactors>
		</stuffProps>
	</ThingDef>


	<!-- ================ Limestone ================ -->

	<ThingDef ParentName="StoneBlocksBase">
		<defName>CompressedBlocksLimestone</defName>
		<label>compressed limestone blocks</label>
		<description>Blocks of solid limestone.</description>
		<graphicData>
			<color>(158,153,135)</color>
		</graphicData>
		<statBases>
			<Mass>1.1</Mass>
		</statBases>
		<stuffProps>
			<color>(158,153,135)</color>
			<soundImpactStuff>BulletImpact_Ground</soundImpactStuff>
			<soundMeleeHitSharp>MeleeHit_Stone</soundMeleeHitSharp>
			<soundMeleeHitBlunt>MeleeHit_Stone</soundMeleeHitBlunt>
			<stuffAdjective>limestone</stuffAdjective>
			<statFactors>
				<MaxHitPoints>15.5</MaxHitPoints>
			</statFactors>
		</stuffProps>
	</ThingDef>


	<!-- ================ Slate ================ -->

	<ThingDef ParentName="StoneBlocksBase">
		<defName>CompressedBlocksSlate</defName>
		<label>compressed slate blocks</label>
		<description>Blocks of solid slate. A dull-looking rock that chips easily.</description>
		<graphicData>
			<color>(70,70,70)</color>
		</graphicData>
		<statBases>
			<Mass>0.9</Mass>
		</statBases>
		<stuffProps>
			<color>(70,70,70)</color>
			<soundImpactStuff>BulletImpact_Ground</soundImpactStuff>
			<soundMeleeHitSharp>MeleeHit_Stone</soundMeleeHitSharp>
			<soundMeleeHitBlunt>MeleeHit_Stone</soundMeleeHitBlunt>
			<stuffAdjective>slate</stuffAdjective>
			<statFactors>
				<Beauty>1.1</Beauty>
				<MaxHitPoints>13</MaxHitPoints>
			</statFactors>
		</stuffProps>
	</ThingDef>

	<!-- ================ Marble ================ -->

	<ThingDef ParentName="StoneBlocksBase">
		<defName>CompressedBlocksMarble</defName>
		<label>compressed marble blocks</label>
		<description>Blocks of solid marble. Marble is a soft, beautiful stone, known for being easy to sculpt.</description>
		<graphicData>
			<color>(132,135,132)</color>
		</graphicData>
		<statBases>
			<Mass>1.25</Mass>
		</statBases>
		<stuffProps>
			<color>(132,135,132)</color>
			<soundImpactStuff>BulletImpact_Ground</soundImpactStuff>
			<soundMeleeHitSharp>MeleeHit_Stone</soundMeleeHitSharp>
			<soundMeleeHitBlunt>MeleeHit_Stone</soundMeleeHitBlunt>
			<stuffAdjective>marble</stuffAdjective>
			<statFactors>
				<Beauty>1.35</Beauty>
				<MaxHitPoints>12</MaxHitPoints>
				<WorkToBuild>5.5</WorkToBuild>
				<WorkToMake>1.15</WorkToMake>
			</statFactors>
			<statOffsets>
				<Beauty>1</Beauty>
			</statOffsets>
		</stuffProps>
	</ThingDef>

</Defs>
