<?xml version="1.0" encoding="utf-8" ?>
<ThingDefs>


	<!--================================ Abstract bases ======================================-->

	<ThingDef Name="BuildingBase" Abstract="True">
		<category>Building</category>
		<thingClass>Building</thingClass>
		<soundImpactDefault>BulletImpactMetal</soundImpactDefault>
		<selectable>true</selectable>
		<drawerType>MapMeshAndRealTime</drawerType>
		<terrainAffordanceNeeded>Light</terrainAffordanceNeeded>
		<repairEffect>Repair</repairEffect>
		<leaveResourcesWhenKilled>true</leaveResourcesWhenKilled>
		<filthLeaving>BuildingRubble</filthLeaving>
	</ThingDef>



	<!--================================ Lasers ======================================-->

	<ThingDef ParentName="BuildingBase">
		<defName>LaserDrill</defName>
		<label>Laser Drill</label>
		<thingClass>Enhanced_Development.Power.LaserDrill.Building_LaserDrill</thingClass>
		<graphicData>
			<texPath>Things/Buildings/LaserDrill</texPath>
			<graphicClass>Graphic_Single</graphicClass>
			<drawSize>(6,6)</drawSize>
		</graphicData>
		<altitudeLayer>BuildingTall</altitudeLayer>
		<passability>Impassable</passability>
		<castEdgeShadows>true</castEdgeShadows>
		<fillPercent>1</fillPercent>
		<tickerType>Rare</tickerType>
		<statBases>
			<WorkToMake>1800</WorkToMake>
			<MaxHitPoints>350</MaxHitPoints>
			<Flammability>1.0</Flammability>
		</statBases>
		<description>Mines out rock to create a large hole through to the steam networks below the planets surface.</description>
		<building>
			<wantsHopperAdjacent>false</wantsHopperAdjacent>
		</building>
		<comps>
			<li Class="CompProperties_Power">
				<compClass>CompPowerTrader</compClass>
				<basePowerConsumption>-1200</basePowerConsumption>
				<transmitsPower>true</transmitsPower>
			</li>
      <li Class="CompProperties_Flickable"/>
      <li Class="CompProperties_Breakdownable"/>
		</comps>
		<size>(6,6)</size>
		<costList>
			<Steel>500</Steel>
			<Uranium>100</Uranium>
		</costList>
		<hasInteractionCell>False</hasInteractionCell>
		<leaveResourcesWhenKilled>true</leaveResourcesWhenKilled>
		<terrainAffordanceNeeded>Heavy</terrainAffordanceNeeded>
		<designationCategory>Power</designationCategory>
		<staticSunShadowHeight>0.75</staticSunShadowHeight>
		<researchPrerequisites>
			<li>Research_LaserDrill</li>
		</researchPrerequisites>
	</ThingDef>


	<ThingDef ParentName="BuildingBase">
		<defName>LaserFiller</defName>
		<label>Laser Filler</label>
		<thingClass>Enhanced_Development.Power.LaserDrill.Building_LaserFiller</thingClass>
		<graphicData>
			<texPath>Things/Buildings/LaserFiller</texPath>
			<graphicClass>Graphic_Single</graphicClass>
			<drawSize>(3,3)</drawSize>
		</graphicData>
		<altitudeLayer>BuildingTall</altitudeLayer>
		<passability>Impassable</passability>
		<castEdgeShadows>true</castEdgeShadows>
		<fillPercent>1</fillPercent>
		<specialDisplayRadius>5</specialDisplayRadius>
		<statBases>
			<MaxHitPoints>500</MaxHitPoints>
			<WorkToMake>6000</WorkToMake>
			<Flammability>1.0</Flammability>
			<Beauty>-40</Beauty>
		</statBases>
		<tickerType>Rare</tickerType>
		<description>Removes a nearby SteamGeyser by filling it with rock and melting that rock with a laser to create a buildable surface</description>
		<size>(3,3)</size>
		<costList>
			<Steel>100</Steel>
		</costList>
		<costStuffCount>500</costStuffCount>
		<stuffCategories>
			<li>Stony</li>
		</stuffCategories>
		<comps>
			<li Class="CompProperties_Power">
				<compClass>CompPowerTrader</compClass>
				<basePowerConsumption>-1200</basePowerConsumption>
				<transmitsPower>true</transmitsPower>
			</li>
      <li Class="CompProperties_Flickable"/>
      <li Class="CompProperties_Breakdownable"/>
		</comps>
		<rotatable>false</rotatable>
		<terrainAffordanceNeeded>Heavy</terrainAffordanceNeeded>
		<designationCategory>Power</designationCategory>
		<staticSunShadowHeight>1.0</staticSunShadowHeight>
		<building>
			<soundAmbient>GeothermalPlant_Ambience</soundAmbient>
			<ignoreNeedsPower>true</ignoreNeedsPower>
		</building>
		<researchPrerequisites>
			<li>Research_LaserFiller</li>
		</researchPrerequisites>
	</ThingDef>


</ThingDefs>