<?xml version="1.0" encoding="utf-8"?>
<ModMetaData>
	<name>ED-PoweredVent</name>
	<targetVersion>0.14.1234</targetVersion>
	<author>Jaxxa</author>
	<url>https://ludeon.com/forums/index.php?topic=18995.0</url>
	<description>
Adds a Vent System that allows you to Equalise the temperature between two Rooms. Power it on to equalise the temperature between two rooms, power it off to keep the temperature separate. Made out of Stuff, has the same health as a wall made from that stuff.
	</description>
</ModMetaData>