<?xml version="1.0" encoding="utf-8"?>
<Things>

	<ThingDef Name="BuildingBase" Abstract="True">
		<category>Building</category>
		<soundImpactDefault>BulletImpactMetal</soundImpactDefault>
		<selectable>true</selectable>
		<drawerType>MapMeshAndRealTime</drawerType>
		<terrainAffordanceNeeded>Light</terrainAffordanceNeeded>
		<repairEffect>Repair</repairEffect>
		<leaveResourcesWhenKilled>true</leaveResourcesWhenKilled>
		<filthLeaving>BuildingRubble</filthLeaving>
	</ThingDef>
		
	<ThingDef ParentName="BuildingBase" Name="ShieldBase" Abstract="True">
		<category>Building</category>
		<altitudeLayer>Building</altitudeLayer>
		<leaveResourcesWhenKilled>true</leaveResourcesWhenKilled>
		<blockLight>true</blockLight>
		<drawerType>MapMeshAndRealTime</drawerType>
		<staticSunShadowHeight>1.0</staticSunShadowHeight>
		<fillPercent>1</fillPercent>
		<size>(1,1)</size>
		<rotatable>false</rotatable>
		<terrainAffordanceNeeded>Light</terrainAffordanceNeeded>
		<designationCategory>Security</designationCategory>
		<holdsRoof>false</holdsRoof>
		<specialDisplayRadius>8</specialDisplayRadius>
		<statBases>
			<MaxHitPoints>500</MaxHitPoints>
			<WorkToMake>2000</WorkToMake>
			<Flammability>1.0</Flammability>
			<Beauty>-2</Beauty>
		</statBases>
		<costList>
			<Steel>100</Steel>
			<Silver>500</Silver>
		</costList>
		<passability>Impassable</passability>
		<selectable>true</selectable>
		<tickerType>Normal</tickerType>
	</ThingDef>
	
	
	<ThingDef ParentName="ShieldBase">
		<defName>Building_Shield_Charger</defName>
		<label>Nanite Shield Charging Station</label>
		<description>Recharges Nanite Shield Modulators to colonists to protect them from injury and adds Shields to Animals. Human Shields can be crafted at the Machining Table</description>
		<thingClass>Enhanced_Development.PersonalShields.Building_Shield_Charger</thingClass>
		<researchPrerequisites><li>Personal_Shield_research</li></researchPrerequisites>
    <graphicData>
		<texPath>Things/ShieldBuilding_Red</texPath>
		<graphicClass>Graphic_Single</graphicClass>
			<drawSize>(1,1)</drawSize>
    </graphicData>
		<uiIconPath>Things/ShieldBuilding_Red</uiIconPath>
		<specialDisplayRadius>5</specialDisplayRadius>
		<comps>
			<li Class="CompProperties_Power">
				<compClass>CompPowerTrader</compClass>
				<basePowerConsumption>1000</basePowerConsumption>
			</li>
			<li Class="CompProperties_Flickable"/>
			<li Class="CompProperties_Breakdownable"/>
		</comps>
	</ThingDef>
	
</Things>