﻿<?xml version="1.0" encoding="utf-8" ?>
<Defs>


	<!-- ========================= Work tables ==========================-->

	<ThingDef ParentName="BuildingBase">
		<defName>Table_MK1_Replicator</defName>
		<label>Mark 1 Matter Replicator</label>
		<thingClass>Building_WorkTable</thingClass>
		<description>An advanced matter replication device. Allows the production of Rock and Slag Chunks.</description>
		<graphicData>
			<texPath>Things/Items/MK1Replicator</texPath>
			<graphicClass>Graphic_Single</graphicClass>
			<drawSize>(3,1)</drawSize>
		</graphicData>
		<researchPrerequisites>
			<li>Research_MK1_Replicator</li>
		</researchPrerequisites>
		<costList>
			<ComponentIndustrial>2</ComponentIndustrial>
			<Steel>100</Steel>
			<Silver>50</Silver>
		</costList>
		<altitudeLayer>Building</altitudeLayer>
		<size>(3,1)</size>
		<designationCategory>Production</designationCategory>
		<passability>Impassable</passability>
		<hasInteractionCell>True</hasInteractionCell>
		<interactionCellOffset>(0,0,-1)</interactionCellOffset>
		<surfaceType>Item</surfaceType>
		<constructEffect>ConstructMetal</constructEffect>
		<inspectorTabs>
			<li>ITab_Bills</li>
		</inspectorTabs>
		<comps>
			<li Class="CompProperties_Power">
				<compClass>CompPowerTrader</compClass>
				<basePowerConsumption>1200</basePowerConsumption>
				<transmitsPower>false</transmitsPower>
			</li>
			<li Class="CompProperties_Flickable"/>
			<li Class="CompProperties_Breakdownable"/>
			<li Class="CompProperties_Glower">
				<glowRadius>6</glowRadius>
				<glowColor>(217,112,33,0)</glowColor>
			</li>
		</comps>
		<building>
			<spawnedConceptLearnOpportunity>BillsTab</spawnedConceptLearnOpportunity>
		</building>
	</ThingDef>


	<ThingDef ParentName="BuildingBase">
		<defName>Table_MK2_Replicator</defName>
		<label>Mark 2 Matter Replicator</label>
		<thingClass>Building_WorkTable</thingClass>
		<description>An advanced matter replication device. Allows the production of Steel, Silver, Neutroamine and Gold.</description>
		<graphicData>
			<texPath>Things/Items/MK2Replicator</texPath>
			<graphicClass>Graphic_Single</graphicClass>
			<drawSize>(3,1)</drawSize>
		</graphicData>
		<researchPrerequisites>
			<li>Research_MK2_Replicator</li>
		</researchPrerequisites>
		<costList>
			<ComponentIndustrial>6</ComponentIndustrial>
			<Steel>200</Steel>
			<Silver>200</Silver>
		</costList>
		<altitudeLayer>Building</altitudeLayer>
		<size>(3,1)</size>
		<designationCategory>Production</designationCategory>
		<passability>Impassable</passability>
		<hasInteractionCell>True</hasInteractionCell>
		<interactionCellOffset>(0,0,-1)</interactionCellOffset>
		<surfaceType>Item</surfaceType>
		<constructEffect>ConstructMetal</constructEffect>
		<inspectorTabs>
			<li>ITab_Bills</li>
		</inspectorTabs>
		<comps>
			<li Class="CompProperties_Power">
				<compClass>CompPowerTrader</compClass>
				<basePowerConsumption>1200</basePowerConsumption>
				<transmitsPower>false</transmitsPower>
			</li>
			<li Class="CompProperties_Flickable"/>
			<li Class="CompProperties_Breakdownable"/>
			<li Class="CompProperties_Glower">
				<glowRadius>6</glowRadius>
				<glowColor>(217,112,33,0)</glowColor>
			</li>
		</comps>
		<building>
			<spawnedConceptLearnOpportunity>BillsTab</spawnedConceptLearnOpportunity>
		</building>
	</ThingDef>

	<ThingDef ParentName="BuildingBase">
		<defName>Table_MK3_Replicator</defName>
		<label>Mark 3 Matter Replicator</label>
		<thingClass>Building_WorkTable</thingClass>
		<description>An advanced matter replication device. Allows the production of Uranium, Plasteel, Glitterworld Medicine and Hyperweave.</description>
		<graphicData>
			<texPath>Things/Items/MK3Replicator</texPath>
			<graphicClass>Graphic_Single</graphicClass>
			<drawSize>(3,1)</drawSize>
		</graphicData>
		<researchPrerequisites>
			<li>Research_MK3_Replicator</li>
		</researchPrerequisites>
		<costList>
			<ComponentIndustrial>12</ComponentIndustrial>
			<ComponentSpacer>2</ComponentSpacer>
			<Steel>200</Steel>
			<Silver>400</Silver>
		</costList>
		<altitudeLayer>Building</altitudeLayer>
		<size>(3,1)</size>
		<designationCategory>Production</designationCategory>
		<passability>Impassable</passability>
		<hasInteractionCell>True</hasInteractionCell>
		<interactionCellOffset>(0,0,-1)</interactionCellOffset>
		<surfaceType>Item</surfaceType>
		<constructEffect>ConstructMetal</constructEffect>
		<inspectorTabs>
			<li>ITab_Bills</li>
		</inspectorTabs>
		<comps>
			<li Class="CompProperties_Power">
				<compClass>CompPowerTrader</compClass>
				<basePowerConsumption>1200</basePowerConsumption>
				<transmitsPower>false</transmitsPower>
			</li>
			<li Class="CompProperties_Flickable"/>
			<li Class="CompProperties_Breakdownable"/>
			<li Class="CompProperties_Glower">
				<glowRadius>6</glowRadius>
				<glowColor>(217,112,33,0)</glowColor>
			</li>
		</comps>
		<building>
			<spawnedConceptLearnOpportunity>BillsTab</spawnedConceptLearnOpportunity>
		</building>
	</ThingDef>

</Defs>