<?xml version="1.0" encoding="utf-8" ?>
<ResearchProjectDefs>

	<ResearchProjectDef>
		<defName>Personal_Shield_research</defName>
		<label>Personal Shield Research</label>
		<description>Using nano technology and miniaturisation a personal version of the shield generator has been developed.
		</description>
		<totalCost>15000</totalCost>
		<prerequisites>
		</prerequisites>
	</ResearchProjectDef>
	
</ResearchProjectDefs>

<!--
    <prerequisites>
      <li>ShipBasics</li>
    </prerequisites>
	
-->
