﻿<?xml version="1.0" encoding="utf-8" ?>
<Defs>

	<!-- Compressed, x10 StatFactor - MaxHitPoints -->

	<!--=============== Pure stuffs: Basics ====================-->


	<ThingDef ParentName="ResourceBase">
		<defName>CompressedSteel</defName>
		<label>compressed steel</label>
		<description>An iron-carbon metal alloy used for building a huge variety of structures, weapons, and machines.</description>
		<graphicData>
			<texPath>Things/Item/Resource/Steel</texPath>
			<graphicClass>Graphic_StackCount</graphicClass>
		</graphicData>
		<soundInteract>Metal_Drop</soundInteract>
		<soundDrop>Metal_Drop</soundDrop>
		<statBases>
			<MarketValue>1.9</MarketValue>
			<Mass>0.5</Mass>
			<StuffPower_Armor_Sharp>0.9</StuffPower_Armor_Sharp>
			<StuffPower_Armor_Blunt>0.45</StuffPower_Armor_Blunt>
			<StuffPower_Armor_Heat>0.72</StuffPower_Armor_Heat>
			<StuffPower_Insulation_Cold>3</StuffPower_Insulation_Cold>
			<StuffPower_Insulation_Heat>0</StuffPower_Insulation_Heat>
			<SharpDamageMultiplier>1</SharpDamageMultiplier>
			<BluntDamageMultiplier>1</BluntDamageMultiplier>
		</statBases>
		<useHitPoints>false</useHitPoints>
		<slagDef>ChunkSlagSteel</slagDef>
		<thingCategories>
			<li>ResourcesRaw</li>
		</thingCategories>
		<deepCommonality>4</deepCommonality>
		<deepCountPerPortion>35</deepCountPerPortion>
		<deepLumpSizeRange>
			<min>20</min>
			<max>40</max>
		</deepLumpSizeRange>
		<stuffProps>
			<categories>
				<li>Metallic</li>
			</categories>
			<commonality>1.00</commonality>
			<constructEffect>ConstructMetal</constructEffect>
			<color>(105,105,105)</color>
			<soundImpactStuff>BulletImpact_Metal</soundImpactStuff>
			<soundMeleeHitSharp>MeleeHit_Metal_Sharp</soundMeleeHitSharp>
			<soundMeleeHitBlunt>MeleeHit_Metal_Blunt</soundMeleeHitBlunt>
			<statFactors>
				<MaxHitPoints>10</MaxHitPoints>
				<Beauty>1</Beauty>
				<Flammability>0.4</Flammability>
			</statFactors>
			<smeltable>true</smeltable>
		</stuffProps>
	</ThingDef>

	<ThingDef ParentName="ResourceBase">
		<defName>CompressedPlasteel</defName>
		<label>compressed plasteel</label>
		<description>Advanced spacer tech structural material. Plasteel is extremely strong due to its unique molecular structure.</description>
		<graphicData>
			<texPath>Things/Item/Resource/Plasteel</texPath>
			<graphicClass>Graphic_StackCount</graphicClass>
		</graphicData>
		<soundInteract>Metal_Drop</soundInteract>
		<soundDrop>Metal_Drop</soundDrop>
		<useHitPoints>false</useHitPoints>
		<statBases>
			<MarketValue>9</MarketValue>
			<Mass>0.25</Mass>
			<StuffPower_Armor_Sharp>1.26</StuffPower_Armor_Sharp>
			<StuffPower_Armor_Blunt>0.63</StuffPower_Armor_Blunt>
			<StuffPower_Armor_Heat>1.08</StuffPower_Armor_Heat>
			<StuffPower_Insulation_Cold>3</StuffPower_Insulation_Cold>
			<StuffPower_Insulation_Heat>0</StuffPower_Insulation_Heat>
			<SharpDamageMultiplier>1.1</SharpDamageMultiplier>
			<BluntDamageMultiplier>0.9</BluntDamageMultiplier>
		</statBases>
		<thingCategories>
			<li>ResourcesRaw</li>
		</thingCategories>
		<deepCommonality>1</deepCommonality>
		<deepCountPerPortion>7</deepCountPerPortion>
		<deepLumpSizeRange>
			<min>2</min>
			<max>10</max>
		</deepLumpSizeRange>
		<stuffProps>
			<categories>
				<li>Metallic</li>
			</categories>
			<commonality>0.05</commonality>
			<constructEffect>ConstructMetal</constructEffect>
			<color>(160,178,181)</color>
			<soundImpactStuff>BulletImpact_Metal</soundImpactStuff>
			<soundMeleeHitSharp>MeleeHit_Metal_Sharp</soundMeleeHitSharp>
			<soundMeleeHitBlunt>MeleeHit_Metal_Blunt</soundMeleeHitBlunt>
			<statFactors>
				<MaxHitPoints>28</MaxHitPoints>
				<Beauty>1</Beauty>
				<Flammability>0.2</Flammability>
				<WorkToMake>2.2</WorkToMake>
				<WorkToBuild>2.2</WorkToBuild>
				<MeleeWeapon_CooldownMultiplier>0.8</MeleeWeapon_CooldownMultiplier>
			</statFactors>
			<smeltable>true</smeltable>
		</stuffProps>
	</ThingDef>



	<ThingDef ParentName="ResourceVerbBase">
		<defName>CompressedWoodLog</defName>
		<label>compressed wood</label>
		<description>Wood from trees or other fibrous plants. Useful for building structures and weapons. It is a good fuel for campfires and generators, and can be refined into chemfuel. In a pinch, a piece of wood can be used as a weapon or a leg.</description>
		<graphicData>
			<texPath>Things/Item/Resource/WoodLog</texPath>
			<graphicClass>Graphic_StackCount</graphicClass>
		</graphicData>
		<equippedAngleOffset>-20</equippedAngleOffset>
		<soundInteract>Wood_Drop</soundInteract>
		<soundDrop>Wood_Drop</soundDrop>
		<statBases>
			<MarketValue>1.2</MarketValue>
			<MaxHitPoints>150</MaxHitPoints>
			<Mass>0.4</Mass> 
			<Flammability>1.0</Flammability>
			<DeteriorationRate>0.5</DeteriorationRate>
			<StuffPower_Armor_Sharp>0.54</StuffPower_Armor_Sharp>
			<StuffPower_Armor_Blunt>0.54</StuffPower_Armor_Blunt>
			<StuffPower_Armor_Heat>0.9</StuffPower_Armor_Heat>
			<StuffPower_Insulation_Cold>8</StuffPower_Insulation_Cold>
			<StuffPower_Insulation_Heat>4</StuffPower_Insulation_Heat>
			<SharpDamageMultiplier>0.45</SharpDamageMultiplier>
			<BluntDamageMultiplier>0.9</BluntDamageMultiplier>
		</statBases>
		<stuffProps>
			<stuffAdjective>compressed wooden</stuffAdjective>
			<categories>
				<li>Woody</li>
			</categories>
			<commonality>1.00</commonality>
			<color>(133,97,67)</color>
			<constructEffect>ConstructWood</constructEffect>
			<appearance>Planks</appearance>
			<soundImpactStuff>BulletImpact_Wood</soundImpactStuff>
			<soundMeleeHitSharp>MeleeHit_Wood</soundMeleeHitSharp>
			<soundMeleeHitBlunt>MeleeHit_Wood</soundMeleeHitBlunt>
			<statFactors>
				<MaxHitPoints>6.5</MaxHitPoints>
				<Beauty>1</Beauty>
				<Flammability>1</Flammability>
				<WorkToMake>0.7</WorkToMake>
				<WorkToBuild>0.7</WorkToBuild>
				<DoorOpenSpeed>1.2</DoorOpenSpeed>
			</statFactors>
		</stuffProps>
		<isTechHediff>true</isTechHediff>
		<thingCategories>
			<li>ResourcesRaw</li>
		</thingCategories>
		<techHediffsTags>
			<li>Poor</li>
		</techHediffsTags>
		<tools>
			<li>
				<label>log</label>
				<capacities>
					<li>Blunt</li>
				</capacities>
				<power>10</power>
				<cooldownTime>2</cooldownTime>
			</li>
		</tools>
	</ThingDef>

</Defs>
