﻿<?xml version="1.0" encoding="utf-8" ?>
<ThingDefs>


	<!--================================ Abstract bases ======================================-->

	<ThingDef Name="BuildingBase" Abstract="True">
		<category>Building</category>
		<thingClass>Building</thingClass>
		<soundImpactDefault>BulletImpactMetal</soundImpactDefault>
		<selectable>true</selectable>
		<drawerType>MapMeshAndRealTime</drawerType>
		<terrainAffordanceNeeded>Light</terrainAffordanceNeeded>
		<repairEffect>Repair</repairEffect>
		<leaveResourcesWhenKilled>true</leaveResourcesWhenKilled>
		<filthLeaving>BuildingRubble</filthLeaving>
	</ThingDef>

	<ThingDef ParentName="BuildingBase">
		<defName>PowerCellStation</defName>
		<label>PowerCell Station</label>
		<description>Charges or discharges PowerCells.</description>
		<thingClass>ED_PowerCells.Building_PowerCellStation</thingClass>
		<tickerType>Rare</tickerType>
		<graphicData>
			<texPath>PowerCellStation</texPath>
			<graphicClass>Graphic_Single</graphicClass>
			<drawSize>(3,4)</drawSize>
			<damageData>
				<rect>(0.02,0.25,2.96,2.85)</rect>
				<cornerTL>Damage/Corner</cornerTL>
				<cornerTR>Damage/Corner</cornerTR>
			</damageData>
		</graphicData>
		<altitudeLayer>BuildingTall</altitudeLayer>
		<passability>Impassable</passability>
		<fillPercent>1</fillPercent>
		<statBases>
			<WorkToMake>2200</WorkToMake>
			<MaxHitPoints>350</MaxHitPoints>
			<Flammability>1.0</Flammability>
		</statBases>
		<building>
			<wantsHopperAdjacent>true</wantsHopperAdjacent>
		</building>
		<comps>
			<li Class="CompProperties_Power">
				<compClass>CompPowerTrader</compClass>
				<startElectricalFires>true</startElectricalFires>
				<basePowerConsumption>200</basePowerConsumption>
			</li>
			<li Class="CompProperties_Flickable"/>
			<li Class="CompProperties_Breakdownable"/>
		</comps>
		<size>(3,4)</size>
		<costList>
			<Steel>90</Steel>
			<Components>3</Components>
		</costList>
		<socialPropernessMatters>true</socialPropernessMatters>
		<interactionCellOffset>(0,0,3)</interactionCellOffset>
		<hasInteractionCell>true</hasInteractionCell>
		<terrainAffordanceNeeded>Heavy</terrainAffordanceNeeded>
		<designationCategory>Production</designationCategory>
		<constructEffect>ConstructMetal</constructEffect>
	</ThingDef>

	<!-- ========================= Work tables ==========================-->

	<ThingDef ParentName="BuildingBase">
		<DefName>Table_PowerCellCreation</DefName>
		<Label>PowerCell Creation Station</Label>
		<ThingClass>Building_WorkTable</ThingClass>
		<Description>A Tabel for Creating Power Cells.</Description>
		<graphicData>
			<texPath>MK1Replicator</texPath>
			<graphicClass>Graphic_Single</graphicClass>
			<drawSize>(3,1)</drawSize>
		</graphicData>
		<costList>
			<Components>2</Components>
			<Steel>100</Steel>
			<Silver>50</Silver>
		</costList>
		<AltitudeLayer>Waist</AltitudeLayer>
		<Size>(3,1)</Size>
		<DesignationCategory>Production</DesignationCategory>
		<Passability>Impassable</Passability>
		<hasInteractionCell>True</hasInteractionCell>
		<interactionCellOffset>(0,0,-1)</interactionCellOffset>
		<surfaceType>Item</surfaceType>
		<constructEffect>ConstructMetal</constructEffect>
		<recipes>
			<li>CREATE_POWERCELL</li>
		</recipes>
		<inspectorTabs>
			<li>ITab_Bills</li>
		</inspectorTabs>
		<comps>
			<li Class="CompProperties_Power">
				<compClass>CompPowerTrader</compClass>
				<basePowerConsumption>1200</basePowerConsumption>
				<transmitsPower>true</transmitsPower>
			</li>
			<li Class="CompProperties_Flickable"/>
			<li Class="CompProperties_Breakdownable"/>
			<li Class="CompProperties_Glower">
				<glowRadius>6</glowRadius>
				<glowColor>(217,112,33,0)</glowColor>
			</li>
		</comps>
		<building>
			<spawnedConceptLearnOpportunity>BillsTab</spawnedConceptLearnOpportunity>
		</building>
	</ThingDef>
	
</ThingDefs>