<?xml version="1.0" encoding="utf-8"?>
<ModMetaData>
	<name>ED-Shields</name>
	<packageId>Jaxxa.EnhancedDevelopment.Shields</packageId>
	<supportedVersions>
		<li>1.0</li>
		<li>1.1</li>
		<li>1.2</li>
	</supportedVersions>
	<author>Jaxxa</author>
	<loadAfter>
		<li>brrainz.harmony</li>
	</loadAfter>
	<modDependencies>
		<li>
			<packageId>brrainz.harmony</packageId>
			<displayName>Harmony</displayName>
			<steamWorkshopUrl>steam://url/CommunityFilePage/2009463077</steamWorkshopUrl>
			<downloadUrl>https://github.com/pardeike/HarmonyRimWorld/releases/latest</downloadUrl>
		</li>
	</modDependencies>
	<url>https://github.com/jaxxa/JaxxaRimworldReleaseCollection/blob/master/README.md</url>
	<description>Version: 2.1.0.0
Links to all my mods including non steam versions available at: https://github.com/jaxxa/JaxxaRimworldReleaseCollection/blob/master/README.md

This mod allows you to research and construct shield generators. They are resource and power intensive but if used correctly can greatly strengthen your defences. Shield Generators and Upgrades can be crafted from the Fabrication bench after being research.

Shield Generator:
The Shield Generator is the Core of your new defensive emplacement. Once Powered it will generate a particle shield over the immediate area that will block incoming weapon fire. You are able to customise the Size of the Shield and if it blocks Direct and/or indirect weapons fire.

Costs:
200 Steel
100 Silver
10 Advanced Components
Blocks 2000 Damage before going offline.

The shield generator can be enhanced with a number of upgrades. Once these are crafted, they can be placed next to a Shield Generator, then on the Generator click the Apply Upgrade button. This will apply the upgrade to the Shield Generator.  All Upgrades cost 100 Steel, 100 Silver and 2 Advanced Components. All except the Power Converter will increase the power draw by 100 when applied.


The following Upgrades are available.

Capacitor:
Increases the shield strength by 500.

Horizontal Projector:
Increases the maximum distance of the Shield by 5.

Vertical Projector:
Allows the shield field to be extended vertically to prevent the safe landing of Drop Pods by interrupting the systems controlling their decent, causing them to violently impact the ground. This includes allied drop pods, so you may want to switch this off before trading or quest rewards if you don’t have the Orbital Datalink Upgrade. Only one can be installed.

Orbital Datalink:
This links the Shield Generator to enhanced tactical sensors placed in orbit to allow the differentiation of friendly and hostile contacts to prevent hampering friendly operations, including both weapons fire and the deployment of Drop Pods. Only one can be installed.

Power Converter:
This allows the Shield Generator to remain functioning in the event that main power is interrupted at the expense of a slow decay of the Shield Field Integrity. Only one can be installed.




Credits:
* Darker: Origional Mod http://ludeon.com/forums/index.php?topic=2677.msg24772#msg24772
* Rilamus: Providing Art
* Operative85: Art
	</description>
</ModMetaData>