﻿<?xml version="1.0" encoding="utf-8" ?>
<ThingDefs>

  <ThingDef Name="BuildingBase" Abstract="True">
    <category>Building</category>
    <soundImpactDefault>BulletImpactMetal</soundImpactDefault>
    <selectable>true</selectable>
    <drawerType>MapMeshAndRealTime</drawerType>
    <terrainAffordanceNeeded>Light</terrainAffordanceNeeded>
    <repairEffect>Repair</repairEffect>
	<statBases>
		<WorkToMake>1800</WorkToMake>
		<MaxHealth>350</MaxHealth>
		<Flammability>1.0</Flammability>
	</statBases>
  </ThingDef>
  
  <!-- ========================= Work tables ==========================-->

  <ThingDef ParentName="BuildingBase">
    <DefName>Table_Medicine_Lab</DefName>
    <EType>BuildingComplex</EType>
    <Label>Medical Workbench</Label>
    <ThingClass>Building_WorkTable</ThingClass>
    <Description>To create medicine from more common herbs.</Description>
    <graphicPath>Things/Items/MedTable</graphicPath>
    <graphicClass>Graphic_Single</graphicClass>
    <researchPrerequisite>Research_Medical_Workbench</researchPrerequisite>
	<costList>
      <Steel>150</Steel>
      <Silver>200</Silver>
	  <Medicine>25</Medicine>
    </costList>
    <AltitudeLayer>Waist</AltitudeLayer>
    <UseStandardHealth>True</UseStandardHealth>
    <Size>(2,1)</Size>
    <graphicOverdraw>False</graphicOverdraw>
    <DesignationCategory>Production</DesignationCategory>
    <Passability>Impassable</Passability>
    <hasInteractionCell>True</hasInteractionCell>
    <interactionSquareOffset>(0,0,-1)</interactionSquareOffset>
    <itemSurface>True</itemSurface>
    <constructEffect>ConstructMetal</constructEffect>
    <recipes>
      <li>MakeMedicine</li>
    </recipes>
    <inspectorTabs>
      <li>ITab_Bills</li>
    </inspectorTabs>
    <comps>
      <li>
        <compClass>CompPowerTrader</compClass>
        <basePowerConsumption>300</basePowerConsumption>
        <startElectricalFires>true</startElectricalFires>
        <soundPowerOn>PowerOnSmall</soundPowerOn>
        <soundPowerOff>PowerOffSmall</soundPowerOff>
      </li>
    </comps>
    <building>
      <spawnedConceptLearnOpportunity>BillsTab</spawnedConceptLearnOpportunity>
    </building>
  </ThingDef>
  

</ThingDefs>