<?xml version="1.0" encoding="utf-8"?>
<ModMetaData>
	<name>ED-Combat Realism Compatibility</name>
	<author>Jaxxa</author>
	<url>https://ludeon.com/forums/index.php?topic=15606.0</url>
	<description>
	Requires: ED-Core, ED-Shields, Combat Realism v.1.4.0 (26.09.15)
This module will allow Shields from the ED-Shields module to block weapon fire from weapons that use Custom Projectiles from the Combat Realism mod.
https://ludeon.com/forums/index.php?topic=9759.0

This was built against "Combat Realism v.1.4.0 (26.09.15)", it may work with later versions depending on what changes are made, but I can make no guarantees.
The shield stats have not currently been rebalanced as this is the first technical release.
	</description>
</ModMetaData>