<?xml version="1.0" encoding="utf-8" ?>
<Defs>

	<ResearchProjectDef>
		<defName>Research_ED_Transporter</defName>
		<label>Transorter Systems</label>
		<description>Allows Transort.</description>
		<baseCost>1000</baseCost>
		<techLevel>Spacer</techLevel>
		<tab>EDSN-Excalibur</tab>
		<researchViewX>3</researchViewX>
		<researchViewY>2</researchViewY>
		<requiredResearchFacilities>
			<li>MultiAnalyzer</li>
		</requiredResearchFacilities>
		<prerequisites>
			<li>Research_ED_Excalibur_Fabrication</li>
		</prerequisites>
	</ResearchProjectDef>


</Defs>
