<?xml version="1.0" encoding="utf-8" ?>
<ThingDefs>

	<ThingDef Name="BuildingBase" Abstract="True">
		<category>Building</category>
		<soundImpactDefault>BulletImpactMetal</soundImpactDefault>
		<selectable>true</selectable>
		<drawerType>MapMeshAndRealTime</drawerType>
		<terrainAffordanceNeeded>Light</terrainAffordanceNeeded>
		<repairEffect>Repair</repairEffect>
		<leaveResourcesWhenKilled>true</leaveResourcesWhenKilled>
		<filthLeaving>BuildingRubble</filthLeaving>
	</ThingDef>

	<ThingDef ParentName="BuildingBase">
		<defName>LaserFiller</defName>
		<label>Laser Filler</label>
		<thingClass>Enhanced_Defence.Power.LaserDrill.Building_LaserFiller</thingClass>
		<graphicPath>Things/Buildings/LaserFiller</graphicPath>
		<graphicClass>Graphic_Single</graphicClass>
		<altitudeLayer>BuildingTall</altitudeLayer>
		<passability>Impassable</passability>
		<castEdgeShadows>true</castEdgeShadows>
		<fillPercent>1</fillPercent>
		<specialDisplayRadius>5</specialDisplayRadius>
		<statBases>
			<MaxHitPoints>500</MaxHitPoints>
			<WorkToMake>6000</WorkToMake>
			<Flammability>1.0</Flammability>
			<Beauty>-40</Beauty>
		</statBases>
		<tickerType>Rare</tickerType>
		<description>Removes a nearby SteamGeyser by filling it with rock and melting that rock with a laser to create a buildable surface</description>
		<size>(3,3)</size>
		<costList>
			<Steel>100</Steel>
		</costList>
		<costStuffCount>500</costStuffCount>
		<stuffCategories>
			<li>Stony</li>
		</stuffCategories>
		<graphicOverdraw>false</graphicOverdraw>
		<comps>
			<li>
				<compClass>CompPowerTrader</compClass>
				<basePowerConsumption>1200</basePowerConsumption>
				<transmitsPower>true</transmitsPower>
				<powerToggleable>false</powerToggleable>
			</li>
		</comps>
		<rotatable>false</rotatable>
		<terrainAffordanceNeeded>Heavy</terrainAffordanceNeeded>
		<designationCategory>Power</designationCategory>
		<staticSunShadowHeight>1.0</staticSunShadowHeight>
		<building>
			<soundAmbient>GeothermalPlant_Ambience</soundAmbient>
			<ignoreNeedsPower>true</ignoreNeedsPower>
		</building>
		<constructEffect>ConstructMetal</constructEffect>
		<researchPrerequisite>Research_LaserFiller</researchPrerequisite>
	</ThingDef>

</ThingDefs>