<?xml version="1.0" encoding="utf-8" ?>
<ResearchProjectDefs>

    <!--============================== Cannons ==============================-->

	<ResearchProjectDef>
		    <defName>SelfPropelledGuns</defName>
		    <label>Self Propelled Guns</label>
		    <description>SPG's ,allows access to the research of high explosives, howitzer armour plating, and the howitzer cannon.</description>
		    <totalCost>25000</totalCost>
	</ResearchProjectDef>
	
	<ResearchProjectDef>
		    <defName>HighExplosives</defName>
		    <label>High Explosives</label>
		    <description>Hi Ex, allows access to ballistics.</description>
		    <totalCost>35000</totalCost>
		    <prerequisites><li>SelfPropelledGuns</li></prerequisites>
	</ResearchProjectDef>
	
	<ResearchProjectDef>
		    <defName>Ballistics</defName>
		    <label>Ballistics</label>
		    <description>Ballistics, allows you to build the flak and artillery cannons.</description>
		    <totalCost>45000</totalCost>
		    <prerequisites><li>HighExplosives</li></prerequisites>
	</ResearchProjectDef>
	
	<ResearchProjectDef>
		    <defName>RocketScience</defName>
		    <label>Rocket Science</label>
		    <description>Rocket Science, allows you to build the Kaytusha MRL.</description>
		    <totalCost>45000</totalCost>
		    <prerequisites><li>Ballistics</li></prerequisites>
	</ResearchProjectDef>
	
	<ResearchProjectDef>
    <defName>ArtilleryArmourPlating</defName>
    <label>Artillery AP</label>
    <description>Artillery cannon gains 250 health from armour plating.</description>
    <totalCost>50000</totalCost>
	<prerequisites><li>Ballistics</li></prerequisites>
    <researchMods>
      <li>
        <targetDefTypeName>ThingDef</targetDefTypeName>
        <targetDefName>Artillery_Cannon</targetDefName>
        <targetFieldName>maxHealth</targetFieldName>
        <targetValInt>900</targetValInt>
      </li>
    </researchMods>
    </ResearchProjectDef>
  
    <ResearchProjectDef>
    <defName>HowitzerArmourPlating</defName>
    <label>Howitzer AP</label>
    <description>Howitzer cannon gains 250 health from armour plating.</description>
    <totalCost>50000</totalCost>
	<prerequisites><li>SelfPropelledGuns</li></prerequisites>
    <researchMods>
      <li>
        <targetDefTypeName>ThingDef</targetDefTypeName>
        <targetDefName>Howitzer_Cannon</targetDefName>
        <targetFieldName>maxHealth</targetFieldName>
        <targetValInt>900</targetValInt>
      </li>
    </researchMods>
    </ResearchProjectDef>
  
    <ResearchProjectDef>
    <defName>ReinforcedMetalWalls</defName>
    <label>Reinforced MW</label>
    <description>Metal walls gain 170 health from reinforcing.</description>
    <totalCost>30000</totalCost>
    <researchMods>
      <li>
        <targetDefTypeName>ThingDef</targetDefTypeName>
        <targetDefName>WallMetal</targetDefName>
        <targetFieldName>maxHealth</targetFieldName>
        <targetValInt>450</targetValInt>
      </li>
    </researchMods>
    </ResearchProjectDef>
  
    <ResearchProjectDef>
    <defName>FireResistantMetalWalls</defName>
    <label>Fire Res MW</label>
    <description>Metal walls gain fire resistance.</description>
    <totalCost>65000</totalCost>
    <researchMods>
      <li>
        <targetDefTypeName>ThingDef</targetDefTypeName>
        <targetDefName>WallMetal</targetDefName>
        <targetFieldName>flammability</targetFieldName>
        <targetValInt>0</targetValInt>
      </li>
    </researchMods>
    </ResearchProjectDef>
	
	<!--============================== Turrets ==============================-->
	
	<ResearchProjectDef>
		<defName>ImprovedTurret</defName>
		<label>Improved Turret</label>
		<description>Gun turret fires 4 shots in a burst instead of three. Has higher rate of fire, more health and is less flammable.</description>
		<totalCost>25000</totalCost>
	</ResearchProjectDef>
	
	<ResearchProjectDef>
		<defName>ImprovedTArmourPlating</defName>
		<label>Improved AP</label>
		<description>Adds 150 health to the improved turret, from armour plating.</description>
		<totalCost>25000</totalCost>
		<prerequisites><li>ImprovedTurret</li></prerequisites>
		<researchMods>
      <li>
        <targetDefTypeName>ThingDef</targetDefTypeName>
        <targetDefName>ImprovedTurretGun</targetDefName>
        <targetFieldName>maxHealth</targetFieldName>
        <targetValInt>550</targetValInt>
      </li>
    </researchMods>
	</ResearchProjectDef>

    <ResearchProjectDef>
		<defName>SniperTurret</defName>
		<label>Sniper Turret</label>
		<description>Powerful accurate sniper turret for long range shots.</description>
		<totalCost>30000</totalCost>
	</ResearchProjectDef>
	
	<ResearchProjectDef>
		<defName>SniperTArmourPlating</defName>
		<label>Sniper AP</label>
		<description>Adds 150 health to the sniper turret, from armour plating.</description>
		<totalCost>40000</totalCost>
		<prerequisites><li>SniperTurret</li></prerequisites>
		<researchMods>
      <li>
        <targetDefTypeName>ThingDef</targetDefTypeName>
        <targetDefName>SniperTurretGun</targetDefName>
        <targetFieldName>maxHealth</targetFieldName>
        <targetValInt>450</targetValInt>
      </li>
    </researchMods>
	</ResearchProjectDef>
	
	<ResearchProjectDef>
		<defName>WeaponSystems</defName>
		<label>Weapon Systems</label>
		<description>Adds advanced Weapons systems and allows the building of heavy turrets.</description>
		<totalCost>25000</totalCost>
		<prerequisites><li>ImprovedTurret</li></prerequisites>
	</ResearchProjectDef>

	<ResearchProjectDef>
		<defName>IncendiaryRounds</defName>
		<label>Incendiary Rounds</label>
		<description>Makes a new gun turret available that fires incendiary rounds.</description>
		<totalCost>35000</totalCost>
		<prerequisites><li>ImprovedTurret</li></prerequisites>
	</ResearchProjectDef>
	
	<ResearchProjectDef>
		<defName>IncendiaryTArmourPlating</defName>
		<label>Incendiary AP</label>
		<description>Adds 150 health to the incendiary turret, from armour plating.</description>
		<totalCost>30000</totalCost>
		<prerequisites><li>IncendiaryRounds</li></prerequisites>
		<researchMods>
      <li>
        <targetDefTypeName>ThingDef</targetDefTypeName>
        <targetDefName>IncendiaryTurretGun</targetDefName>
        <targetFieldName>maxHealth</targetFieldName>
        <targetValInt>650</targetValInt>
      </li>
    </researchMods>
	</ResearchProjectDef>
	
	<ResearchProjectDef>
		<defName>HeavyTArmourPlating</defName>
		<label>Heavy AP</label>
		<description>Adds 150 health to the heavy turret, from armour plating.</description>
		<totalCost>35000</totalCost>
		<prerequisites><li>WeaponSystems</li></prerequisites>
		<researchMods>
      <li>
        <targetDefTypeName>ThingDef</targetDefTypeName>
        <targetDefName>HeavyTurretGun</targetDefName>
        <targetFieldName>maxHealth</targetFieldName>
        <targetValInt>950</targetValInt>
      </li>
    </researchMods>
	</ResearchProjectDef>

	<ResearchProjectDef>
		<defName>EnergyWeapons</defName>
		<label>Energy Weapons</label>
		<description>Energy Turret to be fitted with energy weapon systems similar to the R-4 charge rifle. Needed to build Energy Turrets.</description>
		<totalCost>35000</totalCost>
		<prerequisites><li>WeaponSystems</li></prerequisites>
	</ResearchProjectDef>
	
	<ResearchProjectDef>
		<defName>EnergyTArmourPlating</defName>
		<label>Energy AP</label>
		<description>Adds 150 health to the energy turret, from armour plating.</description>
		<totalCost>40000</totalCost>
		<prerequisites><li>EnergyWeapons</li></prerequisites>
		<researchMods>
      <li>
        <targetDefTypeName>ThingDef</targetDefTypeName>
        <targetDefName>EnergyTurretGun</targetDefName>
        <targetFieldName>maxHealth</targetFieldName>
        <targetValInt>950</targetValInt>
      </li>
    </researchMods>
	</ResearchProjectDef>
	
</ResearchProjectDefs>