﻿<?xml version="1.0" encoding="utf-8" ?>
<Defs>


	<!--This is a Copy of the Wall from Core, having my own copy should stop incompatibilities with things that change wall -->
  <ThingDef ParentName="BuildingBase" Name="ED-Embrasure-Wall" Abstract="True">
    <defName>ED-Embrasure-Wall</defName>
    <label>ED-Embrasure-Wall</label>
    <description>An impassable wall. Capable of holding up a roof.</description>
    <thingClass>Building</thingClass>
    <category>Building</category>
    <graphicData>
      <texPath>Things/Building/Linked/Wall</texPath>
      <graphicClass>Graphic_Appearances</graphicClass>
      <linkType>CornerFiller</linkType>
      <linkFlags>
        <li>Wall</li>
        <li>Rock</li>
      </linkFlags>
      <damageData>
        <cornerTL>Damage/Corner</cornerTL>
        <cornerTR>Damage/Corner</cornerTR>
        <cornerBL>Damage/Corner</cornerBL>
        <cornerBR>Damage/Corner</cornerBR>
        <edgeTop>Damage/Edge</edgeTop>
        <edgeBot>Damage/Edge</edgeBot>
        <edgeLeft>Damage/Edge</edgeLeft>
        <edgeRight>Damage/Edge</edgeRight>
      </damageData>
    </graphicData>
    <uiIconPath>Things/Building/Linked/WallSmooth_MenuIcon</uiIconPath>
    <statBases>
      <MaxHitPoints>350</MaxHitPoints>
      <WorkToBuild>135</WorkToBuild>
      <Flammability>1.0</Flammability>
    </statBases>
    <costStuffCount>5</costStuffCount>
    <leaveResourcesWhenKilled>false</leaveResourcesWhenKilled>
    <altitudeLayer>Building</altitudeLayer>
    <passability>Impassable</passability>
    <blockWind>true</blockWind>
    <castEdgeShadows>true</castEdgeShadows>
    <fillPercent>1</fillPercent>
    <coversFloor>true</coversFloor>
    <placingDraggableDimensions>1</placingDraggableDimensions>
    <tickerType>Never</tickerType>
    <rotatable>false</rotatable>
    <selectable>true</selectable>
    <neverMultiSelect>true</neverMultiSelect>
    <terrainAffordanceNeeded>Medium</terrainAffordanceNeeded>
    <holdsRoof>true</holdsRoof>
    <designationCategory>Structure</designationCategory>
    <staticSunShadowHeight>1.0</staticSunShadowHeight>
    <blockLight>true</blockLight>
    <canOverlapZones>false</canOverlapZones>
    <stuffCategories>
      <li>Metallic</li>
      <li>Woody</li>
      <li>Stony</li>
    </stuffCategories>
    <building>
      <isInert>true</isInert>
      <ai_chillDestination>false</ai_chillDestination>
      <blueprintGraphicData>
        <texPath>Things/Building/Linked/Wall_Blueprint_Atlas</texPath>
      </blueprintGraphicData>
    </building>
    <damageMultipliers>
      <li>
        <damageDef>Bomb</damageDef>
        <multiplier>2</multiplier>
      </li>
    </damageMultipliers>
    <designationHotKey>Misc3</designationHotKey>
  </ThingDef>
  
	<!--Embrasure from ED-Embrasure -->
	<ThingDef Name="ED_Embrasure" ParentName="ED-Embrasure-Wall">
		<defName>ED_Embrasure</defName>
		<label>Embrasure</label>
		<description>An opening in the metal wall allows shooting and throwing grenades from the safety of your home.</description>
		<costStuffCount>15</costStuffCount>
		<statBases>
			<WorkToBuild>600</WorkToBuild>
		</statBases>
		<fillPercent>0.70</fillPercent>
		<uiIconPath>UI/ED-Embrasures</uiIconPath>
		<graphicData>
			<texPath>Things/Building/Linked/Embrasure</texPath>
			<graphicClass>Graphic_Appearances</graphicClass>
		</graphicData>
	</ThingDef>

</Defs>
