﻿<?xml version="1.0" encoding="utf-8" ?>
<ThingDefs>


  <ThingDef ParentName="AnimalThingBase">
    <defName>Deer</defName>
    <label>deer</label>
    <description>A medium-sized herding herbivore. Generally peaceful unless disturbed.</description>
    <statBases>
      <MoveSpeed>4.84</MoveSpeed>
      <ComfyTemperatureMin>-30</ComfyTemperatureMin>
      <MarketValue>200</MarketValue>
    </statBases>
    <verbs>
      <li>
        <verbClass>Verb_MeleeAttack</verbClass>
        <defaultCooldownTicks>100</defaultCooldownTicks>
        <meleeDamageBaseAmount>7</meleeDamageBaseAmount>
        <meleeDamageDef>Blunt</meleeDamageDef>
        <linkedBodyPartsGroup>FrontLeftLeg</linkedBodyPartsGroup>
      </li>
      <li>
        <verbClass>Verb_MeleeAttack</verbClass>
        <defaultCooldownTicks>100</defaultCooldownTicks>
        <meleeDamageBaseAmount>7</meleeDamageBaseAmount>
        <meleeDamageDef>Blunt</meleeDamageDef>
        <linkedBodyPartsGroup>FrontRightLeg</linkedBodyPartsGroup>
      </li>
    </verbs>
    <race>
      <body>QuadrupedAnimalWithHooves</body>
      <herdAnimal>true</herdAnimal>
      <baseBodySize>0.9</baseBodySize>
      <baseHungerRate>0.45</baseHungerRate>
      <baseHealthScale>0.9</baseHealthScale>
      <foodType>VegetarianRoughAnimal</foodType>
      <leatherColor>(162,106,57)</leatherColor>
      <leatherLabel>deerhide</leatherLabel>
      <leatherInsulation>0.9</leatherInsulation>
      <meatLabel>venison</meatLabel>
      <wildness>0.75</wildness>
      <nuzzleMtbHours>120</nuzzleMtbHours>
      <gestationPeriodDays>22.5</gestationPeriodDays>
      <lifeExpectancy>15</lifeExpectancy>
      <lifeStageAges>
        <li>
          <def>AnimalBaby</def>
          <minAge>0</minAge>
        </li>
        <li>
          <def>AnimalJuvenile</def>
          <minAge>0.25</minAge>
        </li>
        <li>
          <def>AnimalAdult</def>
          <minAge>0.8</minAge>
          <soundWounded>Pawn_Deer_Wounded</soundWounded>
          <soundDeath>Pawn_Deer_Death</soundDeath>
          <soundCall>Pawn_Deer_Call</soundCall>
          <soundAngry>Pawn_Deer_Angry</soundAngry>
        </li>
      </lifeStageAges>
      <soundMeleeHitPawn>Pawn_Melee_BigBash_HitPawn</soundMeleeHitPawn>
      <soundMeleeHitBuilding>Pawn_Melee_BigBash_HitBuilding</soundMeleeHitBuilding>
      <soundMeleeMiss>Pawn_Melee_BigBash_Miss</soundMeleeMiss>
    </race>
    <tradeTags>
      <li>StandardAnimal</li>
    </tradeTags>
  </ThingDef>
  
  <PawnKindDef ParentName="AnimalKindBase">
    <defName>Deer</defName>
    <label>deer</label>
    <race>Deer</race>
    <combatPower>50</combatPower>
    <wildSpawn_spawnWild>true</wildSpawn_spawnWild>
    <wildSpawn_EcoSystemWeight>0.7</wildSpawn_EcoSystemWeight>
    <wildSpawn_GroupSizeRange>
      <min>3</min>
      <max>9</max>
    </wildSpawn_GroupSizeRange>
    <labelMale>buck</labelMale>
    <labelFemale>doe</labelFemale>
    <lifeStages>
      <li>
        <bodyGraphicData>
          <texPath>Things/Pawn/Animal/Deer/DeerBaby</texPath>
          <drawSize>1.1</drawSize>
          <color>(140,74,41)</color>
          <shaderType>CutoutComplex</shaderType>
        </bodyGraphicData>
        <dessicatedBodyGraphicData>
          <texPath>Things/Pawn/Animal/Dessicated/CritterDessicatedMedium</texPath>
          <drawSize>1.0</drawSize>
        </dessicatedBodyGraphicData>
      </li>
      <li>
        <bodyGraphicData>
          <texPath>Things/Pawn/Animal/Deer/DeerBaby</texPath>
          <drawSize>1.5</drawSize>
          <color>(140,74,41)</color>
          <shaderType>CutoutComplex</shaderType>
          <shadowData>
            <volume>(0.3, 0.3, 0.3)</volume>
            <offset>(0,0,-0.3)</offset>
          </shadowData>
        </bodyGraphicData>
        <dessicatedBodyGraphicData>
          <texPath>Things/Pawn/Animal/Dessicated/CritterDessicatedMedium</texPath>
          <drawSize>1.15</drawSize>
        </dessicatedBodyGraphicData>
      </li>
      <li>
        <bodyGraphicData>
          <texPath>Things/Pawn/Animal/Deer/DeerMale</texPath>
          <drawSize>3.45</drawSize>
          <color>(156,112,62)</color>
          <shaderType>CutoutComplex</shaderType>
          <shadowData>
            <volume>(0.4, 0.4, 0.4)</volume>
            <offset>(0,0,-0.2)</offset>
          </shadowData>
        </bodyGraphicData>
        <femaleGraphicData>
          <texPath>Things/Pawn/Animal/Deer/DeerFemale</texPath>
          <drawSize>1.55</drawSize>
          <color>(188,146,110)</color>
          <shaderType>CutoutComplex</shaderType>
          <shadowData>
            <volume>(0.4, 0.4, 0.4)</volume>
            <offset>(0,0,-0.2)</offset>
          </shadowData>
        </femaleGraphicData>
        <dessicatedBodyGraphicData>
          <texPath>Things/Pawn/Animal/Dessicated/CritterDessicatedMedium</texPath>
          <drawSize>1.35</drawSize>
        </dessicatedBodyGraphicData>
      </li>
    </lifeStages>
  </PawnKindDef>

  <!-- ====================================================== -->

  <ThingDef ParentName="AnimalThingBase">
    <defName>Ibex</defName>
    <label>ibex</label>
    <description>The hardy wild ancestor of the domesticated goat. Ibexes live on marginal territory that most antelopes couldn't survive, eating lichens and sparse mountain plants. They're famous for dextrously hopping across bare cliff faces - and for their violent ramming attack.</description>
    <statBases>
      <MoveSpeed>4.4</MoveSpeed>
      <ComfyTemperatureMin>-30</ComfyTemperatureMin>
      <MarketValue>200</MarketValue>
    </statBases>
    <verbs>
      <li>
        <verbClass>Verb_MeleeAttack</verbClass>
        <defaultCooldownTicks>100</defaultCooldownTicks>
        <meleeDamageBaseAmount>7</meleeDamageBaseAmount>
        <meleeDamageDef>Blunt</meleeDamageDef>
        <linkedBodyPartsGroup>FrontLeftLeg</linkedBodyPartsGroup>
      </li>
      <li>
        <verbClass>Verb_MeleeAttack</verbClass>
        <defaultCooldownTicks>100</defaultCooldownTicks>
        <meleeDamageBaseAmount>7</meleeDamageBaseAmount>
        <meleeDamageDef>Blunt</meleeDamageDef>
        <linkedBodyPartsGroup>FrontRightLeg</linkedBodyPartsGroup>
      </li>
    </verbs>
    <race>
      <body>QuadrupedAnimalWithHooves</body>
      <herdAnimal>true</herdAnimal>
      <baseBodySize>0.85</baseBodySize>
      <baseHungerRate>0.35</baseHungerRate>
      <baseHealthScale>0.85</baseHealthScale>
      <foodType>VegetarianRoughAnimal</foodType>
      <leatherColor>(153,129,113)</leatherColor>
      <leatherLabel>goathide</leatherLabel>
      <leatherInsulation>0.9</leatherInsulation>
      <wildness>0.55</wildness>
      <gestationPeriodDays>22.5</gestationPeriodDays>
      <lifeExpectancy>15</lifeExpectancy>
      <lifeStageAges>
        <li>
          <def>AnimalBaby</def>
          <minAge>0</minAge>
        </li>
        <li>
          <def>AnimalJuvenile</def>
          <minAge>0.25</minAge>
        </li>
        <li>
          <def>AnimalAdult</def>
          <minAge>0.8</minAge>
          <soundWounded>Pawn_Deer_Wounded</soundWounded>
          <soundDeath>Pawn_Deer_Death</soundDeath>
          <soundCall>Pawn_Deer_Call</soundCall>
          <soundAngry>Pawn_Deer_Angry</soundAngry>
        </li>
      </lifeStageAges>
      <soundMeleeHitPawn>Pawn_Melee_BigBash_HitPawn</soundMeleeHitPawn>
      <soundMeleeHitBuilding>Pawn_Melee_BigBash_HitBuilding</soundMeleeHitBuilding>
      <soundMeleeMiss>Pawn_Melee_BigBash_Miss</soundMeleeMiss>
    </race>
    <tradeTags>
      <li>StandardAnimal</li>
    </tradeTags>
  </ThingDef>

  <PawnKindDef ParentName="AnimalKindBase">
    <defName>Ibex</defName>
    <label>ibex</label>
    <race>Ibex</race>
    <combatPower>50</combatPower>
    <wildSpawn_spawnWild>true</wildSpawn_spawnWild>
    <wildSpawn_EcoSystemWeight>0.7</wildSpawn_EcoSystemWeight>
    <wildSpawn_GroupSizeRange>
      <min>1</min>
      <max>3</max>
    </wildSpawn_GroupSizeRange>
    <labelMale>ibex ram</labelMale>
    <labelFemale>ibex doe</labelFemale>
    <lifeStages>
      <li>
        <bodyGraphicData>
          <texPath>Things/Pawn/Animal/Ibex/IbexFemale</texPath>
          <drawSize>1.0</drawSize>
          <color>(153,129,113)</color>
          <shaderType>CutoutComplex</shaderType>
        </bodyGraphicData>
        <dessicatedBodyGraphicData>
          <texPath>Things/Pawn/Animal/Dessicated/CritterDessicatedMedium</texPath>
          <drawSize>1.0</drawSize>
        </dessicatedBodyGraphicData>
      </li>
      <li>
        <bodyGraphicData>
          <texPath>Things/Pawn/Animal/Ibex/IbexFemale</texPath>
          <drawSize>1.3</drawSize>
          <color>(153,129,113)</color>
          <shaderType>CutoutComplex</shaderType>
          <shadowData>
            <volume>(0.3, 0.3, 0.3)</volume>
            <offset>(0,0,-0.3)</offset>
          </shadowData>
        </bodyGraphicData>
        <dessicatedBodyGraphicData>
          <texPath>Things/Pawn/Animal/Dessicated/CritterDessicatedMedium</texPath>
          <drawSize>1.3</drawSize>
        </dessicatedBodyGraphicData>
      </li>
      <li>
        <bodyGraphicData>
          <texPath>Things/Pawn/Animal/Ibex/IbexMale</texPath>
          <drawSize>1.8</drawSize>
          <color>(136,100,75)</color>
          <shaderType>CutoutComplex</shaderType>
          <shadowData>
            <volume>(0.4, 0.4, 0.4)</volume>
            <offset>(0,0,-0.2)</offset>
          </shadowData>
        </bodyGraphicData>
        <femaleGraphicData>
          <texPath>Things/Pawn/Animal/Ibex/IbexFemale</texPath>
          <drawSize>1.7</drawSize>
          <color>(153,129,113)</color>
          <shaderType>CutoutComplex</shaderType>
          <shadowData>
            <volume>(0.4, 0.4, 0.4)</volume>
            <offset>(0,0,-0.2)</offset>
          </shadowData>
        </femaleGraphicData>
        <dessicatedBodyGraphicData>
          <texPath>Things/Pawn/Animal/Dessicated/CritterDessicatedMedium</texPath>
          <drawSize>1.7</drawSize>
        </dessicatedBodyGraphicData>
      </li>
    </lifeStages>
  </PawnKindDef>

  <!-- ====================================================== -->

  <ThingDef ParentName="AnimalThingBase">
    <defName>Elk</defName>
    <label>elk</label>
    <description>A large member of the deer family, well-adapted to life in cold climates.</description>
    <statBases>
      <MoveSpeed>4.84</MoveSpeed>
      <ComfyTemperatureMin>-45</ComfyTemperatureMin>
      <MarketValue>550</MarketValue>
    </statBases>
    <comps>
      <li Class="CompProperties_Milkable">
        <milkDef>Milk</milkDef>
        <milkIntervalDays>2</milkIntervalDays>
        <milkAmount>6</milkAmount>
      </li>
    </comps>
    <verbs>
      <li>
        <verbClass>Verb_MeleeAttack</verbClass>
        <defaultCooldownTicks>110</defaultCooldownTicks>
        <meleeDamageBaseAmount>11</meleeDamageBaseAmount>
        <meleeDamageDef>Blunt</meleeDamageDef>
        <linkedBodyPartsGroup>FrontLeftLeg</linkedBodyPartsGroup>
      </li>
      <li>
        <verbClass>Verb_MeleeAttack</verbClass>
        <defaultCooldownTicks>110</defaultCooldownTicks>
        <meleeDamageBaseAmount>11</meleeDamageBaseAmount>
        <meleeDamageDef>Blunt</meleeDamageDef>
        <linkedBodyPartsGroup>FrontRightLeg</linkedBodyPartsGroup>
      </li>
    </verbs>
    <race>
      <body>QuadrupedAnimalWithHooves</body>
      <herdAnimal>true</herdAnimal>
      <baseBodySize>1.9</baseBodySize>
      <baseHungerRate>0.95</baseHungerRate>
      <baseHealthScale>1.9</baseHealthScale>
      <foodType>VegetarianRoughAnimal</foodType>
      <leatherColor>(162,106,57)</leatherColor>
      <leatherLabel>elkhide</leatherLabel>
      <leatherInsulation>1.0</leatherInsulation>
      <wildness>0.75</wildness>
      <gestationPeriodDays>25</gestationPeriodDays>
      <lifeExpectancy>18</lifeExpectancy>
      <lifeStageAges>
        <li>
          <def>AnimalBaby</def>
          <minAge>0</minAge>
        </li>
        <li>
          <def>AnimalJuvenile</def>
          <minAge>0.35</minAge>
        </li>
        <li>
          <def>AnimalAdult</def>
          <minAge>1</minAge>
          <soundWounded>Pawn_Elk_Wounded</soundWounded>
          <soundDeath>Pawn_Elk_Death</soundDeath>
          <soundCall>Pawn_Elk_Call</soundCall>
          <soundAngry>Pawn_Elk_Angry</soundAngry>
        </li>
      </lifeStageAges>
      <soundMeleeHitPawn>Pawn_Melee_BigBash_HitPawn</soundMeleeHitPawn>
      <soundMeleeHitBuilding>Pawn_Melee_BigBash_HitBuilding</soundMeleeHitBuilding>
      <soundMeleeMiss>Pawn_Melee_BigBash_Miss</soundMeleeMiss>
    </race>
    <tradeTags>
      <li>StandardAnimal</li>
    </tradeTags>
  </ThingDef>
  
  <PawnKindDef ParentName="AnimalKindBase">
    <defName>Elk</defName>
    <label>elk</label>
    <race>Elk</race>
    <combatPower>130</combatPower>
    <wildSpawn_spawnWild>true</wildSpawn_spawnWild>
    <wildSpawn_EcoSystemWeight>0.9</wildSpawn_EcoSystemWeight>
    <wildSpawn_GroupSizeRange>
      <min>3</min>
      <max>9</max>
    </wildSpawn_GroupSizeRange>
    <lifeStages>
      <li>
        <label>elk calf</label>
        <bodyGraphicData>
          <texPath>Things/Pawn/Animal/Elk/ElkFemale</texPath>
          <drawSize>1.5</drawSize>
        </bodyGraphicData>
        <dessicatedBodyGraphicData>
          <texPath>Things/Pawn/Animal/Dessicated/CritterDessicatedMedium</texPath>
          <drawSize>1.5</drawSize>
        </dessicatedBodyGraphicData>
      </li>
      <li>
        <bodyGraphicData>
          <texPath>Things/Pawn/Animal/Elk/ElkMale</texPath>
          <drawSize>2.30</drawSize>
          <shadowData>
            <volume>(0.375, 0.375, 0.375)</volume>
            <offset>(0,0,-0.3)</offset>
          </shadowData>
        </bodyGraphicData>
        <femaleGraphicData>
          <texPath>Things/Pawn/Animal/Elk/ElkFemale</texPath>
          <drawSize>2.20</drawSize>
          <shadowData>
            <volume>(0.375, 0.375, 0.375)</volume>
            <offset>(0,0,-0.3)</offset>
          </shadowData>
        </femaleGraphicData>
        <dessicatedBodyGraphicData>
          <texPath>Things/Pawn/Animal/Dessicated/CritterDessicatedMedium</texPath>
          <drawSize>2.1</drawSize>
        </dessicatedBodyGraphicData>
      </li>
      <li>
        <bodyGraphicData>
          <texPath>Things/Pawn/Animal/Elk/ElkMale</texPath>
          <drawSize>3.1</drawSize>
          <shadowData>
            <volume>(0.5, 0.5, 0.5)</volume>
            <offset>(0,0,-0.3)</offset>
          </shadowData>
        </bodyGraphicData>
        <femaleGraphicData>
          <texPath>Things/Pawn/Animal/Elk/ElkFemale</texPath>
          <drawSize>2.95</drawSize>
          <shadowData>
            <volume>(0.5, 0.5, 0.5)</volume>
            <offset>(0,0,-0.3)</offset>
          </shadowData>
        </femaleGraphicData>
        <dessicatedBodyGraphicData>
          <texPath>Things/Pawn/Animal/Dessicated/CritterDessicatedMedium</texPath>
          <drawSize>2.5</drawSize>
        </dessicatedBodyGraphicData>
      </li>
    </lifeStages>
  </PawnKindDef>
  
  <!-- ====================================================== -->

  <ThingDef ParentName="AnimalThingBase">
    <defName>Caribou</defName>
    <label>caribou</label>
    <description>A large member of the deer family, well-adapted to life in cold climates.</description>
    <statBases>
      <MoveSpeed>4.84</MoveSpeed>
      <ComfyTemperatureMin>-45</ComfyTemperatureMin>
      <MarketValue>550</MarketValue>
    </statBases>
    <comps>
      <li Class="CompProperties_Milkable">
        <milkDef>Milk</milkDef>
        <milkIntervalDays>2</milkIntervalDays>
        <milkAmount>6</milkAmount>
      </li>
    </comps>
    <verbs>
      <li>
        <verbClass>Verb_MeleeAttack</verbClass>
        <defaultCooldownTicks>110</defaultCooldownTicks>
        <meleeDamageBaseAmount>11</meleeDamageBaseAmount>
        <meleeDamageDef>Blunt</meleeDamageDef>
        <linkedBodyPartsGroup>FrontLeftLeg</linkedBodyPartsGroup>
      </li>
      <li>
        <verbClass>Verb_MeleeAttack</verbClass>
        <defaultCooldownTicks>110</defaultCooldownTicks>
        <meleeDamageBaseAmount>11</meleeDamageBaseAmount>
        <meleeDamageDef>Blunt</meleeDamageDef>
        <linkedBodyPartsGroup>FrontRightLeg</linkedBodyPartsGroup>
      </li>
    </verbs>
    <race>
      <body>QuadrupedAnimalWithHooves</body>
      <herdAnimal>true</herdAnimal>
      <baseBodySize>1.9</baseBodySize>
      <baseHungerRate>0.95</baseHungerRate>
      <baseHealthScale>1.9</baseHealthScale>
      <foodType>VegetarianRoughAnimal</foodType>
      <leatherColor>(173,99,77)</leatherColor>
      <leatherInsulation>1.0</leatherInsulation>
      <wildness>0.75</wildness>
      <gestationPeriodDays>25</gestationPeriodDays>
      <lifeExpectancy>18</lifeExpectancy>
      <lifeStageAges>
        <li>
          <def>AnimalBaby</def>
          <minAge>0</minAge>
        </li>
        <li>
          <def>AnimalJuvenile</def>
          <minAge>0.35</minAge>
        </li>
        <li>
          <def>AnimalAdult</def>
          <minAge>1</minAge>
          <soundWounded>Pawn_Elk_Wounded</soundWounded>
          <soundDeath>Pawn_Elk_Death</soundDeath>
          <soundCall>Pawn_Elk_Call</soundCall>
          <soundAngry>Pawn_Elk_Angry</soundAngry>
        </li>
      </lifeStageAges>
      <soundMeleeHitPawn>Pawn_Melee_BigBash_HitPawn</soundMeleeHitPawn>
      <soundMeleeHitBuilding>Pawn_Melee_BigBash_HitBuilding</soundMeleeHitBuilding>
      <soundMeleeMiss>Pawn_Melee_BigBash_Miss</soundMeleeMiss>
    </race>
    <tradeTags>
      <li>StandardAnimal</li>
    </tradeTags>
  </ThingDef>

  <PawnKindDef ParentName="AnimalKindBase">
    <defName>Caribou</defName>
    <label>caribou</label>
    <race>Caribou</race>
    <combatPower>140</combatPower>
    <wildSpawn_spawnWild>true</wildSpawn_spawnWild>
    <wildSpawn_EcoSystemWeight>0.9</wildSpawn_EcoSystemWeight>
    <wildSpawn_GroupSizeRange>
      <min>3</min>
      <max>9</max>
    </wildSpawn_GroupSizeRange>
    <lifeStages>
      <li>
        <label>caribou calf</label>
        <bodyGraphicData>
          <texPath>Things/Pawn/Animal/Caribou/Caribou</texPath>
          <drawSize>2.7</drawSize>
        </bodyGraphicData>
        <dessicatedBodyGraphicData>
          <texPath>Things/Pawn/Animal/Dessicated/CritterDessicatedMedium</texPath>
          <drawSize>1.1</drawSize>
        </dessicatedBodyGraphicData>
      </li>
      <li>
        <bodyGraphicData>
          <texPath>Things/Pawn/Animal/Caribou/Caribou</texPath>
          <drawSize>3.1</drawSize>
          <shadowData>
            <volume>(0.375, 0.375, 0.375)</volume>
            <offset>(0,0,-0.3)</offset>
          </shadowData>
        </bodyGraphicData>
        <dessicatedBodyGraphicData>
          <texPath>Things/Pawn/Animal/Dessicated/CritterDessicatedMedium</texPath>
          <drawSize>1.3</drawSize>
        </dessicatedBodyGraphicData>
      </li>
      <li>
        <bodyGraphicData>
          <texPath>Things/Pawn/Animal/Caribou/Caribou</texPath>
          <drawSize>4.38</drawSize>
          <shadowData>
            <volume>(0.5, 0.5, 0.5)</volume>
            <offset>(0,0,-0.3)</offset>
          </shadowData>
        </bodyGraphicData>
        <dessicatedBodyGraphicData>
          <texPath>Things/Pawn/Animal/Dessicated/CritterDessicatedMedium</texPath>
          <drawSize>2.5</drawSize>
        </dessicatedBodyGraphicData>
      </li>
    </lifeStages>
  </PawnKindDef>

  <!-- ====================================================== -->

  <ThingDef ParentName="AnimalThingBase">
    <defName>WildBoar</defName>
    <label>wild boar</label>
    <description>Although considered impure by some cultures, this hairy ancestor of the domesticated pig is prized for the gamey flavor of its meat.</description>
    <statBases>
      <MoveSpeed>5.00</MoveSpeed>
      <ComfyTemperatureMin>-20</ComfyTemperatureMin>
      <MarketValue>170</MarketValue>
    </statBases>
    <verbs>
      <li>
        <verbClass>Verb_MeleeAttack</verbClass>
        <defaultCooldownTicks>100</defaultCooldownTicks>
        <meleeDamageBaseAmount>9</meleeDamageBaseAmount>
        <meleeDamageDef>Scratch</meleeDamageDef>
        <linkedBodyPartsGroup>TuskAttackTool</linkedBodyPartsGroup>
      </li>
    </verbs>
    <race>
      <body>QuadrupedAnimalWithHoovesAndTusks</body>
      <baseBodySize>0.7</baseBodySize>
      <baseHungerRate>0.35</baseHungerRate>
      <baseHealthScale>0.7</baseHealthScale>
      <foodType>OmnivoreRoughAnimal</foodType>
      <wildness>0.50</wildness>
      <trainableIntelligence>Advanced</trainableIntelligence>
      <manhunterOnTameFailChance>0.025</manhunterOnTameFailChance>
      <useMeatFrom>Pig</useMeatFrom>
      <useLeatherFrom>Pig</useLeatherFrom>
      <gestationPeriodDays>13</gestationPeriodDays>
      <litterSizeCurve>
        <points>
          <li>(0.5, 0)</li>
          <li>(1, 1)</li>
          <li>(3, 1)</li>
          <li>(3.5, 0)</li>
        </points>
      </litterSizeCurve>
      <lifeExpectancy>12</lifeExpectancy>
      <lifeStageAges>
        <li>
          <def>AnimalBaby</def>
          <minAge>0</minAge>
        </li>
        <li>
          <def>AnimalJuvenile</def>
          <minAge>0.1</minAge>
        </li>
        <li>
          <def>AnimalAdult</def>
          <minAge>0.5</minAge>
          <soundWounded>Pawn_Wildboar_Wounded</soundWounded>
          <soundDeath>Pawn_Wildboar_Death</soundDeath>
          <soundCall>Pawn_Wildboar_Call</soundCall>
          <soundAngry>Pawn_Wildboar_Angry</soundAngry>
        </li>
      </lifeStageAges>
      <soundMeleeHitPawn>Pawn_Melee_SmallScratch_HitPawn</soundMeleeHitPawn>
      <soundMeleeHitBuilding>Pawn_Melee_SmallScratch_HitBuilding</soundMeleeHitBuilding>
      <soundMeleeMiss>Pawn_Melee_SmallScratch_Miss</soundMeleeMiss>
    </race>
    <tradeTags>
      <li>StandardAnimal</li>
    </tradeTags>
  </ThingDef>
  
  <PawnKindDef ParentName="AnimalKindBase">
    <defName>WildBoar</defName>
    <label>wild boar</label>
    <race>WildBoar</race>
    <combatPower>55</combatPower>
    <wildSpawn_EcoSystemWeight>0.5</wildSpawn_EcoSystemWeight>
    <wildSpawn_spawnWild>true</wildSpawn_spawnWild>
    <wildSpawn_GroupSizeRange>
      <min>5</min>
      <max>10</max>
    </wildSpawn_GroupSizeRange>
    <lifeStages>
      <li>
        <bodyGraphicData>
          <texPath>Things/Pawn/Animal/WildBoar/WildBoar</texPath>
          <drawSize>1.5</drawSize>
          <shadowData>
            <volume>(0.30, 0.25, 0.20)</volume>
          </shadowData>
        </bodyGraphicData>
        <dessicatedBodyGraphicData>
          <texPath>Things/Pawn/Animal/Dessicated/CritterDessicatedMedium</texPath>
          <drawSize>1.5</drawSize>
        </dessicatedBodyGraphicData>
      </li>
      <li>
        <bodyGraphicData>
          <texPath>Things/Pawn/Animal/WildBoar/WildBoar</texPath>
          <drawSize>2.25</drawSize>
          <shadowData>
            <volume>(0.375, 0.375, 0.375)</volume>
          </shadowData>
        </bodyGraphicData>
        <dessicatedBodyGraphicData>
          <texPath>Things/Pawn/Animal/Dessicated/CritterDessicatedMedium</texPath>
          <drawSize>1.7</drawSize>
        </dessicatedBodyGraphicData>
      </li>
      <li>
        <bodyGraphicData>
          <texPath>Things/Pawn/Animal/WildBoar/WildBoar</texPath>
          <drawSize>2.65</drawSize>
          <shadowData>
            <volume>(0.5, 0.5, 0.4)</volume>
            <offset>(0,0,-0.05)</offset>
          </shadowData>
        </bodyGraphicData>
        <dessicatedBodyGraphicData>
          <texPath>Things/Pawn/Animal/Dessicated/CritterDessicatedMedium</texPath>
          <drawSize>2</drawSize>
        </dessicatedBodyGraphicData>
      </li>
    </lifeStages>
  </PawnKindDef>
  
  <!-- ====================================================== -->

  <ThingDef ParentName="AnimalThingBase">
    <defName>Tortoise</defName>
    <label>tortoise</label>
    <description>This heavily armored land-dwelling reptile is known for its slow moving speed and surprisingly vicious bite.</description>
    <statBases>
      <MoveSpeed>1.0</MoveSpeed>
      <ArmorRating_Blunt>0.3</ArmorRating_Blunt>
      <ArmorRating_Sharp>0.5</ArmorRating_Sharp>
      <ComfyTemperatureMin>0</ComfyTemperatureMin>
      <MarketValue>200</MarketValue>
    </statBases>
    <verbs>
      <li>
        <verbClass>Verb_MeleeAttack</verbClass>
        <defaultCooldownTicks>190</defaultCooldownTicks>
        <meleeDamageBaseAmount>9</meleeDamageBaseAmount>
        <meleeDamageDef>Bite</meleeDamageDef>
        <linkedBodyPartsGroup>TurtleBeakAttackTool</linkedBodyPartsGroup>
      </li>
    </verbs>
    <comps>
      <li Class="CompProperties_EggLayer">
        <eggFertilizedDef>EggTortoiseFertilized</eggFertilizedDef>
        <eggFertilizationCountMax>1</eggFertilizationCountMax>
        <eggLayIntervalDays>20</eggLayIntervalDays>
        <eggProgressUnfertilizedMax>0.5</eggProgressUnfertilizedMax>
        <eggCountRange>
          <min>3</min>
          <max>7</max>
        </eggCountRange>
      </li>
    </comps>
    <race>
      <body>TurtleLike</body>
      <baseBodySize>0.5</baseBodySize>
      <baseHungerRate>0.3</baseHungerRate>
      <baseHealthScale>0.6</baseHealthScale>
      <foodType>OmnivoreRoughAnimal</foodType>
      <leatherInsulation>0.5</leatherInsulation>
      <wildness>0.75</wildness>
      <gestationPeriodDays>22.5</gestationPeriodDays>
      <litterSizeCurve>
        <points>
          <li>(0.5, 0)</li>
          <li>(1, 1)</li>
          <li>(3, 1)</li>
          <li>(3.5, 0)</li>
        </points>
      </litterSizeCurve>
      <lifeExpectancy>180</lifeExpectancy>
      <lifeStageAges>
        <li>
          <def>AnimalBaby</def>
          <minAge>0</minAge>
        </li>
        <li>
          <def>AnimalJuvenile</def>
          <minAge>0.25</minAge>
        </li>
        <li>
          <def>AnimalAdult</def>
          <minAge>0.8</minAge>
          <soundWounded>Pawn_Tortoise_Wounded</soundWounded>
          <soundDeath>Pawn_Tortoise_Death</soundDeath>
          <soundCall>Pawn_Tortoise_Call</soundCall>
          <soundAngry>Pawn_Tortoise_Angry</soundAngry>
        </li>
      </lifeStageAges>
      <soundMeleeHitPawn>Pawn_Melee_SmallScratch_HitPawn</soundMeleeHitPawn>
      <soundMeleeHitBuilding>Pawn_Melee_SmallScratch_HitBuilding</soundMeleeHitBuilding>
      <soundMeleeMiss>Pawn_Melee_SmallScratch_Miss</soundMeleeMiss>
    </race>
    <tradeTags>
      <li>StandardAnimal</li>
    </tradeTags>
  </ThingDef>

  <PawnKindDef ParentName="AnimalKindBase">
    <defName>Tortoise</defName>
    <label>tortoise</label>
    <race>Tortoise</race>
    <combatPower>40</combatPower>
    <wildSpawn_EcoSystemWeight>0.4</wildSpawn_EcoSystemWeight>
    <wildSpawn_spawnWild>true</wildSpawn_spawnWild>
    <lifeStages>
      <li>
        <bodyGraphicData>
          <texPath>Things/Pawn/Animal/Tortoise/Tortoise</texPath>
          <drawSize>0.9</drawSize>
        </bodyGraphicData>
        <dessicatedBodyGraphicData>
          <texPath>Things/Pawn/Animal/Dessicated/CritterDessicatedSmall</texPath>
          <drawSize>0.9</drawSize>
        </dessicatedBodyGraphicData>
      </li>
      <li>
        <bodyGraphicData>
          <texPath>Things/Pawn/Animal/Tortoise/Tortoise</texPath>
          <drawSize>1.2</drawSize>
        </bodyGraphicData>
        <dessicatedBodyGraphicData>
          <texPath>Things/Pawn/Animal/Dessicated/CritterDessicatedSmall</texPath>
          <drawSize>1.2</drawSize>
        </dessicatedBodyGraphicData>
      </li>
      <li>
        <bodyGraphicData>
          <texPath>Things/Pawn/Animal/Tortoise/Tortoise</texPath>
          <drawSize>1.5</drawSize>
          <shadowData>
            <volume>(0.45, 0.45, 0.45)</volume>
            <offset>(0,0,0)</offset>
          </shadowData>
        </bodyGraphicData>
        <dessicatedBodyGraphicData>
          <texPath>Things/Pawn/Animal/Dessicated/CritterDessicatedSmall</texPath>
          <drawSize>1.5</drawSize>
        </dessicatedBodyGraphicData>
      </li>
    </lifeStages>
  </PawnKindDef>
  
  
</ThingDefs>