﻿<?xml version="1.0" encoding="utf-8" ?>
<Defs>

  <!-- ========================== Warg ================================= -->


  <ThingDef ParentName="AnimalThingBase">
    <defName>Warg</defName>
    <label>warg</label>
    <description>Heavily-muscled wolf-like creatures. Scientists say wargs are the descendants of weaponized military animals created for population suppression. The superstitious see them as the tools of an angry god. They will only eat meat or corpses.</description>
    <statBases>
      <MoveSpeed>5.00</MoveSpeed>
      <ComfyTemperatureMin>-65</ComfyTemperatureMin>
      <MarketValue>450</MarketValue>
    </statBases>
    <verbs>
      <li>
        <verbClass>Verb_MeleeAttack</verbClass>
        <defaultCooldownTicks>90</defaultCooldownTicks>
        <meleeDamageBaseAmount>10</meleeDamageBaseAmount>
        <meleeDamageDef>Scratch</meleeDamageDef>
        <linkedBodyPartsGroup>FrontLeftPaw</linkedBodyPartsGroup>
        <surpriseAttack>
          <extraMeleeDamages>
            <li>
              <def>Stun</def>
              <amount>20</amount>
            </li>
          </extraMeleeDamages>
        </surpriseAttack>
      </li>
      <li>
        <verbClass>Verb_MeleeAttack</verbClass>
        <defaultCooldownTicks>90</defaultCooldownTicks>
        <meleeDamageBaseAmount>10</meleeDamageBaseAmount>
        <meleeDamageDef>Scratch</meleeDamageDef>
        <linkedBodyPartsGroup>FrontRightPaw</linkedBodyPartsGroup>
        <surpriseAttack>
          <extraMeleeDamages>
            <li>
              <def>Stun</def>
              <amount>20</amount>
            </li>
          </extraMeleeDamages>
        </surpriseAttack>
      </li>
      <li>
        <verbClass>Verb_MeleeAttack</verbClass>
        <defaultCooldownTicks>120</defaultCooldownTicks>
        <meleeDamageBaseAmount>12</meleeDamageBaseAmount>
        <meleeDamageDef>Bite</meleeDamageDef>
        <linkedBodyPartsGroup>Teeth</linkedBodyPartsGroup>
        <surpriseAttack>
          <extraMeleeDamages>
            <li>
              <def>Stun</def>
              <amount>20</amount>
            </li>
          </extraMeleeDamages>
        </surpriseAttack>
      </li>
    </verbs>
    <race>
      <body>QuadrupedAnimalWithPawsAndTail</body>
      <predator>true</predator>
      <petness>0.5</petness>
      <baseBodySize>1.0</baseBodySize>
      <baseHungerRate>0.25</baseHungerRate>
      <baseHealthScale>1.15</baseHealthScale>
      <foodType>CarnivoreAnimalStrict</foodType>
      <leatherColor>(123,104,89)</leatherColor>
      <leatherLabel>warg fur</leatherLabel>
      <leatherInsulation>1.1</leatherInsulation>
      <gestationPeriodDays>22.5</gestationPeriodDays>
      <nameOnTameChance>1</nameOnTameChance>
      <trainableIntelligence>Advanced</trainableIntelligence>
      <wildness>0.80</wildness>
      <manhunterOnDamageChance>1</manhunterOnDamageChance>
      <manhunterOnTameFailChance>0.025</manhunterOnTameFailChance>
      <nuzzleMtbHours>120</nuzzleMtbHours>
      <litterSizeCurve>
        <points>
          <li>(0.5, 0)</li>
          <li>(1, 1)</li>
          <li>(2, 1.7)</li>
          <li>(3, 0.7)</li>
          <li>(3.5, 0)</li>
        </points>
      </litterSizeCurve>
      <lifeExpectancy>15</lifeExpectancy>
      <lifeStageAges>
        <li>
          <def>AnimalBaby</def>
          <minAge>0</minAge>
        </li>
        <li>
          <def>AnimalJuvenile</def>
          <minAge>0.25</minAge>
        </li>
        <li>
          <def>AnimalAdult</def>
          <minAge>0.8</minAge>
          <soundWounded>Pawn_Warg_Wounded</soundWounded>
          <soundDeath>Pawn_Warg_Death</soundDeath>
          <soundCall>Pawn_Warg_Call</soundCall>
          <soundAngry>Pawn_Warg_Angry</soundAngry>
        </li>
      </lifeStageAges>
      <soundMeleeHitPawn>Pawn_Melee_SmallScratch_HitPawn</soundMeleeHitPawn>
      <soundMeleeHitBuilding>Pawn_Melee_SmallScratch_HitBuilding</soundMeleeHitBuilding>
      <soundMeleeMiss>Pawn_Melee_SmallScratch_Miss</soundMeleeMiss>
    </race>
    <tradeTags>
      <li>StandardAnimal</li>
      <li>BadassAnimal</li>
    </tradeTags>
  </ThingDef>
  <PawnKindDef ParentName="AnimalKindBase">
    <defName>Warg</defName>
    <label>warg</label>
    <race>Warg</race>
    <combatPower>75</combatPower>
    <lifeStages>
      <li>
        <label>warg puppy</label>
        <bodyGraphicData>
          <texPath>Things/Pawn/Animal/Warg/Warg</texPath>
          <drawSize>1.05</drawSize>
          <color>(123,104,89)</color>
        </bodyGraphicData>
        <dessicatedBodyGraphicData>
          <texPath>Things/Pawn/Animal/Dessicated/CritterDessicatedMedium</texPath>
          <drawSize>1</drawSize>
        </dessicatedBodyGraphicData>
      </li>
      <li>
        <bodyGraphicData>
          <texPath>Things/Pawn/Animal/Warg/Warg</texPath>
          <drawSize>1.7</drawSize>
          <color>(123,104,89)</color>
          <shadowData>
            <volume>(0.25, 0.3, 0.25)</volume>
            <offset>(0,0,-0.15)</offset>
          </shadowData>
        </bodyGraphicData>
        <dessicatedBodyGraphicData>
          <texPath>Things/Pawn/Animal/Dessicated/CritterDessicatedMedium</texPath>
          <drawSize>1.4</drawSize>
        </dessicatedBodyGraphicData>
      </li>
      <li>
        <bodyGraphicData>
          <texPath>Things/Pawn/Animal/Warg/Warg</texPath>
          <drawSize>2.05</drawSize>
          <color>(123,104,89)</color>
          <shadowData>
            <volume>(0.3, 0.4, 0.3)</volume>
            <offset>(0,0,-0.15)</offset>
          </shadowData>
        </bodyGraphicData>
        <dessicatedBodyGraphicData>
          <texPath>Things/Pawn/Animal/Dessicated/CritterDessicatedMedium</texPath>
          <drawSize>1.7</drawSize>
        </dessicatedBodyGraphicData>
      </li>
    </lifeStages>
    <wildSpawn_spawnWild>true</wildSpawn_spawnWild>
    <wildSpawn_EcoSystemWeight>0.9</wildSpawn_EcoSystemWeight>
    <wildSpawn_GroupSizeRange>
      <min>2</min>
      <max>5</max>
    </wildSpawn_GroupSizeRange>
  </PawnKindDef>


  <!-- ========================== Wolves ================================= -->

  <ThingDef Name="ThingBaseWolf" ParentName="AnimalThingBase" Abstract="True">
    <statBases>
      <MoveSpeed>5.25</MoveSpeed>
      <ComfyTemperatureMin>-50</ComfyTemperatureMin>
      <MarketValue>370</MarketValue>
    </statBases>
    <verbs>
      <li>
        <verbClass>Verb_MeleeAttack</verbClass>
        <defaultCooldownTicks>100</defaultCooldownTicks>
        <meleeDamageBaseAmount>9</meleeDamageBaseAmount>
        <meleeDamageDef>Scratch</meleeDamageDef>
        <linkedBodyPartsGroup>FrontLeftPaw</linkedBodyPartsGroup>
        <surpriseAttack>
          <extraMeleeDamages>
            <li>
              <def>Stun</def>
              <amount>20</amount>
            </li>
          </extraMeleeDamages>
        </surpriseAttack>
      </li>
      <li>
        <verbClass>Verb_MeleeAttack</verbClass>
        <defaultCooldownTicks>100</defaultCooldownTicks>
        <meleeDamageBaseAmount>9</meleeDamageBaseAmount>
        <meleeDamageDef>Scratch</meleeDamageDef>
        <linkedBodyPartsGroup>FrontRightPaw</linkedBodyPartsGroup>
        <surpriseAttack>
          <extraMeleeDamages>
            <li>
              <def>Stun</def>
              <amount>20</amount>
            </li>
          </extraMeleeDamages>
        </surpriseAttack>
      </li>
      <li>
        <verbClass>Verb_MeleeAttack</verbClass>
        <defaultCooldownTicks>130</defaultCooldownTicks>
        <meleeDamageBaseAmount>11</meleeDamageBaseAmount>
        <meleeDamageDef>Bite</meleeDamageDef>
        <linkedBodyPartsGroup>Teeth</linkedBodyPartsGroup>
        <surpriseAttack>
          <extraMeleeDamages>
            <li>
              <def>Stun</def>
              <amount>20</amount>
            </li>
          </extraMeleeDamages>
        </surpriseAttack>
      </li>
    </verbs>
    <race>
      <body>QuadrupedAnimalWithPawsAndTail</body>
      <predator>true</predator>
      <petness>0.1</petness>
      <baseBodySize>0.85</baseBodySize>
      <baseHungerRate>0.18</baseHungerRate>
      <baseHealthScale>0.99</baseHealthScale>
      <foodType>CarnivoreAnimal</foodType>
      <leatherInsulation>1.0</leatherInsulation>
      <gestationPeriodDays>22.5</gestationPeriodDays>
      <nameOnTameChance>1</nameOnTameChance>
      <trainableIntelligence>Advanced</trainableIntelligence>
      <wildness>0.75</wildness>
      <nuzzleMtbHours>120</nuzzleMtbHours>
      <manhunterOnDamageChance>1</manhunterOnDamageChance>
      <manhunterOnTameFailChance>0.025</manhunterOnTameFailChance>
      <litterSizeCurve>
        <points>
          <li>(0.5, 0)</li>
          <li>(1, 1)</li>
          <li>(2, 1.7)</li>
          <li>(3, 0.7)</li>
          <li>(3.5, 0)</li>
        </points>
      </litterSizeCurve>
      <lifeExpectancy>12</lifeExpectancy>
      <lifeStageAges>
        <li>
          <def>AnimalBaby</def>
          <minAge>0</minAge>
        </li>
        <li>
          <def>AnimalJuvenile</def>
          <minAge>0.25</minAge>
        </li>
        <li>
          <def>AnimalAdult</def>
          <minAge>0.8</minAge>
          <soundWounded>Pawn_Dog_Injured</soundWounded>
          <soundDeath>Pawn_Dog_Death</soundDeath>
          <soundCall>Pawn_Dog_Call</soundCall>
          <soundAngry>Pawn_Dog_Angry</soundAngry>
        </li>
      </lifeStageAges>
      <soundMeleeHitPawn>Pawn_Melee_SmallScratch_HitPawn</soundMeleeHitPawn>
      <soundMeleeHitBuilding>Pawn_Melee_SmallScratch_HitBuilding</soundMeleeHitBuilding>
      <soundMeleeMiss>Pawn_Melee_SmallScratch_Miss</soundMeleeMiss>
    </race>
    <tradeTags>
      <li>StandardAnimal</li>
      <li>BadassAnimal</li>
    </tradeTags>
  </ThingDef>

  <PawnKindDef ParentName="AnimalKindBase" Name="AnimalKindBaseWolf" Abstract="True">
    <combatPower>75</combatPower>
    <wildSpawn_spawnWild>true</wildSpawn_spawnWild>
    <wildSpawn_EcoSystemWeight>0.9</wildSpawn_EcoSystemWeight>
  </PawnKindDef>



  <ThingDef ParentName="ThingBaseWolf">
    <defName>WolfTimber</defName>
    <label>timber wolf</label>
    <description>A rugged predator long feared by many ancient Earth cultures. As pack hunters, wolves have a complex social life and are fiercely intelligent.</description>
    <race>
      <leatherColor>(115,110,100)</leatherColor>
      <meatLabel>wolfmeat</meatLabel>
      <leatherLabel>timber wolfskin</leatherLabel>
      <leatherInsulation>1.0</leatherInsulation>
    </race>
  </ThingDef>

  <PawnKindDef ParentName="AnimalKindBaseWolf">
    <defName>WolfTimber</defName>
    <label>timber wolf</label>
    <race>WolfTimber</race>
    <lifeStages>
      <li>
        <label>timber wolf puppy</label>
        <bodyGraphicData>
          <texPath>Things/Pawn/Animal/WolfTimber/WolfTimber</texPath>
          <drawSize>1.05</drawSize>
        </bodyGraphicData>
        <dessicatedBodyGraphicData>
          <texPath>Things/Pawn/Animal/Dessicated/CritterDessicatedMedium</texPath>
          <drawSize>1</drawSize>
        </dessicatedBodyGraphicData>
      </li>
      <li>
        <bodyGraphicData>
          <texPath>Things/Pawn/Animal/WolfTimber/WolfTimber</texPath>
          <drawSize>1.5</drawSize>
          <shadowData>
            <volume>(0.25, 0.3, 0.25)</volume>
            <offset>(0,0,-0.15)</offset>
          </shadowData>
        </bodyGraphicData>
        <dessicatedBodyGraphicData>
          <texPath>Things/Pawn/Animal/Dessicated/CritterDessicatedMedium</texPath>
          <drawSize>1.5</drawSize>
        </dessicatedBodyGraphicData>
      </li>
      <li>
        <bodyGraphicData>
          <texPath>Things/Pawn/Animal/WolfTimber/WolfTimber</texPath>
          <drawSize>1.95</drawSize>
          <shadowData>
            <volume>(0.3, 0.4, 0.3)</volume>
            <offset>(0,0,-0.15)</offset>
          </shadowData>
        </bodyGraphicData>
        <dessicatedBodyGraphicData>
          <texPath>Things/Pawn/Animal/Dessicated/CritterDessicatedMedium</texPath>
          <drawSize>1.95</drawSize>
        </dessicatedBodyGraphicData>
      </li>
    </lifeStages>
  </PawnKindDef>



  <ThingDef ParentName="ThingBaseWolf">
    <defName>WolfArctic</defName>
    <label>arctic wolf</label>
    <description>An arctic variant of the old Earth wolf. As pack hunters, wolves have a complex social life and are fiercely intelligent.</description>
    <race>
      <leatherColor>(200,200,200)</leatherColor>
      <leatherLabel>arctic wolfskin</leatherLabel>
      <leatherInsulation>1.25</leatherInsulation>
      <useMeatFrom>WolfTimber</useMeatFrom>
    </race>
  </ThingDef>

  <PawnKindDef ParentName="AnimalKindBaseWolf">
    <defName>WolfArctic</defName>
    <label>arctic wolf</label>
    <race>WolfArctic</race>
    <lifeStages>
      <li>
        <label>timber wolf puppy</label>
        <bodyGraphicData>
          <texPath>Things/Pawn/Animal/WolfArctic/WolfArctic</texPath>
          <drawSize>1.05</drawSize>
        </bodyGraphicData>
        <dessicatedBodyGraphicData>
          <texPath>Things/Pawn/Animal/Dessicated/CritterDessicatedMedium</texPath>
          <drawSize>1.05</drawSize>
        </dessicatedBodyGraphicData>
      </li>
      <li>
        <bodyGraphicData>
          <texPath>Things/Pawn/Animal/WolfArctic/WolfArctic</texPath>
          <drawSize>1.5</drawSize>
          <shadowData>
            <volume>(0.25, 0.3, 0.25)</volume>
            <offset>(0,0,-0.15)</offset>
          </shadowData>
        </bodyGraphicData>
        <dessicatedBodyGraphicData>
          <texPath>Things/Pawn/Animal/Dessicated/CritterDessicatedMedium</texPath>
          <drawSize>1.5</drawSize>
        </dessicatedBodyGraphicData>
      </li>
      <li>
        <bodyGraphicData>
          <texPath>Things/Pawn/Animal/WolfArctic/WolfArctic</texPath>
          <drawSize>1.95</drawSize>
          <shadowData>
            <volume>(0.3, 0.4, 0.3)</volume>
            <offset>(0,0,-0.15)</offset>
          </shadowData>
        </bodyGraphicData>
        <dessicatedBodyGraphicData>
          <texPath>Things/Pawn/Animal/Dessicated/CritterDessicatedMedium</texPath>
          <drawSize>1.95</drawSize>
        </dessicatedBodyGraphicData>
      </li>
    </lifeStages>
  </PawnKindDef>
  
  <!--========================== Fox base ========================-->

  <ThingDef Name="ThingBaseFox" ParentName="AnimalThingBase" Abstract="True">
    <statBases>
      <MoveSpeed>5.00</MoveSpeed>
      <ComfyTemperatureMin>-50</ComfyTemperatureMin>
      <MarketValue>210</MarketValue>
    </statBases>
    <verbs>
      <li>
        <verbClass>Verb_MeleeAttack</verbClass>
        <defaultCooldownTicks>100</defaultCooldownTicks>
        <meleeDamageBaseAmount>7</meleeDamageBaseAmount>
        <meleeDamageDef>Scratch</meleeDamageDef>
        <linkedBodyPartsGroup>FrontLeftPaw</linkedBodyPartsGroup>
        <surpriseAttack>
          <extraMeleeDamages>
            <li>
              <def>Stun</def>
              <amount>20</amount>
            </li>
          </extraMeleeDamages>
        </surpriseAttack>
      </li>
      <li>
        <verbClass>Verb_MeleeAttack</verbClass>
        <defaultCooldownTicks>100</defaultCooldownTicks>
        <meleeDamageBaseAmount>7</meleeDamageBaseAmount>
        <meleeDamageDef>Scratch</meleeDamageDef>
        <linkedBodyPartsGroup>FrontRightPaw</linkedBodyPartsGroup>
        <surpriseAttack>
          <extraMeleeDamages>
            <li>
              <def>Stun</def>
              <amount>20</amount>
            </li>
          </extraMeleeDamages>
        </surpriseAttack>
      </li>
      <li>
        <verbClass>Verb_MeleeAttack</verbClass>
        <defaultCooldownTicks>130</defaultCooldownTicks>
        <meleeDamageBaseAmount>8</meleeDamageBaseAmount>
        <meleeDamageDef>Bite</meleeDamageDef>
        <linkedBodyPartsGroup>Teeth</linkedBodyPartsGroup>
        <surpriseAttack>
          <extraMeleeDamages>
            <li>
              <def>Stun</def>
              <amount>20</amount>
            </li>
          </extraMeleeDamages>
        </surpriseAttack>
      </li>
    </verbs>
    <race>
      <body>QuadrupedAnimalWithPawsAndTail</body>
      <predator>true</predator>
      <petness>0.1</petness>
      <baseBodySize>0.55</baseBodySize>
      <baseHungerRate>0.12</baseHungerRate>
      <baseHealthScale>0.70</baseHealthScale>
      <foodType>CarnivoreAnimal</foodType>
      <leatherInsulation>1.0</leatherInsulation>
      <gestationPeriodDays>18</gestationPeriodDays>
      <nameOnTameChance>1</nameOnTameChance>
      <trainableIntelligence>Advanced</trainableIntelligence>
      <wildness>0.75</wildness>
      <nuzzleMtbHours>120</nuzzleMtbHours>
      <manhunterOnDamageChance>0.20</manhunterOnDamageChance>
      <manhunterOnTameFailChance>0.025</manhunterOnTameFailChance>
      <litterSizeCurve>
        <points>
          <li>(0.5, 0)</li>
          <li>(1, 1)</li>
          <li>(2, 1.7)</li>
          <li>(3, 0.7)</li>
          <li>(3.5, 0)</li>
        </points>
      </litterSizeCurve>
      <lifeExpectancy>9</lifeExpectancy>
      <lifeStageAges>
        <li>
          <def>AnimalBaby</def>
          <minAge>0</minAge>
        </li>
        <li>
          <def>AnimalJuvenile</def>
          <minAge>0.25</minAge>
        </li>
        <li>
          <def>AnimalAdult</def>
          <minAge>0.5</minAge>
          <!-- no sounds -->
        </li>
      </lifeStageAges>
      <soundMeleeHitPawn>Pawn_Melee_SmallScratch_HitPawn</soundMeleeHitPawn>
      <soundMeleeHitBuilding>Pawn_Melee_SmallScratch_HitBuilding</soundMeleeHitBuilding>
      <soundMeleeMiss>Pawn_Melee_SmallScratch_Miss</soundMeleeMiss>
    </race>
    <tradeTags>
      <li>StandardAnimal</li>
      <li>BadassAnimal</li>
    </tradeTags>
  </ThingDef>

  <PawnKindDef ParentName="AnimalKindBase" Name="AnimalKindBaseFox" Abstract="True">
    <combatPower>45</combatPower>
    <wildSpawn_spawnWild>true</wildSpawn_spawnWild>
    <wildSpawn_EcoSystemWeight>0.5</wildSpawn_EcoSystemWeight>
  </PawnKindDef>

  <!--========================== Fox fennec ========================-->

  <ThingDef ParentName="ThingBaseFox">
    <defName>FoxFennec</defName>
    <label>fennec fox</label>
    <description>A small fox originally from the northern part of Earth's Africa continent. It hunts small creatures and has very large ears.</description>
    <race>
      <leatherColor>(197,161,103)</leatherColor>
      <leatherLabel>fennec foxskin</leatherLabel>
      <meatLabel>foxmeat</meatLabel>
    </race>
  </ThingDef>

  <PawnKindDef ParentName="AnimalKindBaseFox">
    <defName>FoxFennec</defName>
    <label>fennec fox</label>
    <race>FoxFennec</race>
    <lifeStages>
      <li>
        <label>fennec fox puppy</label>
        <bodyGraphicData>
          <texPath>Things/Pawn/Animal/FoxFennec/FoxFennec</texPath>
          <drawSize>0.9</drawSize>
        </bodyGraphicData>
        <dessicatedBodyGraphicData>
          <texPath>Things/Pawn/Animal/Dessicated/CritterDessicatedMedium</texPath>
          <drawSize>1</drawSize>
        </dessicatedBodyGraphicData>
      </li>
      <li>
        <bodyGraphicData>
          <texPath>Things/Pawn/Animal/FoxFennec/FoxFennec</texPath>
          <drawSize>1.2</drawSize>
          <shadowData>
            <volume>(0.25, 0.3, 0.25)</volume>
            <offset>(0,0,-0.15)</offset>
          </shadowData>
        </bodyGraphicData>
        <dessicatedBodyGraphicData>
          <texPath>Things/Pawn/Animal/Dessicated/CritterDessicatedMedium</texPath>
          <drawSize>1.2</drawSize>
        </dessicatedBodyGraphicData>
      </li>
      <li>
        <bodyGraphicData>
          <texPath>Things/Pawn/Animal/FoxFennec/FoxFennec</texPath>
          <drawSize>1.45</drawSize>
        </bodyGraphicData>
        <dessicatedBodyGraphicData>
          <texPath>Things/Pawn/Animal/Dessicated/CritterDessicatedMedium</texPath>
          <drawSize>1.75</drawSize>
        </dessicatedBodyGraphicData>
      </li>
    </lifeStages>
  </PawnKindDef>

  <!--========================== Fox red ========================-->

  <ThingDef ParentName="ThingBaseFox">
    <defName>FoxRed</defName>
    <label>red Fox</label>
    <description>A small solitary canine evolved for hunting small prey in temperate climates.</description>
    <race>
      <leatherColor>(178,100,34)</leatherColor>
      <leatherLabel>red foxskin</leatherLabel>
      <useMeatFrom>FoxFennec</useMeatFrom>
    </race>
  </ThingDef>

  <PawnKindDef ParentName="AnimalKindBaseFox">
    <defName>FoxRed</defName>
    <label>red fox</label>
    <race>FoxRed</race>
    <lifeStages>
      <li>
        <label>red fox puppy</label>
        <bodyGraphicData>
          <texPath>Things/Pawn/Animal/FoxRed/FoxRed</texPath>
          <drawSize>1.0</drawSize>
        </bodyGraphicData>
        <dessicatedBodyGraphicData>
          <texPath>Things/Pawn/Animal/Dessicated/CritterDessicatedMedium</texPath>
          <drawSize>1</drawSize>
        </dessicatedBodyGraphicData>
      </li>
      <li>
        <bodyGraphicData>
          <texPath>Things/Pawn/Animal/FoxRed/FoxRed</texPath>
          <drawSize>1.2</drawSize>
          <shadowData>
            <volume>(0.25, 0.3, 0.25)</volume>
            <offset>(0,0,-0.15)</offset>
          </shadowData>
        </bodyGraphicData>
        <dessicatedBodyGraphicData>
          <texPath>Things/Pawn/Animal/Dessicated/CritterDessicatedMedium</texPath>
          <drawSize>1.2</drawSize>
        </dessicatedBodyGraphicData>
      </li>
      <li>
        <bodyGraphicData>
          <texPath>Things/Pawn/Animal/FoxRed/FoxRed</texPath>
          <drawSize>1.68</drawSize>
        </bodyGraphicData>
        <dessicatedBodyGraphicData>
          <texPath>Things/Pawn/Animal/Dessicated/CritterDessicatedMedium</texPath>
          <drawSize>1.68</drawSize>
        </dessicatedBodyGraphicData>
      </li>
    </lifeStages>
  </PawnKindDef>

  <!--========================== Fox arctic ========================-->
  
  <ThingDef ParentName="ThingBaseFox">
    <defName>FoxArctic</defName>
    <label>arctic fox</label>
    <description>A small predator adapted for the far north. It usually hunts small game like mice and voles, sometimes burrowing through a meter of snow to reach its prey.</description>
    <race>
      <leatherColor>(200,200,200)</leatherColor>
      <leatherLabel>arctic foxskin</leatherLabel>
      <useMeatFrom>FoxFennec</useMeatFrom>
    </race>
  </ThingDef>

  <PawnKindDef ParentName="AnimalKindBaseFox">
    <defName>FoxArctic</defName>
    <label>arctic fox</label>
    <race>FoxArctic</race>
    <lifeStages>
      <li>
        <label>Arctic fox puppy</label>
        <bodyGraphicData>
          <texPath>Things/Pawn/Animal/FoxArctic/FoxArctic</texPath>
          <drawSize>1.0</drawSize>
        </bodyGraphicData>
        <dessicatedBodyGraphicData>
          <texPath>Things/Pawn/Animal/Dessicated/CritterDessicatedMedium</texPath>
          <drawSize>1</drawSize>
        </dessicatedBodyGraphicData>
      </li>
      <li>
        <bodyGraphicData>
          <texPath>Things/Pawn/Animal/FoxArctic/FoxArctic</texPath>
          <drawSize>1.2</drawSize>
          <shadowData>
            <volume>(0.25, 0.3, 0.25)</volume>
            <offset>(0,0,-0.15)</offset>
          </shadowData>
        </bodyGraphicData>
        <dessicatedBodyGraphicData>
          <texPath>Things/Pawn/Animal/Dessicated/CritterDessicatedMedium</texPath>
          <drawSize>1.2</drawSize>
        </dessicatedBodyGraphicData>
      </li>
      <li>
        <bodyGraphicData>
          <texPath>Things/Pawn/Animal/FoxArctic/FoxArctic</texPath>
          <drawSize>1.75</drawSize>
        </bodyGraphicData>
        <dessicatedBodyGraphicData>
          <texPath>Things/Pawn/Animal/Dessicated/CritterDessicatedMedium</texPath>
          <drawSize>1.75</drawSize>
        </dessicatedBodyGraphicData>
      </li>
    </lifeStages>
  </PawnKindDef>

</Defs>