<?xml version="1.0" encoding="utf-8"?>
<ModMetaData>
  <name>ED-AutoLoader</name>
  <author>Jaxxa</author>
  <url>https://github.com/jaxxa/RimWorld-Enhanced-Defence</url>
  <targetVersion>Alpha 10</targetVersion>
  <description>
Adds an Autoloader that can be used to supply things to some of the buildings in this mod.
This is functionally identical to a Hopper in the base game, but is helpful for comparability to avoid having to edit the stock Hopper.
Currently this is only needed by the Stargate Module.
  </description>
</ModMetaData>