<?xml version="1.0" encoding="utf-8" ?>
<Defs>

	
	<ResearchProjectDef>
		<defName>Research_ED_Transporter</defName>
		<label>Transporter Systems</label>
		<description>Requires Transporter 1
Allows Transort.</description>
		<baseCost>1000</baseCost>
		<techLevel>Spacer</techLevel>
		<tab>EDSN-Excalibur</tab>
		<researchViewX>3</researchViewX>
		<researchViewY>3</researchViewY>
		<prerequisites>
			<li>Research_ED_Excalibur_Fabrication</li>
		</prerequisites>	
		<requiredResearchFacilities>
			<li>ExcaliburQuestLock</li>
		</requiredResearchFacilities>
	</ResearchProjectDef>


</Defs>
