﻿<?xml version="1.0" encoding="utf-8" ?>
<Defs>

	<!--Embrasure from ED-Embrasure -->
	<ThingDef Name="ED_Embrasure" ParentName="Wall">
		<defName>ED_Embrasure</defName>
		<label>Embrasure</label>
		<description>An opening in the metal wall allows shooting and throwing grenades from the safety of your home.</description>
		<costStuffCount>15</costStuffCount>
		<statBases>
			<WorkToBuild>600</WorkToBuild>
		</statBases>
		<fillPercent>0.70</fillPercent>
		<uiIconPath>UI/ED-Embrasures</uiIconPath>
		<graphicData>
			<texPath>Things/Building/Linked/Embrasure</texPath>
			<graphicClass>Graphic_Appearances</graphicClass>
		</graphicData>
	</ThingDef>

</Defs>
