<?xml version="1.0" encoding="utf-8" ?>
<Defs>

	<ResearchProjectDef>
		<defName>Research_LaserSteamGeyser_Drill</defName>
		<label>Laser Steam Geyser Drill</label>
		<description>Unlocks a Drilling Laser Targeting system that allows the creation or removal of steam vents. After research and construction, you will power the building while it conducts a subsurface scan. After the scan is complete, it can use a large amount of stored battery power to activate the laser of an orbiting satellite to drill or collapse a steam vent.</description>
		<baseCost>4000</baseCost>
		<techLevel>Industrial</techLevel>
		<prerequisites>
			<li>GroundPenetratingScanner</li>
		</prerequisites>
    <researchViewX>16.00</researchViewX>
    <researchViewY>0.80</researchViewY>
		
	</ResearchProjectDef>

</Defs>