﻿<?xml version="1.0" encoding="utf-8" ?>
<PawnKindDefs>

	<PawnKindDef>
		<defName>PawnKindDef_ShieldedPawn</defName>
		<label>Shielded Colonist</label>
		<race>ShieldedHuman</race>
    <pointsCost>30</pointsCost>
    <defaultFactionType>Colony</defaultFactionType>
		<baseRecruitDifficulty>60</baseRecruitDifficulty>
		<backstoryCategory>Civil</backstoryCategory>
		<outfits>
			<li>
				<def>BasicsSpace</def>
				<commonality>10</commonality>
			</li>
		</outfits>
    <apparelMoney>
      <min>2000</min>
      <max>3000</max>
    </apparelMoney>
	</PawnKindDef>

</PawnKindDefs>