<?xml version="1.0" encoding="utf-8"?>
<ModMetaData>
	<name>ED-ReinforcedStuff</name>
	<targetVersion>0.16.1393</targetVersion>
	<author>Jaxxa</author>
	<url>https://ludeon.com/forums/index.php?topic=18995.0</url>
	<description>Version: 03.00.00
	
Adds a Reinforced version of some Stuff. This allows for stronger constructions. Reinforced stuff has 10x the hitpoints but at 10x build time. Reinforced Stuff is made from 10 Normal Stuff in a Molecular Reinforcement Compressor. Currently Reinforced Stuff can be made from Steel, Plasteel, Wood, Stone, Silver, Gold, Uranium and Jade . 
	</description>
</ModMetaData>
