﻿<?xml version="1.0" encoding="utf-8" ?>
<Defs>


	<!--================================ Abstract bases ======================================-->

	<ThingDef Name="BuildingBase" Abstract="True">
		<category>Building</category>
		<thingClass>Building</thingClass>
		<soundImpactDefault>BulletImpactMetal</soundImpactDefault>
		<selectable>true</selectable>
		<drawerType>MapMeshAndRealTime</drawerType>
		<terrainAffordanceNeeded>Light</terrainAffordanceNeeded>
		<repairEffect>Repair</repairEffect>
		<leaveResourcesWhenKilled>true</leaveResourcesWhenKilled>
		<filthLeaving>BuildingRubble</filthLeaving>
	</ThingDef>


	<ThingDef ParentName="BuildingBase">
		<defName>Cooler</defName>
		<label>cooler</label>
		<thingClass>Enhanced_Development.Temperature.Building_ReverseCycleCooler</thingClass>
		<graphicData>
			<texPath>Things/Building/Misc/TempControl/Cooler</texPath>
			<graphicClass>Graphic_Multi</graphicClass>
			<damageData>
				<cornerTL>Damage/Corner</cornerTL>
				<cornerTR>Damage/Corner</cornerTR>
				<cornerBL>Damage/Corner</cornerBL>
				<cornerBR>Damage/Corner</cornerBR>
			</damageData>
		</graphicData>
		<altitudeLayer>BuildingTall</altitudeLayer>
		<passability>Impassable</passability>
		<fillPercent>1</fillPercent>
		<coversFloor>true</coversFloor>
		<blockLight>true</blockLight>
		<castEdgeShadows>true</castEdgeShadows>
		<staticSunShadowHeight>1.0</staticSunShadowHeight>
		<statBases>
			<WorkToMake>1600</WorkToMake>
			<MaxHitPoints>100</MaxHitPoints>
			<Flammability>1.0</Flammability>
		</statBases>
		<tickerType>Rare</tickerType>
		<description>An electrical device that fits into a wall and pushes cold air into a room. Its exhaust port generates a lot of heat. Can be used to cool down rooms during the summer months, or to create a walk-in freezer. </description>
		<costList>
			<Steel>90</Steel>
			<Components>3</Components>
		</costList>
		<terrainAffordanceNeeded>Heavy</terrainAffordanceNeeded>
		<placeWorkers>
			<li>Enhanced_Development.Temperature.PlaceWorker_ReverseCycleCooler</li>
		</placeWorkers>
		<drawPlaceWorkersWhileSelected>true</drawPlaceWorkersWhileSelected>
		<building>
			<canPlaceOverWall>true</canPlaceOverWall>
		</building>
		<comps>
			<li Class="CompProperties_Power">
				<compClass>CompPowerTrader</compClass>
				<basePowerConsumption>200</basePowerConsumption>
			</li>
			<li Class="CompProperties_Flickable"/>
			<li Class="CompProperties_TempControl">
				<energyPerSecond>-21</energyPerSecond>
			</li>
			<li Class="CompProperties_Breakdownable"/>
		</comps>
		<designationCategory>Temperature</designationCategory>
		<designationHotKey>O</designationHotKey>
	</ThingDef>

</Defs>