﻿<?xml version="1.0" encoding="utf-8" ?>
<Defs>

	<WorkGiverDef>
		<defName>DoBillsOmniGel</defName>
		<giverClass>WorkGiver_DoBill</giverClass>
		<workType>Crafting</workType>
		<priorityInType>104</priorityInType>
		<fixedBillGiverDefs>
			<li>Table_MK1_Replicator</li>
			<li>Table_MK2_Replicator</li>
			<li>Table_MK3_Replicator</li>
		</fixedBillGiverDefs>
		<verb>replicate</verb>
		<gerund>replicating</gerund>
		<requiredCapacities>
			<li>Manipulation</li>
		</requiredCapacities>
	</WorkGiverDef>

	<WorkGiverDef>
		<defName>DoBillsPackageRU</defName>
		<giverClass>WorkGiver_DoBill</giverClass>
		<workType>Crafting</workType>
		<priorityInType>104</priorityInType>
		<fixedBillGiverDefs>
			<li>Building_EDSN_Transponder</li>
		</fixedBillGiverDefs>
		<verb>replicate</verb>
		<gerund>replicating</gerund>
		<requiredCapacities>
			<li>Manipulation</li>
		</requiredCapacities>
	</WorkGiverDef>

	<WorkGiverDef>
		<defName>DoBillsCompressing</defName>
		<giverClass>WorkGiver_DoBill</giverClass>
		<workType>Crafting</workType>
		<priorityInType>104</priorityInType>
		<fixedBillGiverDefs>
			<li>MolecularCompressor</li>
		</fixedBillGiverDefs>
		<verb>compress</verb>
		<gerund>compressing</gerund>
		<requiredCapacities>
			<li>Manipulation</li>
		</requiredCapacities>
	</WorkGiverDef>

</Defs>