<?xml version="1.0" encoding="utf-8"?>
<Things>

	<ThingDef Name="BuildingBase" Abstract="True">
		<category>Building</category>
		<soundImpactDefault>BulletImpactMetal</soundImpactDefault>
		<selectable>true</selectable>
		<drawerType>MapMeshAndRealTime</drawerType>
		<terrainAffordanceNeeded>Light</terrainAffordanceNeeded>
		<repairEffect>Repair</repairEffect>
		<leaveResourcesWhenKilled>true</leaveResourcesWhenKilled>
		<filthLeaving>BuildingRubble</filthLeaving>
	</ThingDef>

	<ThingDef ParentName="BuildingBase" Name="ShieldBase" Abstract="True">
		<category>Building</category>
		<thingClass>EnhancedDevelopment.Shields.Basic.Building_Shield</thingClass>
		<altitudeLayer>Building</altitudeLayer>
		<leaveResourcesWhenKilled>true</leaveResourcesWhenKilled>
		<blockLight>true</blockLight>
		<drawerType>MapMeshAndRealTime</drawerType>
		<staticSunShadowHeight>1.0</staticSunShadowHeight>
		<fillPercent>1</fillPercent>
		<size>(1,1)</size>
		<rotatable>false</rotatable>
		<terrainAffordanceNeeded>Light</terrainAffordanceNeeded>
		<designationCategory>Security</designationCategory>
		<holdsRoof>false</holdsRoof>
		<specialDisplayRadius>8</specialDisplayRadius>
		<statBases>
			<MaxHitPoints>500</MaxHitPoints>
			<WorkToBuild>2000</WorkToBuild>
			<Flammability>1.0</Flammability>
			<Beauty>-2</Beauty>
		</statBases>
		<costList>
			<Steel>100</Steel>
			<Silver>500</Silver>
		</costList>
		<passability>Impassable</passability>
		<selectable>true</selectable>
		<tickerType>Normal</tickerType>
	</ThingDef>

	<ThingDef ParentName="ShieldBase">
		<defName>Building_ShieldStandard</defName>
		<label>Standard Shield</label>
		<description>Creates shield field to protect important infrastructure.</description>
		<researchPrerequisites>
			<li>Building_ShieldStandard_research</li>
		</researchPrerequisites>
		<graphicData>
			<texPath>Things/ShieldBuilding_Blue</texPath>
			<graphicClass>Graphic_Single</graphicClass>
			<drawSize>(1,1)</drawSize>
		</graphicData>
		<uiIconPath>Things/ShieldBuilding_Blue</uiIconPath>
		<comps>
			<li Class="CompProperties_Power">
				<compClass>CompPowerTrader</compClass>
				<basePowerConsumption>1000</basePowerConsumption>
			</li>
			<li Class="CompProperties_Flickable"/>
			<li Class="CompProperties_Breakdownable"/>

			<li Class="EnhancedDevelopment.Shields.Basic.CompProperties_ShieldBuilding">

				<m_FieldIntegrity_Max>4000</m_FieldIntegrity_Max>
				<m_FieldIntegrity_Initial>100</m_FieldIntegrity_Initial>
				<m_Field_Radius>8</m_Field_Radius>

				<m_PowerRequiredCharging>-1500</m_PowerRequiredCharging>
				<m_PowerRequiredSustaining>-1000</m_PowerRequiredSustaining>

				<m_BlockIndirect_Avalable>true</m_BlockIndirect_Avalable>
				<m_BlockDirect_Avalable>true</m_BlockDirect_Avalable>
				<m_FireSupression_Avalable>true</m_FireSupression_Avalable>
				<m_InterceptDropPod_Avalable>false</m_InterceptDropPod_Avalable>

				<m_StructuralIntegrityMode>false</m_StructuralIntegrityMode>

				<m_RechargeTickDelayInterval>15</m_RechargeTickDelayInterval>
				<m_RecoverWarmupDelayTicks>900</m_RecoverWarmupDelayTicks>

				<m_colourRed>0.0</m_colourRed>
				<m_colourGreen>0.3764705882352941</m_colourGreen>
				<m_colourBlue>0.7294117647058823</m_colourBlue>
			</li>
		</comps>
	</ThingDef>

	<ThingDef ParentName="ShieldBase">
		<defName>Building_ShieldSmall</defName>
		<label>Small shield</label>
		<description>Creates a smaller shield that allows people to stand on it.</description>
		<researchPrerequisites>
			<li>Building_ShieldSmall_research</li>
		</researchPrerequisites>
		<graphicData>
			<texPath>Things/ShieldBuilding_Small_Blue</texPath>
			<graphicClass>Graphic_Single</graphicClass>
			<drawSize>(1,1)</drawSize>
		</graphicData>
		<uiIconPath>Things/ShieldBuilding_Small_Blue</uiIconPath>
		<passability>Standable</passability>
		<costList>
			<Steel>100</Steel>
			<Silver>200</Silver>
		</costList>
		<comps>
			<li Class="CompProperties_Power">
				<compClass>CompPowerTrader</compClass>
				<basePowerConsumption>1000</basePowerConsumption>
			</li>
			<li Class="CompProperties_Flickable"/>
			<li Class="CompProperties_Breakdownable"/>
			<li Class="EnhancedDevelopment.Shields.Basic.CompProperties_ShieldBuilding">
				<m_FieldIntegrity_Max>2000</m_FieldIntegrity_Max>
				<m_FieldIntegrity_Initial>100</m_FieldIntegrity_Initial>
				<m_Field_Radius>2</m_Field_Radius>

				<m_PowerRequiredCharging>-1000</m_PowerRequiredCharging>
				<m_PowerRequiredSustaining>-500</m_PowerRequiredSustaining>

				<m_BlockIndirect_Avalable>true</m_BlockIndirect_Avalable>
				<m_BlockDirect_Avalable>true</m_BlockDirect_Avalable>
				<m_FireSupression_Avalable>true</m_FireSupression_Avalable>
				<m_InterceptDropPod_Avalable>false</m_InterceptDropPod_Avalable>

				<m_StructuralIntegrityMode>false</m_StructuralIntegrityMode>

				<m_RechargeTickDelayInterval>15</m_RechargeTickDelayInterval>
				<m_RecoverWarmupDelayTicks>900</m_RecoverWarmupDelayTicks>

				<m_colourRed>0.0</m_colourRed>
				<m_colourGreen>0.3764705882352941</m_colourGreen>
				<m_colourBlue>0.7294117647058823</m_colourBlue>
			</li>
		</comps>
		<specialDisplayRadius>2</specialDisplayRadius>

	</ThingDef>

	<ThingDef ParentName="ShieldBase">
		<defName>Building_Shield_Fortress</defName>
		<label>Fortress shield</label>
		<description>By refocusing the primary coil system into a vertical configuration the shields range can be extended, while lacking the flexability of the Fire Supression mode it does cover a large area and gain the ability to disrupt the avionic systems of DropPods, caulsing failure of their decent rockets and therefore a terminal velocity impact.</description>
		<researchPrerequisites>
			<li>Building_ShieldFortress_research</li>
		</researchPrerequisites>
		<graphicData>
			<texPath>Things/ShieldBuilding_Green</texPath>
			<graphicClass>Graphic_Single</graphicClass>
			<drawSize>(2,2)</drawSize>
		</graphicData>
		<uiIconPath>Things/ShieldBuilding_Green</uiIconPath>
		<comps>
			<li Class="CompProperties_Power">
				<compClass>CompPowerTrader</compClass>
				<basePowerConsumption>1000</basePowerConsumption>
			</li>
			<li Class="CompProperties_Flickable"/>
			<li Class="CompProperties_Breakdownable"/>
			<li Class="EnhancedDevelopment.Shields.Basic.CompProperties_ShieldBuilding">
				<m_FieldIntegrity_Max>16000</m_FieldIntegrity_Max>
				<m_FieldIntegrity_Initial>100</m_FieldIntegrity_Initial>
				<m_Field_Radius>20</m_Field_Radius>

				<m_PowerRequiredCharging>-5000</m_PowerRequiredCharging>
				<m_PowerRequiredSustaining>-2500</m_PowerRequiredSustaining>

				<m_BlockIndirect_Avalable>true</m_BlockIndirect_Avalable>
				<m_BlockDirect_Avalable>true</m_BlockDirect_Avalable>
				<m_FireSupression_Avalable>false</m_FireSupression_Avalable>
				<m_InterceptDropPod_Avalable>true</m_InterceptDropPod_Avalable>

				<m_StructuralIntegrityMode>false</m_StructuralIntegrityMode>

				<m_RechargeTickDelayInterval>15</m_RechargeTickDelayInterval>
				<m_RecoverWarmupDelayTicks>900</m_RecoverWarmupDelayTicks>

				<m_colourRed>0.0</m_colourRed>
				<m_colourGreen>1.0</m_colourGreen>
				<m_colourBlue>0.5</m_colourBlue>
			</li>
		</comps>
		<costList>
			<Steel>200</Steel>
			<Silver>600</Silver>
		</costList>

		<size>(2,2)</size>
		<specialDisplayRadius>20</specialDisplayRadius>

	</ThingDef>

	<ThingDef ParentName="ShieldBase">
		<defName>Building_ShieldSIF</defName>
		<label>SIF shield</label>
		<description>Rather than creating a large circular shield this generator will create an small individual shield over each wall/door object.</description>
		<researchPrerequisites>
			<li>Building_ShieldSIF_research</li>
		</researchPrerequisites>
		<graphicData>
			<texPath>Things/ShieldBuilding_Yellow</texPath>
			<graphicClass>Graphic_Single</graphicClass>
		</graphicData>
		<uiIconPath>Things/ShieldBuilding_Yellow</uiIconPath>
		<comps>
			<li Class="CompProperties_Power">
				<compClass>CompPowerTrader</compClass>
				<basePowerConsumption>1000</basePowerConsumption>
			</li>
			<li Class="CompProperties_Flickable"/>
			<li Class="CompProperties_Breakdownable"/>
			<li Class="EnhancedDevelopment.Shields.Basic.CompProperties_ShieldBuilding">
				<m_FieldIntegrity_Max>6000</m_FieldIntegrity_Max>
				<m_FieldIntegrity_Initial>100</m_FieldIntegrity_Initial>
				<m_Field_Radius>8</m_Field_Radius>

				<m_PowerRequiredCharging>-2500</m_PowerRequiredCharging>
				<m_PowerRequiredSustaining>-1500</m_PowerRequiredSustaining>

				<m_BlockIndirect_Avalable>false</m_BlockIndirect_Avalable>
				<m_BlockDirect_Avalable>true</m_BlockDirect_Avalable>
				<m_FireSupression_Avalable>true</m_FireSupression_Avalable>
				<m_InterceptDropPod_Avalable>false</m_InterceptDropPod_Avalable>

				<m_StructuralIntegrityMode>true</m_StructuralIntegrityMode>

				<m_RechargeTickDelayInterval>15</m_RechargeTickDelayInterval>
				<m_RecoverWarmupDelayTicks>900</m_RecoverWarmupDelayTicks>

				<m_colourRed>0.0</m_colourRed>
				<m_colourGreen>0.3764705882352941</m_colourGreen>
				<m_colourBlue>0.7294117647058823</m_colourBlue>

				<SIFBuildings>
					<li>Sandbags</li>
					<li>Wall</li>
					<li>Door</li>
					<li>Autodoor</li>
					<li>Embrasure</li>
				</SIFBuildings>
			</li>
		</comps>	
	</ThingDef>

</Things>