﻿<?xml version="1.0" encoding="utf-8" ?>
<Defs>

  <ThingDef Abstract="True" ParentName="BaseAnimal" Name="BaseBear">
    <statBases>
      <MoveSpeed>4.3</MoveSpeed>
      <ComfyTemperatureMin>-40</ComfyTemperatureMin>
      <MarketValue>700</MarketValue>
    </statBases>
    <verbs>
      <li>
        <verbClass>Verb_MeleeAttack</verbClass>
        <defaultCooldownTicks>120</defaultCooldownTicks>
        <meleeDamageBaseAmount>17</meleeDamageBaseAmount>
        <meleeDamageDef>Scratch</meleeDamageDef>
        <linkedBodyPartsGroup>FrontLeftPaw</linkedBodyPartsGroup>
        <surpriseAttack>
          <extraMeleeDamages>
            <li>
              <def>Stun</def>
              <amount>21</amount>
            </li>
          </extraMeleeDamages>
        </surpriseAttack>
      </li>
      <li>
        <verbClass>Verb_MeleeAttack</verbClass>
        <defaultCooldownTicks>120</defaultCooldownTicks>
        <meleeDamageBaseAmount>17</meleeDamageBaseAmount>
        <meleeDamageDef>Scratch</meleeDamageDef>
        <linkedBodyPartsGroup>FrontRightPaw</linkedBodyPartsGroup>
        <surpriseAttack>
          <extraMeleeDamages>
            <li>
              <def>Stun</def>
              <amount>21</amount>
            </li>
          </extraMeleeDamages>
        </surpriseAttack>
      </li>
      <li>
        <verbClass>Verb_MeleeAttack</verbClass>
        <defaultCooldownTicks>100</defaultCooldownTicks>
        <meleeDamageBaseAmount>15</meleeDamageBaseAmount>
        <meleeDamageDef>Bite</meleeDamageDef>
        <linkedBodyPartsGroup>Teeth</linkedBodyPartsGroup>
        <surpriseAttack>
          <extraMeleeDamages>
            <li>
              <def>Stun</def>
              <amount>21</amount>
            </li>
          </extraMeleeDamages>
        </surpriseAttack>
      </li>
    </verbs>
    <race>
      <herdAnimal>false</herdAnimal>
      <predator>true</predator>
      <body>QuadrupedAnimalWithPaws</body>
      <baseHungerRate>0.35</baseHungerRate>
      <baseBodySize>2.15</baseBodySize>
      <baseHealthScale>2.5</baseHealthScale>
      <foodType>OmnivoreAnimal, OvivoreAnimal</foodType>
      <gestationPeriodDays>30</gestationPeriodDays>
      <wildness>0.75</wildness>
      <nuzzleChancePerHour>0.05</nuzzleChancePerHour>
      <lifeExpectancy>22</lifeExpectancy>
      <manhunterOnTameFailChance>0.01</manhunterOnTameFailChance>
      <manhunterOnDamageChance>1</manhunterOnDamageChance>
      <lifeStageAges>
        <li>
          <def>AnimalBaby</def>
          <minAge>0</minAge>
        </li>
        <li>
          <def>AnimalJuvenile</def>
          <minAge>0.4</minAge>
        </li>
        <li>
          <def>AnimalAdult</def>
          <minAge>1.9</minAge>
          <soundWounded>Pawn_Bear_Injured</soundWounded>
          <soundDeath>Pawn_Bear_Death</soundDeath>
          <soundCall>Pawn_Bear_Call</soundCall>
          <soundAngry>Pawn_Bear_Angry</soundAngry>
        </li>
      </lifeStageAges>
      <soundMeleeHitPawn>Pawn_Melee_BigBash_HitPawn</soundMeleeHitPawn>
      <soundMeleeHitBuilding>Pawn_Melee_BigBash_HitBuilding</soundMeleeHitBuilding>
      <soundMeleeMiss>Pawn_Melee_BigBash_Miss</soundMeleeMiss>
    </race>
    <tradeTags>
      <li>StandardAnimal</li>
      <li>BadassAnimal</li>
    </tradeTags>
  </ThingDef>


  <ThingDef ParentName="BaseBear">
    <defName>GrizzlyBear</defName>
    <label>grizzly bear</label>
    <description>Huge omnivorous mammals adapted for cold climates. Their thick blubber and fur keep them warm in winter.\n\nWhile their usual diet consists of fish, berries, honey, and scavenged meat, the grizzly is capable of using its massive strength and deadly claws to kill live prey. They are startlingly quick for such lumbering creatures.</description>
    <race>
      <leatherColor>(112,82,65)</leatherColor>
      <leatherInsulation>1.45</leatherInsulation>
      <leatherLabel>bearskin</leatherLabel>
    </race>
  </ThingDef>

  <ThingDef ParentName="BaseBear">
    <defName>PolarBear</defName>
    <label>polar bear</label>
    <description>A great white bear that lives in the far north. Their thick blubber and fur keep them warm in winter.\n\nWhile their usual diet consists of fish and scavenged meat, the polar bear is more than capable of using its massive strength and deadly claws to kill live prey. They are startlingly quick for such lumbering creatures.</description>
    <statBases>
      <ComfyTemperatureMin>-80</ComfyTemperatureMin>
    </statBases>
    <race>
      <wildness>0.85</wildness>
      <leatherColor>(180,180,180)</leatherColor>
      <leatherInsulation>1.80</leatherInsulation>
      <leatherLabel>polarbearskin</leatherLabel>
    </race>
  </ThingDef>
  

</Defs>