﻿<?xml version="1.0" encoding="utf-8" ?>
<Defs>

  <ThingDef Name="BasePawn" Abstract="True">
    <thingClass>Enhanced_Development.PersonalShields.Animal.ShieldPawn</thingClass>
    <category>Pawn</category>
    <selectable>true</selectable>
    <tickerType>Normal</tickerType>
    <altitudeLayer>Pawn</altitudeLayer>
    <useHitPoints>false</useHitPoints>
    <hasTooltip>true</hasTooltip>
    <soundImpactDefault>BulletImpactFlesh</soundImpactDefault>
    <inspectorTabs>
      <li>ITab_Pawn_Health</li>
      <li>ITab_Pawn_Needs</li>
      <li>ITab_Pawn_Character</li>
      <li>ITab_Pawn_Training</li>
      <li>ITab_Pawn_Gear</li>
      <li>ITab_Pawn_Guest</li>
      <li>ITab_Pawn_Prisoner</li>
      <li>ITab_Pawn_Social</li>
    </inspectorTabs>
    <comps>
      <li>
        <compClass>CompAttachBase</compClass>
      </li>
    </comps>
    <drawGUIOverlay>true</drawGUIOverlay>
  </ThingDef>
  
  <ThingDef ParentName="BasePawn" Name="BaseAnimal" Abstract="True">
    <statBases>
      <Flammability>1.0</Flammability>
      <LeatherAmount>20</LeatherAmount>
    </statBases>
    <race>
      <thinkTreeMain>Animal</thinkTreeMain>
      <thinkTreeConstant>AnimalConstant</thinkTreeConstant>
      <minFoodPreferability>NeverForNutrition</minFoodPreferability>
      <hasGenders>true</hasGenders>
      <nameGenerator>NamerAnimalGeneric</nameGenerator>
      <manhunterOnDamageChance>0.0125</manhunterOnDamageChance>
      <nameOnNuzzleChance>0.5</nameOnNuzzleChance>
      <hediffGiverSets>
        <li>OrganicStandard</li>
      </hediffGiverSets>
    </race>
    <recipes>
      <li>ExciseCarcinoma</li>
      <li>RemoveBodyPart</li>
      <li>Euthanize</li>
    </recipes>
  </ThingDef>

  <!-- ============================================================ -->


  <ThingDef ParentName="BaseAnimal">
    <defName>Muffalo</defName>
    <label>muffalo</label>
    <description>A large herding herbivore descended from buffalo and adapted for some exotic environment. Peaceful unless disturbed.</description>
    <statBases>
      <MoveSpeed>3.6</MoveSpeed>
      <ComfyTemperatureMin>-45</ComfyTemperatureMin>
      <MarketValue>500</MarketValue>
    </statBases>
    <verbs>
      <li>
        <verbClass>Verb_MeleeAttack</verbClass>
        <defaultCooldownTicks>100</defaultCooldownTicks>
        <meleeDamageBaseAmount>10</meleeDamageBaseAmount>
        <meleeDamageDef>Blunt</meleeDamageDef>
        <linkedBodyPartsGroup>HeadAttackTool</linkedBodyPartsGroup>
      </li>
    </verbs>
    <comps>
      <li Class="CompProperties_Milkable">
        <milkDef>Milk</milkDef>
        <milkIntervalDays>2</milkIntervalDays>
        <milkAmount>6</milkAmount>
      </li>
      <li Class="CompProperties_Shearable">
        <woolDef>MuffaloWool</woolDef>
        <shearIntervalDays>30</shearIntervalDays>
        <woolAmount>100</woolAmount>
      </li>
    </comps>
    <race>
      <herdAnimal>true</herdAnimal>
      <body>QuadrupedAnimalWithHooves</body>
      <baseBodySize>2.0</baseBodySize>
      <baseHealthScale>1.75</baseHealthScale>
      <foodType>VegetarianRoughAnimal</foodType>
      <leatherColor>(67,103,115)</leatherColor>
      <leatherInsulation>1.5</leatherInsulation>
      <gestationPeriodDays>30</gestationPeriodDays>
      <wildness>0.5</wildness>
      <nuzzleChancePerHour>0.02</nuzzleChancePerHour>
      <lifeExpectancy>15</lifeExpectancy>
      <lifeStageAges>
        <li>
          <def>AnimalBaby</def>
          <minAge>0</minAge>
        </li>
        <li>
          <def>AnimalJuvenile</def>
          <minAge>0.25</minAge>
        </li>
        <li>
          <def>AnimalAdult</def>
          <minAge>1</minAge>
          <soundWounded>Pawn_Muffalo_Wounded</soundWounded>
          <soundDeath>Pawn_Muffalo_Death</soundDeath>
          <soundCall>Pawn_Muffalo_Call</soundCall>
          <soundAngry>Pawn_Muffalo_Angry</soundAngry>
        </li>
      </lifeStageAges>
      <soundMeleeHitPawn>Pawn_Melee_BigBash_HitPawn</soundMeleeHitPawn>
      <soundMeleeHitBuilding>Pawn_Melee_BigBash_HitBuilding</soundMeleeHitBuilding>
      <soundMeleeMiss>Pawn_Melee_BigBash_Miss</soundMeleeMiss>
    </race>
    <tradeTags>
      <li>StandardAnimal</li>
    </tradeTags>
  </ThingDef>



  <ThingDef ParentName="BaseAnimal">
    <defName>Iguana</defName>
    <label>iguana</label>
    <description>These large lizards normally feed on plant matter. However, when angered, their tough hide and sharp claws make them quite dangerous.</description>
    <statBases>
      <MoveSpeed>3.23</MoveSpeed>
      <ComfyTemperatureMin>0</ComfyTemperatureMin>
      <MarketValue>100</MarketValue>
    </statBases>
    <verbs>
      <li>
        <verbClass>Verb_MeleeAttack</verbClass>
        <defaultCooldownTicks>100</defaultCooldownTicks>
        <meleeDamageBaseAmount>8</meleeDamageBaseAmount>
        <meleeDamageDef>Scratch</meleeDamageDef>
        <linkedBodyPartsGroup>FrontLeftClaws</linkedBodyPartsGroup>
      </li>
      <li>
        <verbClass>Verb_MeleeAttack</verbClass>
        <defaultCooldownTicks>100</defaultCooldownTicks>
        <meleeDamageBaseAmount>8</meleeDamageBaseAmount>
        <meleeDamageDef>Scratch</meleeDamageDef>
        <linkedBodyPartsGroup>FrontRightClaws</linkedBodyPartsGroup>
      </li>
      <li>
        <verbClass>Verb_MeleeAttack</verbClass>
        <defaultCooldownTicks>100</defaultCooldownTicks>
        <meleeDamageBaseAmount>6</meleeDamageBaseAmount>
        <meleeDamageDef>Bite</meleeDamageDef>
        <linkedBodyPartsGroup>Teeth</linkedBodyPartsGroup>
      </li>
    </verbs>
    <comps>
      <li Class="CompProperties_EggLayer">
        <eggFertilizedDef>EggIguanaFertilized</eggFertilizedDef>
        <eggFertilizationCountMax>1</eggFertilizationCountMax>
        <eggLayIntervalDays>10</eggLayIntervalDays>
        <eggProgressUnfertilizedMax>0.5</eggProgressUnfertilizedMax>
        <eggCountRange>
          <min>5</min>
          <max>7</max>
        </eggCountRange>
      </li>
    </comps>
    <race>
      <baseHungerRate>0.20</baseHungerRate>
      <body>QuadrupedAnimalWithClawsTailAndJowl</body>
      <baseBodySize>0.28</baseBodySize>
      <baseHealthScale>0.5</baseHealthScale>
      <foodType>OmnivoreRoughAnimal</foodType>
      <leatherColor>(101,116,58)</leatherColor>
      <leatherLabel>iguana skin</leatherLabel>
      <leatherInsulation>0.75</leatherInsulation>
      <wildness>0.5</wildness>
      <nuzzleChancePerHour>0.02</nuzzleChancePerHour>
      <gestationPeriodDays>14</gestationPeriodDays>
      <litterSizeCurve>
        <points>
          <li>(0.5, 0)</li>
          <li>(1, 1)</li>
          <li>(3, 1)</li>
          <li>(3.5, 0)</li>
        </points>
      </litterSizeCurve>
      <lifeExpectancy>12</lifeExpectancy>
      <lifeStageAges>
        <li>
          <def>AnimalBaby</def>
          <minAge>0</minAge>
        </li>
        <li>
          <def>AnimalJuvenile</def>
          <minAge>0.09</minAge>
        </li>
        <li>
          <def>AnimalAdult</def>
          <minAge>0.35</minAge>
          <soundWounded>Pawn_Iguana_Wounded</soundWounded>
          <soundDeath>Pawn_Iguana_Death</soundDeath>
          <soundCall>Pawn_Iguana_Call</soundCall>
          <soundAngry>Pawn_Iguana_Angry</soundAngry>
        </li>
      </lifeStageAges>
      <soundMeleeHitPawn>Pawn_Melee_SmallScratch_HitPawn</soundMeleeHitPawn>
      <soundMeleeHitBuilding>Pawn_Melee_SmallScratch_HitBuilding</soundMeleeHitBuilding>
      <soundMeleeMiss>Pawn_Melee_SmallScratch_Miss</soundMeleeMiss>
    </race>
    <tradeTags>
      <li>StandardAnimal</li>
    </tradeTags>
  </ThingDef>

  <ThingDef ParentName="BaseAnimal">
    <defName>Rhinoceros</defName>
    <label>rhinoceros</label>
    <description>This large land mammal is typically quite peaceful, but it will not hesitate to charge with its horn to fend off trespassers.</description>
    <statBases>
      <MoveSpeed>3.8</MoveSpeed>
      <ComfyTemperatureMin>-8</ComfyTemperatureMin>
      <MarketValue>1000</MarketValue>
    </statBases>
    <verbs>
      <li>
        <verbClass>Verb_MeleeAttack</verbClass>
        <defaultCooldownTicks>100</defaultCooldownTicks>
        <meleeDamageBaseAmount>15</meleeDamageBaseAmount>
        <meleeDamageDef>Scratch</meleeDamageDef>
        <linkedBodyPartsGroup>HornAttackTool</linkedBodyPartsGroup>
      </li>
      <li>
        <verbClass>Verb_MeleeAttack</verbClass>
        <defaultCooldownTicks>100</defaultCooldownTicks>
        <meleeDamageBaseAmount>17</meleeDamageBaseAmount>
        <meleeDamageDef>Blunt</meleeDamageDef>
        <linkedBodyPartsGroup>HornAttackTool</linkedBodyPartsGroup>
      </li>
    </verbs>
    <race>
      <body>QuadrupedAnimalWithHoovesAndHorn</body>
      <baseHungerRate>1.5</baseHungerRate>
      <baseBodySize>3.0</baseBodySize>
      <baseHealthScale>3.5</baseHealthScale>
      <foodType>VegetarianRoughAnimal</foodType>
      <leatherColor>(150,150,150)</leatherColor>
      <leatherLabel>rhinohide</leatherLabel>
      <leatherInsulation>0.9</leatherInsulation>
      <leatherMarketValue>6</leatherMarketValue>
      <leatherStatFactors>
        <ArmorRating_Blunt>2.0</ArmorRating_Blunt>
        <ArmorRating_Sharp>2.5</ArmorRating_Sharp>
      </leatherStatFactors>
      <wildness>0.90</wildness>
      <manhunterOnTameFailChance>0.02</manhunterOnTameFailChance>
      <manhunterOnDamageChance>1</manhunterOnDamageChance>
      <nuzzleChancePerHour>0.02</nuzzleChancePerHour>
      <gestationPeriodDays>45</gestationPeriodDays>
      <nameOnTameChance>1</nameOnTameChance>
      <lifeExpectancy>45</lifeExpectancy>
      <lifeStageAges>
        <li>
          <def>AnimalBaby</def>
          <minAge>0</minAge>
        </li>
        <li>
          <def>AnimalJuvenile</def>
          <minAge>0.4</minAge>
        </li>
        <li>
          <def>AnimalAdult</def>
          <minAge>1.4</minAge>
          <soundWounded>Pawn_Rhinoceros_Wounded</soundWounded>
          <soundDeath>Pawn_Rhinoceros_Death</soundDeath>
          <soundCall>Pawn_Rhinoceros_Call</soundCall>
          <soundAngry>Pawn_Rhinoceros_Angry</soundAngry>
        </li>
      </lifeStageAges>
      <soundMeleeHitPawn>Pawn_Melee_BigBash_HitPawn</soundMeleeHitPawn>
      <soundMeleeHitBuilding>Pawn_Melee_BigBash_HitBuilding</soundMeleeHitBuilding>
      <soundMeleeMiss>Pawn_Melee_BigBash_Miss</soundMeleeMiss>
    </race>
    <tradeTags>
      <li>StandardAnimal</li>
    </tradeTags>
  </ThingDef>


  <ThingDef ParentName="BaseAnimal">
    <defName>Dromedary</defName>
    <label>dromedary</label>
    <description>Adapted to survival in arid environments, this distant cousin of the horse can go weeks without water.</description>
    <statBases>
      <MoveSpeed>3.4</MoveSpeed>
      <ComfyTemperatureMin>-15</ComfyTemperatureMin>
      <MarketValue>450</MarketValue>
    </statBases>
    <comps>
      <li Class="CompProperties_Milkable">
        <milkDef>Milk</milkDef>
        <milkIntervalDays>2</milkIntervalDays>
        <milkAmount>6</milkAmount>
      </li>
      <li Class="CompProperties_Shearable">
        <woolDef>CamelHair</woolDef>
        <shearIntervalDays>30</shearIntervalDays>
        <woolAmount>100</woolAmount>
      </li>
    </comps>
    <verbs>
      <li>
        <verbClass>Verb_MeleeAttack</verbClass>
        <defaultCooldownTicks>100</defaultCooldownTicks>
        <meleeDamageBaseAmount>8</meleeDamageBaseAmount>
        <meleeDamageDef>Blunt</meleeDamageDef>
        <linkedBodyPartsGroup>FrontLeftLeg</linkedBodyPartsGroup>
      </li>
      <li>
        <verbClass>Verb_MeleeAttack</verbClass>
        <defaultCooldownTicks>100</defaultCooldownTicks>
        <meleeDamageBaseAmount>8</meleeDamageBaseAmount>
        <meleeDamageDef>Blunt</meleeDamageDef>
        <linkedBodyPartsGroup>FrontRightLeg</linkedBodyPartsGroup>
      </li>
    </verbs>
    <race>
      <body>QuadrupedAnimalWithHoovesAndHump</body>
      <herdAnimal>true</herdAnimal>
      <baseHungerRate>0.95</baseHungerRate>
      <baseBodySize>1.9</baseBodySize>
      <baseHealthScale>1.6</baseHealthScale>
      <foodType>VegetarianRoughAnimal</foodType>
      <leatherColor>(204,180,150)</leatherColor>
      <leatherInsulation>1.25</leatherInsulation>
      <wildness>0.25</wildness>
      <nuzzleChancePerHour>0.02</nuzzleChancePerHour>
      <gestationPeriodDays>30</gestationPeriodDays>
      <lifeExpectancy>45</lifeExpectancy>
      <lifeStageAges>
        <li>
          <def>AnimalBaby</def>
          <minAge>0</minAge>
        </li>
        <li>
          <def>AnimalJuvenile</def>
          <minAge>0.5</minAge>
        </li>
        <li>
          <def>AnimalAdult</def>
          <minAge>1.5</minAge>
          <soundWounded>Pawn_Dromedary_Wounded</soundWounded>
          <soundDeath>Pawn_Dromedary_Death</soundDeath>
          <soundCall>Pawn_Dromedary_Call</soundCall>
          <soundAngry>Pawn_Dromedary_Angry</soundAngry>
        </li>
      </lifeStageAges>
      <soundMeleeHitPawn>Pawn_Melee_BigBash_HitPawn</soundMeleeHitPawn>
      <soundMeleeHitBuilding>Pawn_Melee_BigBash_HitBuilding</soundMeleeHitBuilding>
      <soundMeleeMiss>Pawn_Melee_BigBash_Miss</soundMeleeMiss>
    </race>
    <tradeTags>
      <li>StandardAnimal</li>
    </tradeTags>
  </ThingDef>


  <ThingDef ParentName="BaseAnimal">
    <defName>Elephant</defName>
    <label>elephant</label>
    <description>The largest unmodified land animal. It can use its tusks as tools for moving objects - or as deadly weapons.</description>
    <statBases>
      <MoveSpeed>3.8</MoveSpeed>
      <ComfyTemperatureMin>-15</ComfyTemperatureMin>
      <MarketValue>1100</MarketValue>
    </statBases>
    <verbs>
      <li>
        <verbClass>Verb_MeleeAttack</verbClass>
        <defaultCooldownTicks>160</defaultCooldownTicks>
        <meleeDamageBaseAmount>18</meleeDamageBaseAmount>
        <meleeDamageDef>Scratch</meleeDamageDef>
        <linkedBodyPartsGroup>TuskAttackTool</linkedBodyPartsGroup>
      </li>
    </verbs>
    <race>
      <deathActionWorkerClass>DeathActionWorker_DropBodyParts</deathActionWorkerClass>
      <herdAnimal>true</herdAnimal>
      <body>QuadrupedAnimalWithHoovesTusksAndTrunk</body>
      <baseHungerRate>2.0</baseHungerRate>
      <baseBodySize>4.0</baseBodySize>
      <baseHealthScale>3.6</baseHealthScale>
      <foodType>VegetarianRoughAnimal</foodType>
      <leatherLabel>elephant skin</leatherLabel>
      <leatherColor>(130,126,119)</leatherColor>
      <leatherInsulation>1.5</leatherInsulation>
      <gestationPeriodDays>60</gestationPeriodDays>
      <wildness>0.75</wildness>
      <manhunterOnTameFailChance>0.005</manhunterOnTameFailChance>
      <nuzzleChancePerHour>0.04</nuzzleChancePerHour>
      <trainableIntelligence>Advanced</trainableIntelligence>
      <lifeExpectancy>17</lifeExpectancy>
      <lifeStageAges>
        <li>
          <def>AnimalBaby</def>
          <minAge>0</minAge>
        </li>
        <li>
          <def>AnimalJuvenile</def>
          <minAge>0.35</minAge>
        </li>
        <li>
          <def>AnimalAdult</def>
          <minAge>1.2</minAge>
          <soundWounded>Pawn_Elephant_Injured</soundWounded>
          <soundDeath>Pawn_Elephant_Dead</soundDeath>
          <soundCall>Pawn_Elephant_Call</soundCall>
          <soundAngry>Pawn_Elephant_Angry</soundAngry>
        </li>
      </lifeStageAges>
      <soundMeleeHitPawn>Pawn_Melee_BigBash_HitPawn</soundMeleeHitPawn>
      <soundMeleeHitBuilding>Pawn_Melee_BigBash_HitBuilding</soundMeleeHitBuilding>
      <soundMeleeMiss>Pawn_Melee_BigBash_Miss</soundMeleeMiss>
    </race>
    <tradeTags>
      <li>StandardAnimal</li>
    </tradeTags>
  </ThingDef>

</Defs>