﻿<?xml version="1.0" encoding="utf-8" ?>
<Defs>



  <!-- ====================================================== -->


  <ThingDef ParentName="BaseAnimal">
    <defName>Warg</defName>
    <label>warg</label>
    <description>Heavily-muscled wolf-like creatures. Scientists say wargs are the descendants of weaponized military animals created for population suppression. The superstitious see them as the tools of an angry god. They will only eat meat or corpses.</description>
    <statBases>
      <MoveSpeed>5.00</MoveSpeed>
      <ComfyTemperatureMin>-65</ComfyTemperatureMin>
      <MarketValue>450</MarketValue>
    </statBases>
    <verbs>
      <li>
        <verbClass>Verb_MeleeAttack</verbClass>
        <defaultCooldownTicks>90</defaultCooldownTicks>
        <meleeDamageBaseAmount>10</meleeDamageBaseAmount>
        <meleeDamageDef>Scratch</meleeDamageDef>
        <linkedBodyPartsGroup>FrontLeftPaw</linkedBodyPartsGroup>
        <surpriseAttack>
          <extraMeleeDamages>
            <li>
              <def>Stun</def>
              <amount>20</amount>
            </li>
          </extraMeleeDamages>
        </surpriseAttack>
      </li>
      <li>
        <verbClass>Verb_MeleeAttack</verbClass>
        <defaultCooldownTicks>90</defaultCooldownTicks>
        <meleeDamageBaseAmount>10</meleeDamageBaseAmount>
        <meleeDamageDef>Scratch</meleeDamageDef>
        <linkedBodyPartsGroup>FrontRightPaw</linkedBodyPartsGroup>
        <surpriseAttack>
          <extraMeleeDamages>
            <li>
              <def>Stun</def>
              <amount>20</amount>
            </li>
          </extraMeleeDamages>
        </surpriseAttack>
      </li>
      <li>
        <verbClass>Verb_MeleeAttack</verbClass>
        <defaultCooldownTicks>120</defaultCooldownTicks>
        <meleeDamageBaseAmount>12</meleeDamageBaseAmount>
        <meleeDamageDef>Bite</meleeDamageDef>
        <linkedBodyPartsGroup>Teeth</linkedBodyPartsGroup>
        <surpriseAttack>
          <extraMeleeDamages>
            <li>
              <def>Stun</def>
              <amount>20</amount>
            </li>
          </extraMeleeDamages>
        </surpriseAttack>
      </li>
    </verbs>
    <race>
      <body>QuadrupedAnimalWithPawsAndTail</body>
      <predator>true</predator>
      <petness>0.5</petness>
      <baseBodySize>1.0</baseBodySize>
      <baseHungerRate>0.25</baseHungerRate>
      <baseHealthScale>1.15</baseHealthScale>
      <foodType>CarnivoreAnimalStrict</foodType>
      <leatherColor>(128,128,128)</leatherColor>
      <leatherLabel>warg fur</leatherLabel>
      <leatherInsulation>1.5</leatherInsulation>
      <gestationPeriodDays>22.5</gestationPeriodDays>
      <nameOnTameChance>1</nameOnTameChance>
      <trainableIntelligence>Advanced</trainableIntelligence>
      <wildness>0.80</wildness>
      <manhunterOnTameFailChance>0.005</manhunterOnTameFailChance>
      <nuzzleChancePerHour>0.2</nuzzleChancePerHour>
      <litterSizeCurve>
        <points>
          <li>(0.5, 0)</li>
          <li>(1, 1)</li>
          <li>(2, 1.7)</li>
          <li>(3, 0.7)</li>
          <li>(3.5, 0)</li>
        </points>
      </litterSizeCurve>
      <lifeExpectancy>15</lifeExpectancy>
      <lifeStageAges>
        <li>
          <def>AnimalBaby</def>
          <minAge>0</minAge>
        </li>
        <li>
          <def>AnimalJuvenile</def>
          <minAge>0.25</minAge>
        </li>
        <li>
          <def>AnimalAdult</def>
          <minAge>0.8</minAge>
          <soundWounded>Pawn_Warg_Wounded</soundWounded>
          <soundDeath>Pawn_Warg_Death</soundDeath>
          <soundCall>Pawn_Warg_Call</soundCall>
          <soundAngry>Pawn_Warg_Angry</soundAngry>
        </li>
      </lifeStageAges>
      <soundMeleeHitPawn>Pawn_Melee_SmallScratch_HitPawn</soundMeleeHitPawn>
      <soundMeleeHitBuilding>Pawn_Melee_SmallScratch_HitBuilding</soundMeleeHitBuilding>
      <soundMeleeMiss>Pawn_Melee_SmallScratch_Miss</soundMeleeMiss>
    </race>
    <tradeTags>
      <li>StandardAnimal</li>
      <li>BadassAnimal</li>
    </tradeTags>
  </ThingDef>
  
  
  <ThingDef ParentName="BaseAnimal">
    <defName>YorkshireTerrier</defName>
    <label>yorkshire terrier</label>
    <description>A small, even-tempered dog. Originally bred to hunt rats, it later became a show and companionship animal.</description>
    <statBases>
      <MoveSpeed>3.1</MoveSpeed>
      <ComfyTemperatureMin>-8</ComfyTemperatureMin>
      <MarketValue>200</MarketValue>
      <LeatherAmount>20</LeatherAmount>
    </statBases>
    <verbs>
      <li>
        <verbClass>Verb_MeleeAttack</verbClass>
        <defaultCooldownTicks>100</defaultCooldownTicks>
        <meleeDamageBaseAmount>3</meleeDamageBaseAmount>
        <meleeDamageDef>Scratch</meleeDamageDef>
        <linkedBodyPartsGroup>FrontLeftPaw</linkedBodyPartsGroup>
      </li>
      <li>
        <verbClass>Verb_MeleeAttack</verbClass>
        <defaultCooldownTicks>100</defaultCooldownTicks>
        <meleeDamageBaseAmount>3</meleeDamageBaseAmount>
        <meleeDamageDef>Scratch</meleeDamageDef>
        <linkedBodyPartsGroup>FrontRightPaw</linkedBodyPartsGroup>
      </li>
      <li>
        <verbClass>Verb_MeleeAttack</verbClass>
        <defaultCooldownTicks>100</defaultCooldownTicks>
        <meleeDamageBaseAmount>4</meleeDamageBaseAmount>
        <meleeDamageDef>Bite</meleeDamageDef>
        <linkedBodyPartsGroup>Teeth</linkedBodyPartsGroup>
      </li>
    </verbs>
    <race>
      <body>QuadrupedAnimalWithPawsAndTail</body>
      <petness>1</petness>
      <baseBodySize>0.3</baseBodySize>
      <baseHungerRate>0.25</baseHungerRate>
      <baseHealthScale>0.4</baseHealthScale>
      <foodType>OmnivoreAnimal, OvivoreAnimal</foodType>
      <leatherLabel>yorkieskin</leatherLabel>
      <gestationPeriodDays>30</gestationPeriodDays>
      <nameOnTameChance>1</nameOnTameChance>
      <trainableIntelligence>Advanced</trainableIntelligence>
      <wildness>0</wildness>
      <nuzzleChancePerHour>0.95</nuzzleChancePerHour>
      <litterSizeCurve>
        <points>
          <li>(0.5, 0)</li>
          <li>(1, 1)</li>
          <li>(2, 1.7)</li>
          <li>(3, 0.7)</li>
          <li>(3.5, 0)</li>
        </points>
      </litterSizeCurve>
      <lifeExpectancy>15</lifeExpectancy>
      <lifeStageAges>
        <li>
          <def>AnimalBaby</def>
          <minAge>0</minAge>
        </li>
        <li>
          <def>AnimalJuvenile</def>
          <minAge>0.1</minAge>
        </li>
        <li>
          <def>AnimalAdult</def>
          <minAge>0.3</minAge>
          <soundWounded>Pawn_DogSmall_Injured</soundWounded>
          <soundDeath>Pawn_DogSmall_Dead</soundDeath>
          <soundCall>Pawn_DogSmall_Call</soundCall>
          <soundAngry>Pawn_DogSmall_Angry</soundAngry>
        </li>
      </lifeStageAges>
      <soundMeleeHitPawn>Pawn_Melee_SmallScratch_HitPawn</soundMeleeHitPawn>
      <soundMeleeHitBuilding>Pawn_Melee_SmallScratch_HitBuilding</soundMeleeHitBuilding>
      <soundMeleeMiss>Pawn_Melee_SmallScratch_Miss</soundMeleeMiss>
    </race>
    <tradeTags>
      <li>StandardAnimal</li>
    </tradeTags>
  </ThingDef>
  
  
  <ThingDef ParentName="BaseAnimal">
    <defName>Husky</defName>
    <label>husky</label>
    <description>A large, energetic dog with a thick fur coat for remaining comfortable in arctic environments.</description>
    <statBases>
      <MoveSpeed>5.2</MoveSpeed>
      <ComfyTemperatureMin>-50</ComfyTemperatureMin>
      <MarketValue>300</MarketValue>
    </statBases>
    <verbs>
      <li>
        <verbClass>Verb_MeleeAttack</verbClass>
        <defaultCooldownTicks>100</defaultCooldownTicks>
        <meleeDamageBaseAmount>8</meleeDamageBaseAmount>
        <meleeDamageDef>Scratch</meleeDamageDef>
        <linkedBodyPartsGroup>FrontLeftPaw</linkedBodyPartsGroup>
      </li>
      <li>
        <verbClass>Verb_MeleeAttack</verbClass>
        <defaultCooldownTicks>100</defaultCooldownTicks>
        <meleeDamageBaseAmount>8</meleeDamageBaseAmount>
        <meleeDamageDef>Scratch</meleeDamageDef>
        <linkedBodyPartsGroup>FrontRightPaw</linkedBodyPartsGroup>
      </li>
      <li>
        <verbClass>Verb_MeleeAttack</verbClass>
        <defaultCooldownTicks>100</defaultCooldownTicks>
        <meleeDamageBaseAmount>9</meleeDamageBaseAmount>
        <meleeDamageDef>Bite</meleeDamageDef>
        <linkedBodyPartsGroup>Teeth</linkedBodyPartsGroup>
      </li>
    </verbs>
    <race>
      <body>QuadrupedAnimalWithPawsAndTail</body>
      <petness>1</petness>
      <herdAnimal>true</herdAnimal>
      <baseBodySize>1.0</baseBodySize>
      <baseHungerRate>0.5</baseHungerRate>
      <baseHealthScale>1.05</baseHealthScale>
      <foodType>OmnivoreAnimal, OvivoreAnimal</foodType>
      <leatherColor>(108,95,70)</leatherColor>
      <leatherLabel>husky fur</leatherLabel>
      <leatherInsulation>1.6</leatherInsulation>
      <gestationPeriodDays>22.5</gestationPeriodDays>
      <nameOnTameChance>1</nameOnTameChance>
      <trainableIntelligence>Advanced</trainableIntelligence>
      <wildness>0</wildness>
      <nuzzleChancePerHour>0.2</nuzzleChancePerHour>
      <litterSizeCurve>
        <points>
          <li>(0.5, 0)</li>
          <li>(1, 1)</li>
          <li>(2, 1.7)</li>
          <li>(3, 0.7)</li>
          <li>(3.5, 0)</li>
        </points>
      </litterSizeCurve>
      <lifeExpectancy>12</lifeExpectancy>
      <lifeStageAges>
        <li>
          <def>AnimalBaby</def>
          <minAge>0</minAge>
        </li>
        <li>
          <def>AnimalJuvenile</def>
          <minAge>0.25</minAge>
        </li>
        <li>
          <def>AnimalAdult</def>
          <minAge>0.8</minAge>
          <soundWounded>Pawn_Dog_Injured</soundWounded>
          <soundDeath>Pawn_Dog_Dead</soundDeath>
          <soundCall>Pawn_Dog_Call</soundCall>
          <soundAngry>Pawn_Dog_Angry</soundAngry>
        </li>
      </lifeStageAges>
      <soundMeleeHitPawn>Pawn_Melee_SmallScratch_HitPawn</soundMeleeHitPawn>
      <soundMeleeHitBuilding>Pawn_Melee_SmallScratch_HitBuilding</soundMeleeHitBuilding>
      <soundMeleeMiss>Pawn_Melee_SmallScratch_Miss</soundMeleeMiss>
    </race>
    <tradeTags>
      <li>StandardAnimal</li>
      <li>BadassAnimal</li>
    </tradeTags>
  </ThingDef>
  
  
  <ThingDef ParentName="BaseAnimal">
    <defName>LabradorRetriever</defName>
    <label>labrador retriever</label>
    <description>A very versatile, medium-sized dog. Originally bred to retrieve birds shot on the hunt, the lab is also an excellent guard dog, play pal, and family friend.</description>
    <statBases>
      <MoveSpeed>5.0</MoveSpeed>
      <ComfyTemperatureMin>-14</ComfyTemperatureMin>
      <MarketValue>300</MarketValue>
    </statBases>
    <verbs>
      <li>
        <verbClass>Verb_MeleeAttack</verbClass>
        <defaultCooldownTicks>100</defaultCooldownTicks>
        <meleeDamageBaseAmount>7</meleeDamageBaseAmount>
        <meleeDamageDef>Scratch</meleeDamageDef>
        <linkedBodyPartsGroup>FrontLeftPaw</linkedBodyPartsGroup>
      </li>
      <li>
        <verbClass>Verb_MeleeAttack</verbClass>
        <defaultCooldownTicks>100</defaultCooldownTicks>
        <meleeDamageBaseAmount>7</meleeDamageBaseAmount>
        <meleeDamageDef>Scratch</meleeDamageDef>
        <linkedBodyPartsGroup>FrontRightPaw</linkedBodyPartsGroup>
      </li>
      <li>
        <verbClass>Verb_MeleeAttack</verbClass>
        <defaultCooldownTicks>100</defaultCooldownTicks>
        <meleeDamageBaseAmount>9</meleeDamageBaseAmount>
        <meleeDamageDef>Bite</meleeDamageDef>
        <linkedBodyPartsGroup>Teeth</linkedBodyPartsGroup>
      </li>
    </verbs>
    <race>
      <body>QuadrupedAnimalWithPawsAndTail</body>
      <petness>1</petness>
      <herdAnimal>true</herdAnimal>
      <baseBodySize>1.0</baseBodySize>
      <baseHungerRate>0.5</baseHungerRate>
      <baseHealthScale>1.0</baseHealthScale>
      <foodType>OmnivoreAnimal, OvivoreAnimal</foodType>
      <leatherColor>(220,198,160)</leatherColor>
      <leatherLabel>labrador fur</leatherLabel>
      <leatherInsulation>1.3</leatherInsulation>
      <gestationPeriodDays>22.5</gestationPeriodDays>
      <nameOnTameChance>1</nameOnTameChance>
      <trainableIntelligence>Advanced</trainableIntelligence>
      <wildness>0</wildness>
      <nuzzleChancePerHour>0.2</nuzzleChancePerHour>
      <litterSizeCurve>
        <points>
          <li>(0.5, 0)</li>
          <li>(1, 1)</li>
          <li>(2, 1.7)</li>
          <li>(3, 0.7)</li>
          <li>(3.5, 0)</li>
        </points>
      </litterSizeCurve>
      <lifeExpectancy>12</lifeExpectancy>
      <lifeStageAges>
        <li>
          <def>AnimalBaby</def>
          <minAge>0</minAge>
        </li>
        <li>
          <def>AnimalJuvenile</def>
          <minAge>0.25</minAge>
        </li>
        <li>
          <def>AnimalAdult</def>
          <minAge>0.8</minAge>
          <soundWounded>Pawn_Dog_Injured</soundWounded>
          <soundDeath>Pawn_Dog_Dead</soundDeath>
          <soundCall>Pawn_Dog_Call</soundCall>
          <soundAngry>Pawn_Dog_Angry</soundAngry>
        </li>
      </lifeStageAges>
      <soundMeleeHitPawn>Pawn_Melee_SmallScratch_HitPawn</soundMeleeHitPawn>
      <soundMeleeHitBuilding>Pawn_Melee_SmallScratch_HitBuilding</soundMeleeHitBuilding>
      <soundMeleeMiss>Pawn_Melee_SmallScratch_Miss</soundMeleeMiss>
    </race>
    <tradeTags>
      <li>StandardAnimal</li>
      <li>BadassAnimal</li>
    </tradeTags>
  </ThingDef>
  

  <ThingDef ParentName="BaseAnimal">
    <defName>Cat</defName>
    <label>cat</label>
    <description>One of mankind's first pets, the cat is a small mammal which hunts vermin. Known for their aloofness, cats are nevertheless popular companions because of their calmness, independence, and fine, pettable fur.</description>
    <statBases>
      <MoveSpeed>4.5</MoveSpeed>
      <ComfyTemperatureMin>-14</ComfyTemperatureMin>
      <MarketValue>250</MarketValue>
    </statBases>
    <verbs>
      <li>
        <verbClass>Verb_MeleeAttack</verbClass>
        <defaultCooldownTicks>90</defaultCooldownTicks>
        <meleeDamageBaseAmount>6</meleeDamageBaseAmount>
        <meleeDamageDef>Scratch</meleeDamageDef>
        <linkedBodyPartsGroup>FrontLeftPaw</linkedBodyPartsGroup>
        <surpriseAttack>
          <extraMeleeDamages>
            <li>
              <def>Stun</def>
              <amount>20</amount>
            </li>
          </extraMeleeDamages>
        </surpriseAttack>
      </li>
      <li>
        <verbClass>Verb_MeleeAttack</verbClass>
        <defaultCooldownTicks>90</defaultCooldownTicks>
        <meleeDamageBaseAmount>6</meleeDamageBaseAmount>
        <meleeDamageDef>Scratch</meleeDamageDef>
        <linkedBodyPartsGroup>FrontRightPaw</linkedBodyPartsGroup>
        <surpriseAttack>
          <extraMeleeDamages>
            <li>
              <def>Stun</def>
              <amount>20</amount>
            </li>
          </extraMeleeDamages>
        </surpriseAttack>
      </li>
      <li>
        <verbClass>Verb_MeleeAttack</verbClass>
        <defaultCooldownTicks>100</defaultCooldownTicks>
        <meleeDamageBaseAmount>6</meleeDamageBaseAmount>
        <meleeDamageDef>Bite</meleeDamageDef>
        <linkedBodyPartsGroup>Teeth</linkedBodyPartsGroup>
        <surpriseAttack>
          <extraMeleeDamages>
            <li>
              <def>Stun</def>
              <amount>20</amount>
            </li>
          </extraMeleeDamages>
        </surpriseAttack>
      </li>
    </verbs>
    <race>
      <body>QuadrupedAnimalWithPawsAndTail</body>
      <predator>true</predator>
      <maxPreyBodySize>0.25</maxPreyBodySize>
      <baseBodySize>0.255</baseBodySize>
      <baseHungerRate>0.1</baseHungerRate>
      <baseHealthScale>0.42</baseHealthScale>
      <foodType>CarnivoreAnimal, OvivoreAnimal</foodType>
      <leatherLabel>catskin</leatherLabel>
      <leatherColor>(189,171,159)</leatherColor>
      <leatherInsulation>1.05</leatherInsulation>
      <wildness>0.2</wildness>
      <petness>1</petness>
      <trainableIntelligence>None</trainableIntelligence>
      <nuzzleChancePerHour>0.22</nuzzleChancePerHour>
      <gestationPeriodDays>20</gestationPeriodDays>
      <nameOnTameChance>1</nameOnTameChance>
      <litterSizeCurve>
        <points>
          <li>(0.5, 0)</li>
          <li>(1, 1)</li>
          <li>(2, 1.7)</li>
          <li>(3, 0.7)</li>
          <li>(3.5, 0)</li>
        </points>
      </litterSizeCurve>
      <lifeExpectancy>10</lifeExpectancy>
      <lifeStageAges>
        <li>
          <def>AnimalBaby</def>
          <minAge>0</minAge>
        </li>
        <li>
          <def>AnimalJuvenile</def>
          <minAge>0.15</minAge>
        </li>
        <li>
          <def>AnimalAdult</def>
          <minAge>1</minAge>
          <soundWounded>Pawn_Cat_Injured</soundWounded>
          <soundDeath>Pawn_Cat_Death</soundDeath>
          <soundCall>Pawn_Cat_Call</soundCall>
          <soundAngry>Pawn_Cat_Angry</soundAngry>
        </li>
      </lifeStageAges>
      <soundMeleeHitPawn>Pawn_Melee_SmallScratch_HitPawn</soundMeleeHitPawn>
      <soundMeleeHitBuilding>Pawn_Melee_SmallScratch_HitBuilding</soundMeleeHitBuilding>
      <soundMeleeMiss>Pawn_Melee_SmallScratch_Miss</soundMeleeMiss>
    </race>
    <tradeTags>
      <li>StandardAnimal</li>
      <li>BadassAnimal</li>
    </tradeTags>
  </ThingDef>

</Defs>