﻿<?xml version="1.0" encoding="utf-8" ?>
<Defs>

  <ThingDef Abstract="True" ParentName="BaseAnimal" Name="BaseHare">
    <statBases>
      <MoveSpeed>5.5</MoveSpeed>
      <ComfyTemperatureMin>-30</ComfyTemperatureMin>
      <MarketValue>40</MarketValue>
    </statBases>
    <verbs>
      <li>
        <verbClass>Verb_MeleeAttack</verbClass>
        <defaultCooldownTicks>100</defaultCooldownTicks>
        <meleeDamageBaseAmount>3</meleeDamageBaseAmount>
        <meleeDamageDef>Bite</meleeDamageDef>
        <linkedBodyPartsGroup>Teeth</linkedBodyPartsGroup>
      </li>
    </verbs>
    <race>
      <body>QuadrupedAnimalWithPawsAndTail</body>
      <baseBodySize>0.2</baseBodySize>
      <baseHungerRate>0.23</baseHungerRate>
      <baseHealthScale>0.4</baseHealthScale>
      <foodType>VegetarianRoughAnimal</foodType>
      <wildness>0.75</wildness>
      <nuzzleChancePerHour>0.14</nuzzleChancePerHour>
      <nuzzlePower>1.5</nuzzlePower>
      <gestationPeriodDays>8.5</gestationPeriodDays>
      <litterSizeCurve>
        <points>
          <li>(2.5, 0)</li>
          <li>(3, 1)</li>
          <li>(4, 1)</li>
          <li>(4.5, 0)</li>
        </points>
      </litterSizeCurve>
      <lifeExpectancy>8</lifeExpectancy>
      <lifeStageAges>
        <li>
          <def>AnimalBaby</def>
          <minAge>0</minAge>
        </li>
        <li>
          <def>AnimalJuvenile</def>
          <minAge>0.1</minAge>
        </li>
        <li>
          <def>AnimalAdult</def>
          <minAge>0.3</minAge>
          <soundWounded>Pawn_Hare_Wounded</soundWounded>
          <soundDeath>Pawn_Hare_Death</soundDeath>
          <soundCall>Pawn_Hare_Call</soundCall>
          <soundAngry>Pawn_Hare_Angry</soundAngry>
        </li>
      </lifeStageAges>
      <soundMeleeHitPawn>Pawn_Melee_SmallScratch_HitPawn</soundMeleeHitPawn>
      <soundMeleeHitBuilding>Pawn_Melee_SmallScratch_HitBuilding</soundMeleeHitBuilding>
      <soundMeleeMiss>Pawn_Melee_SmallScratch_Miss</soundMeleeMiss>
    </race>
    <tradeTags>
      <li>StandardAnimal</li>
    </tradeTags>
  </ThingDef>


  <ThingDef ParentName="BaseHare">
    <defName>Hare</defName>
    <label>hare</label>
    <description>This small, solitary herbivore can swiftly hop away from danger.</description>
    <race>
      <leatherColor>(131,128,108)</leatherColor>
      <leatherInsulation>1.2</leatherInsulation>
    </race>
  </ThingDef>

  <ThingDef ParentName="BaseHare">
    <defName>Snowhare</defName>
    <label>snowhare</label>
    <description>This hardy, animal survives the brutal winters of the north by burrowing through snow and finding prey underneath, or hibernating the worst months away.</description>
    <statBases>
      <ComfyTemperatureMin>-70</ComfyTemperatureMin>
    </statBases>
    <race>
      <leatherColor>(180,180,180)</leatherColor>
      <leatherInsulation>1.6</leatherInsulation>
    </race>
  </ThingDef>

</Defs>