﻿<?xml version="1.0" encoding="utf-8" ?>
<Defs>

  <!-- ====================================================== -->


  <ThingDef ParentName="BaseAnimal">
    <defName>Megascarab</defName>
    <label>megascarab</label>
    <description>A large, genetically-engineered beetle. Once the worker caste of an artifical ecosystem of insectoids designed to fight mechanoid invasions, it is now usually seen without its deadlier insectoid cousins. Still, its size and hard shell make it dangerous when it attacks. A eusocial creature, it cannot reproduce individually.</description>
    <statBases>
      <MoveSpeed>3.7</MoveSpeed>
      <ArmorRating_Blunt>0.1</ArmorRating_Blunt>
      <ArmorRating_Sharp>0.4</ArmorRating_Sharp>
      <ComfyTemperatureMin>0</ComfyTemperatureMin>
      <MarketValue>100</MarketValue>
      <LeatherAmount>0</LeatherAmount>
    </statBases>
    <verbs>
      <li>
        <verbClass>Verb_MeleeAttack</verbClass>
        <defaultCooldownTicks>110</defaultCooldownTicks>
        <meleeDamageBaseAmount>7</meleeDamageBaseAmount>
        <meleeDamageDef>Bite</meleeDamageDef>
        <linkedBodyPartsGroup>Mouth</linkedBodyPartsGroup>
      </li>
    </verbs>
    <race>
      <body>BeetleLike</body>
      <baseBodySize>0.2</baseBodySize>
      <baseHungerRate>0.10</baseHungerRate>
      <baseHealthScale>0.4</baseHealthScale>
      <meatLabel>scarab meat</meatLabel>
      <foodType>OmnivoreRoughAnimal, AnimalProduct</foodType>
      <wildness>0.95</wildness>
      <manhunterOnTameFailChance>0.01</manhunterOnTameFailChance>
      <manhunterOnDamageChance>1</manhunterOnDamageChance>
      <nuzzlePower>0.4</nuzzlePower>
      <nuzzleChancePerHour>0</nuzzleChancePerHour>
      <lifeExpectancy>10</lifeExpectancy>
      <lifeStageAges>
        <li>
          <def>EusocialInsectLarva</def>
          <minAge>0</minAge>
        </li>
        <li>
          <def>EusocialInsectJuvenile</def>
          <minAge>0.03</minAge>
        </li>
        <li>
          <def>EusocialInsectAdult</def>
          <minAge>0.4</minAge>
          <soundWounded>Pawn_Megascarab_Wounded</soundWounded>
          <soundDeath>Pawn_Megascarab_Death</soundDeath>
          <soundCall>Pawn_Megascarab_Call</soundCall>
          <soundAngry>Pawn_Megascarab_Angry</soundAngry>
        </li>
      </lifeStageAges>
      <soundMeleeHitPawn>Pawn_Melee_SmallScratch_HitPawn</soundMeleeHitPawn>
      <soundMeleeHitBuilding>Pawn_Melee_SmallScratch_HitBuilding</soundMeleeHitBuilding>
      <soundMeleeMiss>Pawn_Melee_SmallScratch_Miss</soundMeleeMiss>
    </race>
    <tradeTags>
      <li>Insectoid</li>
    </tradeTags>
  </ThingDef>
  
  
  <ThingDef ParentName="BaseAnimal">
    <defName>Spelopede</defName>
    <label>spelopede</label>
    <description>A medium-sized bioengineered bug the size of a sheep. The spelopede is the middle caste of a hive, taking care of most work tasks as well as fighting with its claws.</description>
    <statBases>
      <MoveSpeed>2.5</MoveSpeed>
      <ComfyTemperatureMin>-25</ComfyTemperatureMin>
      <MarketValue>450</MarketValue>
      <LeatherAmount>0</LeatherAmount>
      <ArmorRating_Blunt>0.1</ArmorRating_Blunt>
      <ArmorRating_Sharp>0.1</ArmorRating_Sharp>
    </statBases>
    <verbs>
      <li>
        <verbClass>Verb_MeleeAttack</verbClass>
        <defaultCooldownTicks>115</defaultCooldownTicks>
        <meleeDamageBaseAmount>11</meleeDamageBaseAmount>
        <meleeDamageDef>Cut</meleeDamageDef>
        <linkedBodyPartsGroup>HeadClaw</linkedBodyPartsGroup>
      </li>
    </verbs>
    <race>
      <body>BeetleLikeWithClaw</body>
      <baseHungerRate>0.25</baseHungerRate>
      <baseBodySize>0.8</baseBodySize>
      <baseHealthScale>1.7</baseHealthScale>
      <foodType>OmnivoreAnimal, AnimalProduct</foodType>
      <gestationPeriodDays>10</gestationPeriodDays>
      <wildness>0.95</wildness>
      <manhunterOnTameFailChance>0.02</manhunterOnTameFailChance>
      <nuzzleChancePerHour>0</nuzzleChancePerHour>
      <lifeExpectancy>6</lifeExpectancy>
      <lifeStageAges>
        <li>
          <def>EusocialInsectLarva</def>
          <minAge>0</minAge>
        </li>
        <li>
          <def>EusocialInsectJuvenile</def>
          <minAge>0.03</minAge>
        </li>
        <li>
          <def>EusocialInsectAdult</def>
          <minAge>0.2</minAge>
          <soundWounded>Pawn_Spelopede_Pain</soundWounded>
          <soundDeath>Pawn_Spelopede_Death</soundDeath>
          <soundCall>Pawn_Spelopede_Call</soundCall>
          <soundAngry>Pawn_Spelopede_Angry</soundAngry>
        </li>
      </lifeStageAges>
      <soundMeleeHitPawn>Pawn_Melee_SmallScratch_HitPawn</soundMeleeHitPawn>
      <soundMeleeHitBuilding>Pawn_Melee_SmallScratch_HitBuilding</soundMeleeHitBuilding>
      <soundMeleeMiss>Pawn_Melee_SmallScratch_Miss</soundMeleeMiss>
    </race>
    <tradeTags>
      <li>Insectoid</li>
    </tradeTags>
  </ThingDef>

  <ThingDef ParentName="BaseAnimal">
    <defName>Megaspider</defName>
    <label>megaspider</label>
    <description>Not actually a spider, the megaspider is a genetically-engineered giant insectoid the size of a bear. Designed for heavy work and combat, its thick chitinous armor makes it hard to kill, while its long deadly ripper-blades make it deadly.</description>
    <statBases>
      <MoveSpeed>3.85</MoveSpeed>
      <ComfyTemperatureMin>-30</ComfyTemperatureMin>
      <MarketValue>700</MarketValue>
      <LeatherAmount>0</LeatherAmount>
      <ArmorRating_Blunt>0.1</ArmorRating_Blunt>
      <ArmorRating_Sharp>0.15</ArmorRating_Sharp>
    </statBases>
    <verbs>
      <li>
        <verbClass>Verb_MeleeAttack</verbClass>
        <defaultCooldownTicks>110</defaultCooldownTicks>
        <meleeDamageBaseAmount>14</meleeDamageBaseAmount>
        <meleeDamageDef>Cut</meleeDamageDef>
        <linkedBodyPartsGroup>HeadClaw</linkedBodyPartsGroup>
      </li>
    </verbs>
    <race>
      <body>BeetleLikeWithClaw</body>
      <baseHungerRate>0.35</baseHungerRate>
      <baseBodySize>1.2</baseBodySize>
      <baseHealthScale>2.5</baseHealthScale>
      <foodType>OmnivoreAnimal, AnimalProduct</foodType>
      <gestationPeriodDays>10</gestationPeriodDays>
      <wildness>0.95</wildness>
      <manhunterOnTameFailChance>0.03</manhunterOnTameFailChance>
      <nuzzleChancePerHour>0</nuzzleChancePerHour>
      <lifeExpectancy>6</lifeExpectancy>
      <lifeStageAges>
        <li>
          <def>EusocialInsectLarva</def>
          <minAge>0</minAge>
        </li>
        <li>
          <def>EusocialInsectJuvenile</def>
          <minAge>0.03</minAge>
        </li>
        <li>
          <def>EusocialInsectAdult</def>
          <minAge>0.2</minAge>
          <soundWounded>Pawn_BigInsect_Pain</soundWounded>
          <soundDeath>Pawn_BigInsect_Death</soundDeath>
          <soundCall>Pawn_BigInsect_Call</soundCall>
          <soundAngry>Pawn_BigInsect_Angry</soundAngry>
        </li>
      </lifeStageAges>
      <soundMeleeHitPawn>Pawn_Melee_BigBash_HitPawn</soundMeleeHitPawn>
      <soundMeleeHitBuilding>Pawn_Melee_BigBash_HitBuilding</soundMeleeHitBuilding>
      <soundMeleeMiss>Pawn_Melee_BigBash_Miss</soundMeleeMiss>
    </race>
    <tradeTags>
      <li>Insectoid</li>
    </tradeTags>
  </ThingDef>


</Defs>