<?xml version="1.0" encoding="utf-8"?>
<ModMetaData>
	<name>ED-ShieldsBasic</name>
	<targetVersion>0.14.1234</targetVersion>
	<author>Jaxxa</author>
	<url>https://ludeon.com/forums/index.php?topic=18995.0</url>
	<description>
This mod allows you to place shield generators. They are expensive and power hungry but can really strengthen your defences. The standard shields will stop projectiles that try to enter it, but allow weapons to be fired out.
This is the Basic version that functions the same as it did in Alpha 13. 
	</description>
</ModMetaData>