<?xml version="1.0" encoding="utf-8" ?>
<ThingDefs>

	<!-- ==================== Bases ========================== -->

	<ThingDef Name="BaseGun" Abstract="True">
		<category>Item</category>
		<eType>Equipment</eType>
		<thingClass>Equipment</thingClass>
		<label>Gun</label>
		<equipmentType>Primary</equipmentType>
		<isGun>True</isGun>
		<pathCost>10</pathCost>
		<useStandardHealth>True</useStandardHealth>
		<selectable>True</selectable>
		<maxHealth>100</maxHealth>
		<altitudeLayer>Item</altitudeLayer>
		<alwaysHaulable>True</alwaysHaulable>
		<tickerType>Never</tickerType>
		<techLevel>Midworld</techLevel>
		<storeCategories>
			<li>Weapons</li>
		</storeCategories>
		<comps>
			<li>
				<compClass>CompForbiddable</compClass>
			</li>
		</comps>
		<verb>
			<id>Nonnative</id>
			<verbClass>Verb_Shoot</verbClass>
			<cooldownTicks>15</cooldownTicks>
			<label>VerbGun</label>
			<description>Verb fires bullets.</description>
			<hasStandardCommand>true</hasStandardCommand>
			<targetParams>
				<canTargetPawns>true</canTargetPawns>
				<canTargetBuildings>true</canTargetBuildings>
				<worldObjectTargetsMustBeAutoAttackable>true</worldObjectTargetsMustBeAutoAttackable>
			</targetParams>
			<canMiss>true</canMiss>
		</verb>
	</ThingDef>

	<ThingDef Name="BaseBullet" Abstract="True">
		<category>Projectile</category>
		<tickerType>Normal</tickerType>
		<altitudeLayer>Projectile</altitudeLayer>
		<thingClass>Bullet</thingClass>
		<label>Bullet</label>
		<useStandardHealth>False</useStandardHealth>
		<neverMultiSelect>True</neverMultiSelect>
		<baseMaterialType>Transparent</baseMaterialType>
	</ThingDef>

<!-- ============================================== -->

	<ThingDef ParentName="BaseBullet">
		<defName>Bullet_EnergyTurret</defName>
		<label>Energy Turret Rounds</label>
		<texturePath>Things/Projectile/EnergyRound</texturePath>
		<projectile>
		    <damageDef>Bullet</damageDef>
			<damageAmountBase>16</damageAmountBase>
			<speed>50</speed>
		</projectile>
	</ThingDef>

	<ThingDef ParentName="BaseGun">
		<defName>Gun_EnergyTurret</defName>
		<label>Energy Turret</label>
		<description>Energy Weapon mounted on automoatic turret.</description>
		<texturePath>Things/Building/EnergyTurretGun</texturePath>
		<soundInteract>InteractRifle</soundInteract>
		<basePrice>500</basePrice>
		<verb>
			<projectileDef>Bullet_EnergyTurret</projectileDef>
			<warmupTicks>54</warmupTicks>
			<cooldownTicks>100</cooldownTicks>
			<minRange>1</minRange>
			<range>24</range>
			<accuracyTouch>1.00</accuracyTouch>
			<accuracyShort>0.95</accuracyShort>
			<accuracyMedium>0.85</accuracyMedium>
			<accuracyLong>0.80</accuracyLong>
			<ticksBetweenBurstShots>10</ticksBetweenBurstShots>
			<burstShotCount>12</burstShotCount>
			<fireSound>ShotChargeRifle</fireSound>
		</verb>
	</ThingDef>

<!-- ============================================== -->

</ThingDefs>