<?xml version="1.0" encoding="utf-8" ?>
<ThingDefs>


	<ThingDef Name="BuildingBase" Abstract="True">
		<category>Building</category>
		<soundBulletHit>BulletImpactMetal</soundBulletHit>
		<selectable>true</selectable>
		<drawerType>MapMeshAndRealTime</drawerType>
		<surfaceNeeded>Light</surfaceNeeded>
		<constructionEffect>ConstructMetal</constructionEffect>
		<repairEffect>Repair</repairEffect>
	</ThingDef>

	<!-- =================== Various ==================-->

	<ThingDef ParentName="BuildingBase">
		<defName>IncendiaryTurretGun</defName>
		<eType>Building_Turret</eType>
		<label>Incendiary Turret</label>
		<thingClass>Building_TurretGun</thingClass>
		<texturePath>Things/Building/IncendiaryTurretGun</texturePath>
		<altitudeLayer>Waist</altitudeLayer>
		<maxHealth>500</maxHealth>
		<tickerType>Normal</tickerType>
		<comps>
			<li>
				<compClass>CompExplosive</compClass>
				<explosiveRadius>2.4</explosiveRadius>
				<explosiveDamageType>Bomb</explosiveDamageType>
			</li>
			<li><compClass>CompForbiddable</compClass></li>
			<li>
				<compClass>CompPowerTrader</compClass>
				<basePowerConsumption>400</basePowerConsumption>
			</li>
		</comps>
		<description>An improved turret that automatically fires incendiary rounds at nearby enemies. Explodes when damaged. 500 health.</description>
		<flammability>0.5</flammability>
		<size>(2,2)</size>
		<passability>Impassable</passability>
		<castEdgeShadows>true</castEdgeShadows>
		<fillPercent>0.4</fillPercent>
		<costList>
			<li>
				<thingDef>Metal</thingDef>
				<count>300</count>
			</li>
		</costList>
		<researchPrerequisite><li>IncendiaryRounds</li></researchPrerequisite>
		<workToBuild>1500</workToBuild>
		<overdraw>true</overdraw>
		<combatTargetBuilding>true</combatTargetBuilding>
		<beauty>Ugly</beauty>
		<filthLeavings>
			<li>
				<thingDef>SlagRubble</thingDef>
				<count>2</count>
			</li>
		</filthLeavings>
		<leaveResourcesWhenKilled>true</leaveResourcesWhenKilled>
		<surfaceNeeded>Light</surfaceNeeded>
		<designationCategory>Security</designationCategory>
		<specialDisplayRadius>30</specialDisplayRadius>
		<building>
			<turretGunDef>Gun_IncendiaryTurret</turretGunDef>
			<turretTopTexturePath>Things/Building/IncendiaryTurretGun_Top</turretTopTexturePath>
		</building>
	</ThingDef>

	<!-- ============================================== -->

</ThingDefs>