﻿<?xml version="1.0" encoding="utf-8" ?>
<ThingDefs>

    <ThingDef Name="BuildingBase" Abstract="True">
            <category>Building</category>
            <soundBulletHit>BulletImpactMetal</soundBulletHit>
            <selectable>true</selectable>
            <drawerType>MapMeshAndRealTime</drawerType>
            <surfaceNeeded>Light</surfaceNeeded>
            <constructionEffect>ConstructMetal</constructionEffect>
            <repairEffect>Repair</repairEffect>
    </ThingDef>

	<ThingDef Class="TurretAmmo.TurretAmmoThingDef" ParentName="BuildingBase">
            <defName>Flak_Cannon</defName>
            <eType>Building_Turret</eType>
            <label>20mm Flak</label>
            <thingClass>TurretAmmo.Building_TurretGun_Ammo</thingClass>
            <texturePath>Things/Building/TurretGun_Flak</texturePath>
            <altitudeLayer>Waist</altitudeLayer>
            <maxHealth>650</maxHealth>
            <tickerType>Normal</tickerType>
<ammoType>Shells</ammoType>
<ammoAmountUsedToFire>5</ammoAmountUsedToFire>
<internalAmmoEnabled>false</internalAmmoEnabled>
<internalAmmoMAX>0</internalAmmoMAX>
<internalAmmoMultiplier>0</internalAmmoMultiplier>
<internalAmmoCurrent>0</internalAmmoCurrent>
        <comps>
            <li>
            <compClass>CompExplosive</compClass>
            <explosiveRadius>3.9</explosiveRadius>
            <explosiveDamageType>Bomb</explosiveDamageType>
            </li>
            <li>
			<compClass>CompForbiddable</compClass>
			</li>
            <li>
            <compClass>CompPowerTrader</compClass>
            <basePowerConsumption>500</basePowerConsumption>
            </li>
        </comps>
		    <description>20mm Flak artillery, burst firing, multiple explosions.</description>
            <flammability>1.0</flammability>
            <size>(2,2)</size>
            <passability>Impassable</passability>
            <castEdgeShadows>true</castEdgeShadows>
            <fillPercent>0.4</fillPercent>
        <costList>
            <li>
            <thingDef>Metal</thingDef>
            <count>650</count>
            </li>
	        <li>
            <thingDef>Shells</thingDef>
            <count>35</count>
            </li>
        </costList>
	        <workToBuild>1000</workToBuild>
            <overdraw>true</overdraw>
            <combatTargetBuilding>true</combatTargetBuilding>
            <beauty>Ugly</beauty>
        <filthLeavings>
        <li>
            <thingDef>SlagRubble</thingDef>
            <count>1</count>
        </li>
        </filthLeavings>
            <leaveResourcesWhenKilled>true</leaveResourcesWhenKilled>
            <surfaceNeeded>Light</surfaceNeeded>
            <designationCategory>Security</designationCategory>
			<specialDisplayRadius>56</specialDisplayRadius>
        <building>
			<wantsHopperAdjacent>true</wantsHopperAdjacent>
            <turretGunDef>Flak_CannonTurret</turretGunDef>
            <turretTopTexturePath>Things/Building/TurretGun_Top_Flak</turretTopTexturePath>
        </building>
	    <designationHotKey>Y</designationHotKey>
	    <researchPrerequisite>
		    <li>Ballistics</li>
		</researchPrerequisite>
    </ThingDef>
  
</ThingDefs>