﻿<?xml version="1.0" encoding="utf-8" ?>
<ThingDefs>

    <ThingDef Name="BaseGun" Abstract="True">
    <category>Item</category>
    <eType>Equipment</eType>
    <thingClass>Equipment</thingClass>
    <label>Gun</label>
    <equipmentType>Primary</equipmentType>
    <isGun>True</isGun>
    <pathCost>10</pathCost>
    <useStandardHealth>True</useStandardHealth>
    <selectable>True</selectable>
    <maxHealth>100</maxHealth>
    <altitudeLayer>Item</altitudeLayer>
    <alwaysHaulable>True</alwaysHaulable>
    <tickerType>Never</tickerType>
    <techLevel>Midworld</techLevel>
    <storeCategories>
      <li>Weapons</li>
    </storeCategories>
    <weaponTags>
      <li>Gun</li>
    </weaponTags>
    <comps>
      <li>
        <compClass>CompForbiddable</compClass>
      </li>
    </comps>
    <verb>
      <category>Nonnative</category>
      <verbClass>Verb_Shoot</verbClass>
      <cooldownTicks>40</cooldownTicks>
      <label>VerbGun</label>
      <description>Fire a bullet.</description>
      <hasStandardCommand>true</hasStandardCommand>
      <targetParams>
        <canTargetPawns>true</canTargetPawns>
        <canTargetBuildings>true</canTargetBuildings>
        <worldObjectTargetsMustBeAutoAttackable>true</worldObjectTargetsMustBeAutoAttackable>
      </targetParams>
      <canMiss>true</canMiss>
    </verb>
  </ThingDef>

  <ThingDef Name="BaseBullet" Abstract="True">
    <category>Projectile</category>
    <tickerType>Normal</tickerType>
    <altitudeLayer>Projectile</altitudeLayer>
    <thingClass>Bullet</thingClass>
    <label>Bullet</label>
    <useStandardHealth>False</useStandardHealth>
    <neverMultiSelect>True</neverMultiSelect>
    <baseMaterialType>Transparent</baseMaterialType>
  </ThingDef>

    <ThingDef ParentName="BaseBullet">
		    <defName>Flak_CannonShell</defName>
		    <label>Cannon Shell</label>
		    <texturePath>Things/Projectile/Flak_Shell</texturePath>
			<baseMaterialType>MotePostLight</baseMaterialType>
			<thingClass>Projectile_Explosive</thingClass>
	    <projectile>
            <damageDef>Bomb</damageDef>
		    <damageAmountBase>15</damageAmountBase>
		    <explosionRadius>1.5</explosionRadius>
		    <speed>90</speed>
			<flyOverhead>true</flyOverhead>
			<soundExplode>Explosion</soundExplode>
	    </projectile>
    </ThingDef>

	<ThingDef ParentName="BaseGun">
		    <defName>Flak_CannonTurret</defName>
		    <label>Flak Cannon</label>
		    <description>Flak Cannon</description>
		    <texturePath>Things/Building/TurretGun_Flak</texturePath>
		    <soundInteract>InteractRifle</soundInteract>
		    <canBeSpawningInventory>false</canBeSpawningInventory>
			<destroyOnDrop>True</destroyOnDrop>
			<menuHidden>true</menuHidden>
		<weaponTags>
		    <li>TurretGun</li>
	    </weaponTags>
		<verb>
			<projectileDef>Flak_CannonShell</projectileDef>
			<forcedMissRadius>1</forcedMissRadius>
			<ai_IsIncendiary>true</ai_IsIncendiary>
			<warmupTicks>121</warmupTicks>
			<cooldownTicks>727</cooldownTicks>
			<minRange>8</minRange>
			<range>180</range>
			<accuracyTouch>0.33</accuracyTouch>
			<accuracyShort>0.32</accuracyShort>
			<accuracyMedium>0.26</accuracyMedium>
			<accuracyLong>0.20</accuracyLong>
			<burstShotCount>4</burstShotCount>
			<fireSound>Flak</fireSound>
		</verb>
	</ThingDef>
	
</ThingDefs>